Timestamp,Framerate,Active_Entities,Memory_MB,Active_Quadtree_Nodes
1772209844.597,0.79,1,0.707,0
1772209844.636,25.64,1,0.707,0
1772209844.656,50.00,1,0.707,0
1772209844.679,45.45,1,0.707,0
1772209844.702,43.48,1,0.707,0
1772209844.721,52.63,1,0.707,0
1772209844.739,55.56,1,0.707,0
1772209844.759,50.00,1,0.707,0
1772209844.778,52.63,1,0.707,0
1772209844.798,50.00,1,0.707,0
1772209844.816,55.56,1,0.707,0
1772209844.835,50.00,1,0.707,0
1772209844.854,55.56,1,0.707,0
1772209844.871,55.56,1,0.707,0
1772209844.889,55.56,1,0.707,0
1772209844.911,47.62,1,0.707,0
1772209844.928,55.56,1,0.707,0
1772209844.946,55.56,1,0.707,0
1772209844.964,58.82,1,0.707,0
1772209844.981,58.82,1,0.707,0
1772209844.998,58.82,1,0.707,0
1772209845.016,55.56,1,0.707,0
1772209845.033,58.82,1,0.707,0
1772209845.051,55.56,1,0.707,0
1772209845.068,58.82,1,0.707,0
1772209845.086,55.56,1,0.707,0
1772209845.104,55.56,1,0.707,0
1772209845.120,58.82,1,0.707,0
1772209845.137,58.82,1,0.707,0
1772209845.154,62.50,1,0.707,0
1772209845.171,58.82,1,0.707,0
1772209845.188,58.82,1,0.707,0
1772209845.206,55.56,1,0.707,0
1772209845.223,58.82,1,0.707,0
1772209845.244,47.62,1,0.707,0
1772209845.263,52.63,1,0.707,0
1772209845.280,58.82,1,0.707,0
1772209845.297,58.82,1,0.707,0
1772209845.314,58.82,1,0.707,0
1772209845.331,55.56,1,0.707,0
1772209845.348,58.82,1,0.707,0
1772209845.366,58.82,1,0.707,0
1772209845.383,58.82,1,0.707,0
1772209845.400,58.82,1,0.707,0
1772209845.417,58.82,1,0.707,0
1772209845.434,58.82,1,0.707,0
1772209845.451,58.82,1,0.707,0
1772209845.468,58.82,1,0.707,0
1772209845.485,58.82,1,0.707,0
1772209845.502,58.82,1,0.707,0
1772209845.519,58.82,1,0.707,0
1772209845.536,58.82,1,0.707,0
1772209845.553,58.82,1,0.707,0
1772209845.569,62.50,1,0.707,0
1772209845.586,58.82,1,0.707,0
1772209845.602,58.82,1,0.707,0
1772209845.621,55.56,1,0.707,0
1772209845.637,58.82,1,0.707,0
1772209845.654,62.50,1,0.707,0
1772209845.671,58.82,1,0.707,0
1772209845.688,58.82,1,0.707,0
1772209845.705,58.82,1,0.707,0
1772209845.723,55.56,1,0.707,0
1772209845.740,58.82,1,0.707,0
1772209845.760,50.00,1,0.707,0
1772209845.778,55.56,1,0.707,0
1772209845.795,58.82,1,0.707,0
1772209845.812,58.82,1,0.707,0
1772209845.829,55.56,1,0.707,0
1772209845.846,58.82,1,0.707,0
1772209845.864,58.82,1,0.707,0
1772209845.880,62.50,1,0.707,0
1772209845.898,55.56,1,0.707,0
1772209845.914,62.50,1,0.707,0
1772209845.931,58.82,1,0.707,0
1772209845.948,58.82,1,0.707,0
1772209845.964,58.82,1,0.707,0
1772209845.981,62.50,1,0.707,0
1772209845.998,58.82,1,0.707,0
1772209846.015,58.82,1,0.707,0
1772209846.032,58.82,1,0.707,0
1772209846.049,58.82,1,0.707,0
1772209846.066,58.82,1,0.707,0
1772209846.083,58.82,1,0.707,0
1772209846.100,55.56,1,0.707,0
1772209846.118,58.82,1,0.707,0
1772209846.135,58.82,1,0.707,0
1772209846.153,55.56,1,0.707,0
1772209846.170,58.82,1,0.707,0
1772209846.187,58.82,1,0.707,0
1772209846.204,58.82,1,0.707,0
1772209846.220,58.82,1,0.707,0
1772209846.238,58.82,1,0.707,0
1772209846.255,58.82,1,0.707,0
1772209846.272,58.82,1,0.707,0
1772209846.294,45.45,1,0.707,0
1772209846.312,52.63,1,0.707,0
1772209846.331,55.56,1,0.707,0
1772209846.349,55.56,1,0.707,0
1772209846.366,58.82,1,0.707,0
1772209846.383,58.82,1,0.707,0
1772209846.400,58.82,1,0.707,0
1772209846.417,58.82,1,0.707,0
1772209846.434,58.82,1,0.707,0
1772209846.452,55.56,1,0.707,0
1772209846.469,55.56,1,0.707,0
1772209846.487,58.82,1,0.707,0
1772209846.505,55.56,1,0.707,0
1772209846.523,55.56,1,0.707,0
1772209846.542,50.00,1,0.707,0
1772209846.561,55.56,1,0.707,0
1772209846.579,55.56,1,0.707,0
1772209846.597,55.56,1,0.707,0
1772209846.615,55.56,1,0.707,0
1772209846.632,58.82,1,0.707,0
1772209846.649,55.56,1,0.707,0
1772209846.667,58.82,1,0.707,0
1772209846.685,55.56,1,0.707,0
1772209846.703,55.56,1,0.707,0
1772209846.721,55.56,1,0.707,0
1772209846.739,55.56,1,0.707,0
1772209846.756,58.82,1,0.707,0
1772209846.777,47.62,1,0.707,0
1772209846.795,55.56,1,0.707,0
1772209846.812,58.82,1,0.707,0
1772209846.830,55.56,1,0.707,0
1772209846.848,55.56,1,0.707,0
1772209846.865,58.82,1,0.707,0
1772209846.882,58.82,1,0.707,0
1772209846.900,55.56,1,0.707,0
1772209846.918,55.56,1,0.707,0
1772209846.936,55.56,1,0.707,0
1772209846.953,58.82,1,0.707,0
1772209846.970,58.82,1,0.707,0
1772209846.987,58.82,1,0.707,0
1772209847.004,58.82,1,0.707,0
1772209847.021,55.56,1,0.707,0
1772209847.040,55.56,1,0.707,0
1772209847.060,47.62,1,0.707,0
1772209847.077,58.82,1,0.707,0
1772209847.095,58.82,1,0.707,0
1772209847.113,55.56,1,0.707,0
1772209847.130,58.82,1,0.707,0
1772209847.147,58.82,1,0.707,0
1772209847.164,58.82,1,0.707,0
1772209847.181,58.82,1,0.707,0
1772209847.198,58.82,1,0.707,0
1772209847.215,58.82,1,0.707,0
1772209847.232,58.82,1,0.707,0
1772209847.249,58.82,1,0.707,0
1772209847.266,58.82,1,0.707,0
1772209847.283,58.82,1,0.707,0
1772209847.301,55.56,1,0.707,0
1772209847.318,58.82,1,0.707,0
1772209847.335,55.56,1,0.707,0
1772209847.352,62.50,1,0.707,0
1772209847.370,55.56,1,0.707,0
1772209847.387,55.56,1,0.707,0
1772209847.404,62.50,1,0.707,0
1772209847.422,55.56,1,0.707,0
1772209847.440,55.56,1,0.707,0
1772209847.460,47.62,1,0.707,0
1772209847.477,62.50,1,0.707,0
1772209847.495,55.56,1,0.707,0
1772209847.512,58.82,1,0.707,0
1772209847.529,58.82,1,0.707,0
1772209847.546,58.82,1,0.707,0
1772209847.563,58.82,1,0.707,0
1772209847.580,58.82,1,0.707,0
1772209847.597,58.82,1,0.707,0
1772209847.614,58.82,1,0.707,0
1772209847.631,58.82,1,0.707,0
1772209847.647,58.82,1,0.707,0
1772209847.664,62.50,1,0.707,0
1772209847.681,58.82,1,0.707,0
1772209847.698,55.56,1,0.707,0
1772209847.715,58.82,1,0.707,0
1772209847.732,58.82,1,0.707,0
1772209847.749,58.82,1,0.707,0
1772209847.767,58.82,1,0.707,0
1772209847.784,58.82,1,0.707,0
1772209847.801,55.56,1,0.707,0
1772209847.819,58.82,1,0.707,0
1772209847.836,58.82,1,0.707,0
1772209847.854,55.56,1,0.707,0
1772209847.870,58.82,1,0.707,0
1772209847.887,58.82,1,0.707,0
1772209847.905,58.82,1,0.707,0
1772209847.923,55.56,1,0.707,0
1772209847.944,47.62,1,0.707,0
1772209847.961,55.56,1,0.707,0
1772209847.979,58.82,1,0.707,0
1772209847.997,55.56,1,0.707,0
1772209848.014,58.82,1,0.707,0
1772209848.032,55.56,1,0.707,0
1772209848.050,55.56,1,0.707,0
1772209848.067,58.82,1,0.707,0
1772209848.084,55.56,1,0.707,0
1772209848.102,58.82,1,0.707,0
1772209848.120,55.56,1,0.707,0
1772209848.136,62.50,1,0.707,0
1772209848.153,58.82,1,0.707,0
1772209848.170,58.82,1,0.707,0
1772209848.187,58.82,1,0.707,0
1772209848.204,58.82,1,0.707,0
1772209848.222,55.56,1,0.707,0
1772209848.240,55.56,1,0.707,0
1772209848.261,47.62,1,0.707,0
1772209848.279,55.56,1,0.707,0
1772209848.297,55.56,1,0.707,0
1772209848.315,55.56,1,0.707,0
1772209848.332,58.82,1,0.707,0
1772209848.349,55.56,1,0.707,0
1772209848.367,58.82,1,0.707,0
1772209848.385,55.56,1,0.707,0
1772209848.402,58.82,1,0.707,0
1772209848.419,58.82,1,0.707,0
1772209848.435,58.82,1,0.707,0
1772209848.453,58.82,1,0.707,0
1772209848.469,58.82,1,0.707,0
1772209848.486,62.50,1,0.707,0
1772209848.503,58.82,1,0.707,0
1772209848.521,55.56,1,0.707,0
1772209848.538,58.82,1,0.707,0
1772209848.555,58.82,1,0.707,0
1772209848.572,55.56,1,0.707,0
1772209848.590,58.82,1,0.707,0
1772209848.606,58.82,1,0.707,0
1772209848.628,47.62,1,0.707,0
1772209848.645,58.82,1,0.707,0
1772209848.662,58.82,1,0.707,0
1772209848.680,55.56,1,0.707,0
1772209848.698,55.56,1,0.707,0
1772209848.715,58.82,1,0.707,0
1772209848.732,58.82,1,0.707,0
1772209848.749,55.56,1,0.707,0
1772209848.766,58.82,1,0.707,0
1772209848.784,58.82,1,0.707,0
1772209848.801,58.82,1,0.707,0
1772209848.818,58.82,1,0.707,0
1772209848.835,55.56,1,0.707,0
1772209848.853,58.82,1,0.707,0
1772209848.870,58.82,1,0.707,0
1772209848.887,58.82,1,0.707,0
1772209848.904,55.56,1,0.707,0
1772209848.922,58.82,1,0.707,0
1772209848.939,58.82,1,0.707,0
1772209848.956,58.82,1,0.707,0
1772209848.972,58.82,1,0.707,0
1772209848.989,62.50,1,0.707,0
1772209849.006,58.82,1,0.707,0
1772209849.027,45.45,1,0.707,0
1772209849.044,58.82,1,0.707,0
1772209849.061,62.50,1,0.707,0
1772209849.078,55.56,1,0.707,0
1772209849.095,58.82,1,0.707,0
1772209849.113,58.82,1,0.707,0
1772209849.130,58.82,1,0.707,0
1772209849.147,55.56,1,0.707,0
1772209849.165,55.56,1,0.707,0
1772209849.183,58.82,1,0.707,0
1772209849.201,55.56,1,0.707,0
1772209849.218,58.82,1,0.707,0
1772209849.236,55.56,1,0.707,0
1772209849.252,62.50,1,0.707,0
1772209849.269,55.56,1,0.707,0
1772209849.287,58.82,1,0.707,0
1772209849.304,58.82,1,0.707,0
1772209849.321,58.82,1,0.707,0
1772209849.338,58.82,1,0.707,0
1772209849.355,55.56,1,0.707,0
1772209849.373,58.82,1,0.707,0
1772209849.389,58.82,1,0.707,0
1772209849.409,52.63,1,0.707,0
1772209849.426,55.56,1,0.707,0
1772209849.444,58.82,1,0.707,0
1772209849.461,58.82,1,0.707,0
1772209849.478,58.82,1,0.707,0
1772209849.495,55.56,1,0.707,0
1772209849.513,58.82,1,0.707,0
1772209849.530,58.82,1,0.707,0
1772209849.546,58.82,1,0.707,0
1772209849.563,62.50,1,0.707,0
1772209849.580,58.82,1,0.707,0
1772209849.597,58.82,1,0.707,0
1772209849.613,58.82,1,0.707,0
1772209849.631,58.82,1,0.707,0
1772209849.649,55.56,1,0.707,0
1772209849.666,58.82,1,0.707,0
1772209849.684,55.56,1,0.707,0
1772209849.701,55.56,1,0.707,0
1772209849.718,58.82,1,0.707,0
1772209849.736,58.82,1,0.707,0
1772209849.753,58.82,1,0.707,0
1772209849.770,58.82,1,0.707,0
1772209849.788,55.56,1,0.707,0
1772209849.805,58.82,1,0.707,0
1772209849.822,58.82,1,0.707,0
1772209849.839,58.82,1,0.707,0
1772209849.860,45.45,1,0.707,0
1772209849.878,58.82,1,0.707,0
1772209849.895,58.82,1,0.707,0
1772209849.912,58.82,1,0.707,0
1772209849.929,58.82,1,0.707,0
1772209849.946,58.82,1,0.707,0
1772209849.963,55.56,1,0.707,0
1772209849.981,58.82,1,0.707,0
1772209849.998,58.82,1,0.707,0
1772209850.015,58.82,1,0.707,0
1772209850.032,58.82,1,0.707,0
1772209850.049,55.56,1,0.707,0
1772209850.066,62.50,1,0.707,0
1772209850.084,55.56,1,0.707,0
1772209850.101,58.82,1,0.707,0
1772209850.117,58.82,1,0.707,0
1772209850.135,58.82,1,0.707,0
1772209850.152,58.82,1,0.707,0
1772209850.169,55.56,1,0.707,0
1772209850.187,58.82,1,0.707,0
1772209850.205,55.56,1,0.707,0
1772209850.222,58.82,1,0.707,0
1772209850.240,55.56,1,0.707,0
1772209850.259,52.63,1,0.707,0
1772209850.277,55.56,1,0.707,0
1772209850.295,55.56,1,0.707,0
1772209850.313,55.56,1,0.707,0
1772209850.331,55.56,1,0.707,0
1772209850.348,58.82,1,0.707,0
1772209850.365,58.82,1,0.707,0
1772209850.382,58.82,1,0.707,0
1772209850.400,55.56,1,0.707,0
1772209850.417,58.82,1,0.707,0
1772209850.434,58.82,1,0.707,0
1772209850.451,58.82,1,0.707,0
1772209850.467,58.82,1,0.707,0
1772209850.484,58.82,1,0.707,0
1772209850.502,58.82,1,0.707,0
1772209850.519,58.82,1,0.707,0
1772209850.536,58.82,1,0.707,0
1772209850.553,58.82,1,0.707,0
1772209850.569,58.82,1,0.707,0
1772209850.586,62.50,1,0.707,0
1772209850.603,58.82,1,0.707,0
1772209850.620,58.82,1,0.707,0
1772209850.637,58.82,1,0.707,0
1772209850.653,58.82,1,0.707,0
1772209850.670,58.82,1,0.707,0
1772209850.687,58.82,1,0.707,0
1772209850.704,62.50,1,0.707,0
1772209850.720,58.82,1,0.707,0
1772209850.737,58.82,1,0.707,0
1772209850.754,62.50,1,0.707,0
1772209850.771,58.82,1,0.707,0
1772209850.788,58.82,1,0.707,0
1772209850.805,58.82,1,0.707,0
1772209850.822,55.56,1,0.707,0
1772209850.840,58.82,1,0.707,0
1772209850.860,47.62,1,0.707,0
1772209850.877,62.50,1,0.707,0
1772209850.894,55.56,1,0.707,0
1772209850.912,58.82,1,0.707,0
1772209850.929,58.82,1,0.707,0
1772209850.946,55.56,1,0.707,0
1772209850.963,62.50,1,0.707,0
1772209850.980,58.82,1,0.707,0
1772209850.998,55.56,1,0.707,0
1772209851.015,55.56,1,0.707,0
1772209851.033,58.82,1,0.707,0
1772209851.051,55.56,1,0.707,0
1772209851.067,58.82,1,0.707,0
1772209851.084,62.50,1,0.707,0
1772209851.101,58.82,1,0.707,0
1772209851.118,58.82,1,0.707,0
1772209851.135,58.82,1,0.707,0
1772209851.152,55.56,1,0.707,0
1772209851.170,58.82,1,0.707,0
1772209851.187,58.82,1,0.707,0
1772209851.204,58.82,1,0.707,0
1772209851.221,58.82,1,0.707,0
1772209851.238,58.82,1,0.707,0
1772209851.255,58.82,1,0.707,0
1772209851.272,58.82,1,0.707,0
1772209851.300,35.71,1,0.707,0
1772209851.318,55.56,1,0.707,0
1772209851.336,55.56,1,0.707,0
1772209851.353,58.82,1,0.707,0
1772209851.370,55.56,1,0.707,0
1772209851.388,58.82,1,0.707,0
1772209851.406,55.56,1,0.707,0
1772209851.427,45.45,1,0.707,0
1772209851.444,62.50,1,0.707,0
1772209851.461,55.56,1,0.707,0
1772209851.478,58.82,1,0.707,0
1772209851.495,62.50,1,0.707,0
1772209851.512,58.82,1,0.707,0
1772209851.529,58.82,1,0.707,0
1772209851.546,58.82,1,0.707,0
1772209851.563,58.82,1,0.707,0
1772209851.580,58.82,1,0.707,0
1772209851.596,58.82,1,0.707,0
1772209851.614,58.82,1,0.707,0
1772209851.631,58.82,1,0.707,0
1772209851.648,58.82,1,0.707,0
1772209851.665,58.82,1,0.707,0
1772209851.682,58.82,1,0.707,0
1772209851.699,55.56,1,0.707,0
1772209851.716,58.82,1,0.707,0
1772209851.733,58.82,1,0.707,0
1772209851.751,58.82,1,0.707,0
1772209851.768,58.82,1,0.707,0
1772209851.785,58.82,1,0.707,0
1772209851.802,58.82,1,0.707,0
1772209851.819,58.82,1,0.707,0
1772209851.836,58.82,1,0.707,0
1772209851.854,55.56,1,0.707,0
1772209851.872,55.56,1,0.707,0
1772209851.889,58.82,1,0.707,0
1772209851.912,43.48,1,0.707,0
1772209851.929,55.56,1,0.707,0
1772209851.947,58.82,1,0.707,0
1772209851.964,58.82,1,0.707,0
1772209851.981,55.56,1,0.707,0
1772209851.998,62.50,1,0.707,0
1772209852.015,55.56,1,0.707,0
1772209852.033,58.82,1,0.707,0
1772209852.050,58.82,1,0.707,0
1772209852.068,55.56,1,0.707,0
1772209852.085,58.82,1,0.707,0
1772209852.101,58.82,1,0.707,0
1772209852.118,62.50,1,0.707,0
1772209852.135,55.56,1,0.707,0
1772209852.152,62.50,1,0.707,0
1772209852.169,55.56,1,0.707,0
1772209852.186,62.50,1,0.707,0
1772209852.203,58.82,1,0.707,0
1772209852.220,58.82,1,0.707,0
1772209852.237,58.82,1,0.707,0
1772209852.254,58.82,1,0.707,0
1772209852.271,58.82,1,0.707,0
1772209852.288,55.56,1,0.707,0
1772209852.305,58.82,1,0.707,0
1772209852.323,58.82,1,0.707,0
1772209852.340,58.82,1,0.707,0
1772209852.359,50.00,1,0.707,0
1772209852.377,58.82,1,0.707,0
1772209852.394,58.82,1,0.707,0
1772209852.410,62.50,1,0.707,0
1772209852.427,55.56,1,0.707,0
1772209852.444,58.82,1,0.707,0
1772209852.462,58.82,1,0.707,0
1772209852.479,58.82,1,0.707,0
1772209852.495,62.50,1,0.707,0
1772209852.512,58.82,1,0.707,0
1772209852.530,55.56,1,0.707,0
1772209852.546,62.50,1,0.707,0
1772209852.563,58.82,1,0.707,0
1772209852.579,58.82,1,0.707,0
1772209852.596,58.82,1,0.707,0
1772209852.614,58.82,1,0.707,0
1772209852.631,58.82,1,0.707,0
1772209852.647,62.50,1,0.707,0
1772209852.664,58.82,1,0.707,0
1772209852.680,62.50,1,0.707,0
1772209852.697,58.82,1,0.707,0
1772209852.714,58.82,1,0.707,0
1772209852.731,55.56,1,0.707,0
1772209852.748,58.82,1,0.707,0
1772209852.765,62.50,1,0.707,0
1772209852.782,55.56,1,0.707,0
1772209852.800,58.82,1,0.707,0
1772209852.816,62.50,1,0.707,0
1772209852.833,58.82,1,0.707,0
1772209852.850,58.82,1,0.707,0
1772209852.867,58.82,1,0.707,0
1772209852.884,58.82,1,0.707,0
1772209852.901,58.82,1,0.707,0
1772209852.918,58.82,1,0.707,0
1772209852.936,55.56,1,0.707,0
1772209852.952,58.82,1,0.707,0
1772209852.969,58.82,1,0.707,0
1772209852.986,58.82,1,0.707,0
1772209853.003,62.50,1,0.707,0
1772209853.020,55.56,1,0.707,0
1772209853.037,62.50,1,0.707,0
1772209853.054,58.82,1,0.707,0
1772209853.071,58.82,1,0.707,0
1772209853.088,58.82,1,0.707,0
1772209853.105,55.56,1,0.707,0
1772209853.123,58.82,1,0.707,0
1772209853.144,47.62,1,0.707,0
1772209853.162,55.56,1,0.707,0
1772209853.179,58.82,1,0.707,0
1772209853.197,55.56,1,0.707,0
1772209853.214,58.82,1,0.707,0
1772209853.231,58.82,1,0.707,0
1772209853.248,55.56,1,0.707,0
1772209853.266,58.82,1,0.707,0
1772209853.284,55.56,1,0.707,0
1772209853.301,58.82,1,0.707,0
1772209853.318,58.82,1,0.707,0
1772209853.335,55.56,1,0.707,0
1772209853.352,58.82,1,0.707,0
1772209853.369,62.50,1,0.707,0
1772209853.386,58.82,1,0.707,0
1772209853.403,58.82,1,0.707,0
1772209853.420,58.82,1,0.707,0
1772209853.437,58.82,1,0.707,0
1772209853.454,58.82,1,0.707,0
1772209853.471,58.82,1,0.707,0
1772209853.488,58.82,1,0.707,0
1772209853.505,58.82,1,0.707,0
1772209853.522,58.82,1,0.707,0
1772209853.540,55.56,1,0.707,0
1772209853.560,47.62,1,0.707,0
1772209853.578,55.56,1,0.707,0
1772209853.596,58.82,1,0.707,0
1772209853.614,55.56,1,0.707,0
1772209853.631,58.82,1,0.707,0
1772209853.649,55.56,1,0.707,0
1772209853.666,58.82,1,0.707,0
1772209853.683,58.82,1,0.707,0
1772209853.700,58.82,1,0.707,0
1772209853.717,58.82,1,0.707,0
1772209853.735,55.56,1,0.707,0
1772209853.752,58.82,1,0.707,0
1772209853.769,58.82,1,0.707,0
1772209853.785,58.82,1,0.707,0
1772209853.803,58.82,1,0.707,0
1772209853.820,58.82,1,0.707,0
1772209853.837,58.82,1,0.707,0
1772209853.855,55.56,1,0.707,0
1772209853.872,58.82,1,0.707,0
1772209853.889,58.82,1,0.707,0
1772209853.906,58.82,1,0.707,0
1772209853.923,58.82,1,0.707,0
1772209853.944,47.62,1,0.707,0
1772209853.961,58.82,1,0.707,0
1772209853.979,55.56,1,0.707,0
1772209853.996,58.82,1,0.707,0
1772209854.014,55.56,1,0.707,0
1772209854.032,55.56,1,0.707,0
1772209854.049,55.56,1,0.707,0
1772209854.067,58.82,1,0.707,0
1772209854.085,55.56,1,0.707,0
1772209854.102,58.82,1,0.707,0
1772209854.119,55.56,1,0.707,0
1772209854.137,58.82,1,0.707,0
1772209854.154,58.82,1,0.707,0
1772209854.170,58.82,1,0.707,0
1772209854.187,62.50,1,0.707,0
1772209854.204,58.82,1,0.707,0
1772209854.221,58.82,1,0.707,0
1772209854.238,58.82,1,0.707,0
1772209854.255,58.82,1,0.707,0
1772209854.272,58.82,1,0.707,0
1772209854.289,58.82,1,0.707,0
1772209854.306,58.82,1,0.707,0
1772209854.322,58.82,1,0.707,0
1772209854.339,62.50,1,0.707,0
1772209854.356,58.82,1,0.707,0
1772209854.373,58.82,1,0.707,0
1772209854.394,45.45,1,0.707,0
1772209854.412,58.82,1,0.707,0
1772209854.428,62.50,1,0.707,0
1772209854.446,55.56,1,0.707,0
1772209854.463,58.82,1,0.707,0
1772209854.479,58.82,1,0.707,0
1772209854.497,58.82,1,0.707,0
1772209854.515,55.56,1,0.707,0
1772209854.532,58.82,1,0.707,0
1772209854.550,55.56,1,0.707,0
1772209854.567,58.82,1,0.707,0
1772209854.585,55.56,1,0.707,0
1772209854.602,58.82,1,0.707,0
1772209854.620,55.56,1,0.707,0
1772209854.637,58.82,1,0.707,0
1772209854.654,58.82,1,0.707,0
1772209854.671,58.82,1,0.707,0
1772209854.687,58.82,1,0.707,0
1772209854.705,58.82,1,0.707,0
1772209854.722,58.82,1,0.707,0
1772209854.739,58.82,1,0.707,0
1772209854.760,45.45,1,0.707,0
1772209854.778,58.82,1,0.707,0
1772209854.801,43.48,1,0.707,0
1772209854.820,52.63,1,0.707,0
1772209854.838,52.63,1,0.707,0
1772209854.856,58.82,1,0.707,0
1772209854.873,58.82,1,0.707,0
1772209854.894,47.62,1,0.707,0
1772209854.911,58.82,1,0.707,0
1772209854.927,58.82,1,0.707,0
1772209854.944,58.82,1,0.707,0
1772209854.962,58.82,1,0.707,0
1772209854.979,55.56,1,0.707,0
1772209854.997,58.82,1,0.707,0
1772209855.015,55.56,1,0.707,0
1772209855.033,55.56,1,0.707,0
1772209855.051,52.63,1,0.707,0
1772209855.069,58.82,1,0.707,0
1772209855.087,55.56,1,0.707,0
1772209855.103,58.82,1,0.707,0
1772209855.120,58.82,1,0.707,0
1772209855.138,58.82,1,0.707,0
1772209855.155,58.82,1,0.707,0
1772209855.172,58.82,1,0.707,0
1772209855.189,58.82,1,0.707,0
1772209855.207,55.56,1,0.707,0
1772209855.227,50.00,1,0.707,0
1772209855.244,58.82,1,0.707,0
1772209855.261,58.82,1,0.707,0
1772209855.278,58.82,1,0.707,0
1772209855.295,58.82,1,0.707,0
1772209855.313,55.56,1,0.707,0
1772209855.330,58.82,1,0.707,0
1772209855.347,58.82,1,0.707,0
1772209855.364,58.82,1,0.707,0
1772209855.381,58.82,1,0.707,0
1772209855.398,58.82,1,0.707,0
1772209855.416,52.63,1,0.707,0
1772209855.434,58.82,1,0.707,0
1772209855.451,58.82,1,0.707,0
1772209855.468,58.82,1,0.707,0
1772209855.485,55.56,1,0.707,0
1772209855.503,58.82,1,0.707,0
1772209855.520,58.82,1,0.707,0
1772209855.537,58.82,1,0.707,0
1772209855.554,58.82,1,0.707,0
1772209855.572,55.56,1,0.707,0
1772209855.589,55.56,1,0.707,0
1772209855.610,50.00,1,0.707,0
1772209855.627,58.82,1,0.707,0
1772209855.644,55.56,1,0.707,0
1772209855.662,58.82,1,0.707,0
1772209855.679,58.82,1,0.707,0
1772209855.696,58.82,1,0.707,0
1772209855.713,58.82,1,0.707,0
1772209855.731,55.56,1,0.707,0
1772209855.748,58.82,1,0.707,0
1772209855.765,58.82,1,0.707,0
1772209855.782,58.82,1,0.707,0
1772209855.799,58.82,1,0.707,0
1772209855.817,55.56,1,0.707,0
1772209855.834,58.82,1,0.707,0
1772209855.851,58.82,1,0.707,0
1772209855.868,55.56,1,0.707,0
1772209855.886,58.82,1,0.707,0
1772209855.903,58.82,1,0.707,0
1772209855.920,58.82,1,0.707,0
1772209855.937,58.82,1,0.707,0
1772209855.954,58.82,1,0.707,0
1772209855.971,58.82,1,0.707,0
1772209855.988,58.82,1,0.707,0
1772209856.005,58.82,1,0.707,0
1772209856.022,58.82,1,0.707,0
1772209856.039,58.82,1,0.707,0
1772209856.056,58.82,1,0.707,0
1772209856.073,58.82,1,0.707,0
1772209856.094,47.62,1,0.707,0
1772209856.111,58.82,1,0.707,0
1772209856.128,58.82,1,0.707,0
1772209856.145,58.82,1,0.707,0
1772209856.162,58.82,1,0.707,0
1772209856.180,55.56,1,0.707,0
1772209856.197,58.82,1,0.707,0
1772209856.214,58.82,1,0.707,0
1772209856.231,58.82,1,0.707,0
1772209856.248,58.82,1,0.707,0
1772209856.265,58.82,1,0.707,0
1772209856.282,58.82,1,0.707,0
1772209856.299,55.56,1,0.707,0
1772209856.317,58.82,1,0.707,0
1772209856.334,58.82,1,0.707,0
1772209856.351,58.82,1,0.707,0
1772209856.368,58.82,1,0.707,0
1772209856.385,58.82,1,0.707,0
1772209856.402,58.82,1,0.707,0
1772209856.419,58.82,1,0.707,0
1772209856.435,58.82,1,0.707,0
1772209856.453,58.82,1,0.707,0
1772209856.469,62.50,1,0.707,0
1772209856.486,58.82,1,0.707,0
1772209856.502,58.82,1,0.707,0
1772209856.519,62.50,1,0.707,0
1772209856.536,58.82,1,0.707,0
1772209856.553,58.82,1,0.707,0
1772209856.569,62.50,1,0.707,0
1772209856.586,58.82,1,0.707,0
1772209856.603,58.82,1,0.707,0
1772209856.619,62.50,1,0.707,0
1772209856.636,58.82,1,0.707,0
1772209856.653,58.82,1,0.707,0
1772209856.669,58.82,1,0.707,0
1772209856.701,31.25,1,0.707,0
1772209856.718,58.82,1,0.707,0
1772209856.735,62.50,1,0.707,0
1772209856.752,58.82,1,0.707,0
1772209856.769,58.82,1,0.707,0
1772209856.785,62.50,1,0.707,0
1772209856.801,62.50,1,0.707,0
1772209856.817,58.82,1,0.707,0
1772209856.834,62.50,1,0.707,0
1772209856.851,58.82,1,0.707,0
1772209856.867,62.50,1,0.707,0
1772209856.884,58.82,1,0.707,0
1772209856.901,58.82,1,0.707,0
1772209856.918,58.82,1,0.707,0
1772209856.934,62.50,1,0.707,0
1772209856.951,58.82,1,0.707,0
1772209856.967,58.82,1,0.707,0
1772209856.984,62.50,1,0.707,0
1772209857.000,58.82,1,0.707,0
1772209857.017,62.50,1,0.707,0
1772209857.033,62.50,1,0.707,0
1772209857.050,58.82,1,0.707,0
1772209857.066,58.82,1,0.707,0
1772209857.083,62.50,1,0.707,0
1772209857.100,58.82,1,0.707,0
1772209857.116,62.50,1,0.707,0
1772209857.133,58.82,1,0.707,0
1772209857.149,58.82,1,0.707,0
1772209857.166,62.50,1,0.707,0
1772209857.184,55.56,1,0.707,0
1772209857.200,62.50,1,0.707,0
1772209857.216,62.50,1,0.707,0
1772209857.232,62.50,1,0.707,0
1772209857.248,62.50,1,0.707,0
1772209857.265,58.82,1,0.707,0
1772209857.281,62.50,1,0.707,0
1772209857.299,55.56,1,0.707,0
1772209857.316,58.82,1,0.707,0
1772209857.332,58.82,1,0.707,0
1772209857.350,58.82,1,0.707,0
1772209857.366,62.50,1,0.707,0
1772209857.382,62.50,1,0.707,0
1772209857.399,58.82,1,0.707,0
1772209857.414,62.50,1,0.707,0
1772209857.431,62.50,1,0.707,0
1772209857.447,62.50,1,0.707,0
1772209857.464,58.82,1,0.707,0
1772209857.480,58.82,1,0.707,0
1772209857.497,62.50,1,0.707,0
1772209857.514,58.82,1,0.707,0
1772209857.531,58.82,1,0.707,0
1772209857.547,62.50,1,0.707,0
1772209857.565,55.56,1,0.707,0
1772209857.581,62.50,1,0.707,0
1772209857.598,55.56,1,0.707,0
1772209857.616,58.82,1,0.707,0
1772209857.633,58.82,1,0.707,0
1772209857.650,58.82,1,0.707,0
1772209857.667,58.82,1,0.707,0
1772209857.683,62.50,1,0.707,0
1772209857.700,58.82,1,0.707,0
1772209857.717,58.82,1,0.707,0
1772209857.733,62.50,1,0.707,0
1772209857.751,55.56,1,0.707,0
1772209857.767,62.50,1,0.707,0
1772209857.784,58.82,1,0.707,0
1772209857.800,62.50,1,0.707,0
1772209857.817,58.82,1,0.707,0
1772209857.833,62.50,1,0.707,0
1772209857.850,58.82,1,0.707,0
1772209857.867,58.82,1,0.707,0
1772209857.883,58.82,1,0.707,0
1772209857.900,62.50,1,0.707,0
1772209857.916,58.82,1,0.707,0
1772209857.933,62.50,1,0.707,0
1772209857.950,58.82,1,0.707,0
1772209857.967,58.82,1,0.707,0
1772209857.983,62.50,1,0.707,0
1772209858.000,58.82,1,0.707,0
1772209858.016,62.50,1,0.707,0
1772209858.033,58.82,1,0.707,0
1772209858.050,58.82,1,0.707,0
1772209858.066,62.50,1,0.707,0
1772209858.083,58.82,1,0.707,0
1772209858.099,58.82,1,0.707,0
1772209858.116,62.50,1,0.707,0
1772209858.132,62.50,1,0.707,0
1772209858.149,58.82,1,0.707,0
1772209858.166,58.82,1,0.707,0
1772209858.182,62.50,1,0.707,0
1772209858.200,55.56,1,0.707,0
1772209858.217,58.82,1,0.707,0
1772209858.233,58.82,1,0.707,0
1772209858.250,62.50,1,0.707,0
1772209858.267,58.82,1,0.707,0
1772209858.284,58.82,1,0.707,0
1772209858.301,58.82,1,0.707,0
1772209858.318,58.82,1,0.707,0
1772209858.335,58.82,1,0.707,0
1772209858.351,58.82,1,0.707,0
1772209858.368,62.50,1,0.707,0
1772209858.385,58.82,1,0.707,0
1772209858.402,58.82,1,0.707,0
1772209858.419,58.82,1,0.707,0
1772209858.436,58.82,1,0.707,0
1772209858.452,62.50,1,0.707,0
1772209858.470,55.56,1,0.707,0
1772209858.486,62.50,1,0.707,0
1772209858.502,62.50,1,0.707,0
1772209858.519,58.82,1,0.707,0
1772209858.536,58.82,1,0.707,0
1772209858.552,62.50,1,0.707,0
1772209858.569,58.82,1,0.707,0
1772209858.586,58.82,1,0.707,0
1772209858.602,62.50,1,0.707,0
1772209858.619,58.82,1,0.707,0
1772209858.636,58.82,1,0.707,0
1772209858.652,62.50,1,0.707,0
1772209858.669,58.82,1,0.707,0
1772209858.685,62.50,1,0.707,0
1772209858.702,55.56,1,0.707,0
1772209858.719,62.50,1,0.707,0
1772209858.735,58.82,1,0.707,0
1772209858.752,62.50,1,0.707,0
1772209858.769,58.82,1,0.707,0
1772209858.786,58.82,1,0.707,0
1772209858.803,58.82,1,0.707,0
1772209858.819,58.82,1,0.707,0
1772209858.836,58.82,1,0.707,0
1772209858.852,62.50,1,0.707,0
1772209858.869,62.50,1,0.707,0
1772209858.886,58.82,1,0.707,0
1772209858.902,62.50,1,0.707,0
1772209858.920,55.56,1,0.707,0
1772209858.936,62.50,1,0.707,0
1772209858.953,58.82,1,0.707,0
1772209858.970,58.82,1,0.707,0
1772209858.986,62.50,1,0.707,0
1772209859.002,62.50,1,0.707,0
1772209859.019,58.82,1,0.707,0
1772209859.035,62.50,1,0.707,0
1772209859.052,58.82,1,0.707,0
1772209859.068,62.50,1,0.707,0
1772209859.085,58.82,1,0.707,0
1772209859.101,62.50,1,0.707,0
1772209859.118,58.82,1,0.707,0
1772209859.135,58.82,1,0.707,0
1772209859.151,58.82,1,0.707,0
1772209859.168,62.50,1,0.707,0
1772209859.184,62.50,1,0.707,0
1772209859.201,58.82,1,0.707,0
1772209859.218,58.82,1,0.707,0
1772209859.234,58.82,1,0.707,0
1772209859.251,58.82,1,0.707,0
1772209859.268,62.50,1,0.707,0
1772209859.284,58.82,1,0.707,0
1772209859.301,62.50,1,0.707,0
1772209859.318,58.82,1,0.707,0
1772209859.334,62.50,1,0.707,0
1772209859.352,55.56,1,0.707,0
1772209859.368,62.50,1,0.707,0
1772209859.384,58.82,1,0.707,0
1772209859.401,62.50,1,0.707,0
1772209859.417,58.82,1,0.707,0
1772209859.435,58.82,1,0.707,0
1772209859.454,50.00,1,0.707,0
1772209859.471,62.50,1,0.707,0
1772209859.487,58.82,1,0.707,0
1772209859.504,62.50,1,0.707,0
1772209859.521,58.82,1,0.707,0
1772209859.537,62.50,1,0.707,0
1772209859.553,62.50,1,0.707,0
1772209859.569,58.82,1,0.707,0
1772209859.586,58.82,1,0.707,0
1772209859.602,62.50,1,0.707,0
1772209859.619,62.50,1,0.707,0
1772209859.635,62.50,1,0.707,0
1772209859.652,58.82,1,0.707,0
1772209859.668,58.82,1,0.707,0
1772209859.685,62.50,1,0.707,0
1772209859.702,58.82,1,0.707,0
1772209859.718,62.50,1,0.707,0
1772209859.735,58.82,1,0.707,0
1772209859.751,62.50,1,0.707,0
1772209859.767,62.50,1,0.707,0
1772209859.784,58.82,1,0.707,0
1772209859.800,62.50,1,0.707,0
1772209859.817,58.82,1,0.707,0
1772209859.833,62.50,1,0.707,0
1772209859.865,31.25,1,0.707,0
1772209859.881,62.50,1,0.707,0
1772209859.897,62.50,1,0.707,0
1772209859.914,58.82,1,0.707,0
1772209859.931,58.82,1,0.707,0
1772209859.947,62.50,1,0.707,0
1772209859.964,58.82,1,0.707,0
1772209859.980,62.50,1,0.707,0
1772209859.996,62.50,1,0.707,0
1772209860.013,58.82,1,0.707,0
1772209860.029,58.82,1,0.707,0
1772209860.046,62.50,1,0.707,0
1772209860.062,62.50,1,0.707,0
1772209860.078,62.50,1,0.707,0
1772209860.094,62.50,1,0.707,0
1772209860.110,58.82,1,0.707,0
1772209860.127,62.50,1,0.707,0
1772209860.144,58.82,1,0.707,0
1772209860.160,58.82,1,0.707,0
1772209860.177,62.50,1,0.707,0
1772209860.194,58.82,1,0.707,0
1772209860.211,58.82,1,0.707,0
1772209860.228,55.56,1,0.707,0
1772209860.245,62.50,1,0.707,0
1772209860.261,62.50,1,0.707,0
1772209860.277,62.50,1,0.707,0
1772209860.294,55.56,1,0.707,0
1772209860.311,58.82,1,0.707,0
1772209860.328,62.50,1,0.707,0
1772209860.344,62.50,1,0.707,0
1772209860.361,58.82,1,0.707,0
1772209860.377,62.50,1,0.707,0
1772209860.393,58.82,1,0.707,0
1772209860.410,62.50,1,0.707,0
1772209860.426,58.82,1,0.707,0
1772209860.443,62.50,1,0.707,0
1772209860.460,55.56,1,0.707,0
1772209860.477,62.50,1,0.707,0
1772209860.493,62.50,1,0.707,0
1772209860.510,55.56,1,0.707,0
1772209860.527,62.50,1,0.707,0
1772209860.544,58.82,1,0.707,0
1772209860.561,58.82,1,0.707,0
1772209860.578,58.82,1,0.707,0
1772209860.595,58.82,1,0.707,0
1772209860.611,62.50,1,0.707,0
1772209860.627,58.82,1,0.707,0
1772209860.644,62.50,1,0.707,0
1772209860.661,58.82,1,0.707,0
1772209860.678,58.82,1,0.707,0
1772209860.695,58.82,1,0.707,0
1772209860.711,58.82,1,0.707,0
1772209860.729,58.82,1,0.707,0
1772209860.746,58.82,1,0.707,0
1772209860.763,58.82,1,0.707,0
1772209860.781,55.56,1,0.707,0
1772209860.798,58.82,1,0.707,0
1772209860.815,58.82,1,0.707,0
1772209860.832,58.82,1,0.707,0
1772209860.848,58.82,1,0.707,0
1772209860.865,62.50,1,0.707,0
1772209860.881,58.82,1,0.707,0
1772209860.897,62.50,1,0.707,0
1772209860.914,62.50,1,0.707,0
1772209860.930,62.50,1,0.707,0
1772209860.946,62.50,1,0.707,0
1772209860.963,58.82,1,0.707,0
1772209860.979,62.50,1,0.707,0
1772209860.995,62.50,1,0.707,0
1772209861.012,58.82,1,0.707,0
1772209861.029,58.82,1,0.707,0
1772209861.046,58.82,1,0.707,0
1772209861.062,62.50,1,0.707,0
1772209861.079,58.82,1,0.707,0
1772209861.095,62.50,1,0.707,0
1772209861.111,58.82,1,0.707,0
1772209861.128,62.50,1,0.707,0
1772209861.144,62.50,1,0.707,0
1772209861.161,58.82,1,0.707,0
1772209861.178,58.82,1,0.707,0
1772209861.194,58.82,1,0.707,0
1772209861.211,62.50,1,0.707,0
1772209861.228,58.82,1,0.707,0
1772209861.245,58.82,1,0.707,0
1772209861.262,58.82,1,0.707,0
1772209861.279,58.82,1,0.707,0
1772209861.296,58.82,1,0.707,0
1772209861.312,62.50,1,0.707,0
1772209861.328,62.50,1,0.707,0
1772209861.345,58.82,1,0.707,0
1772209861.361,62.50,1,0.707,0
1772209861.378,58.82,1,0.707,0
1772209861.395,58.82,1,0.707,0
1772209861.411,62.50,1,0.707,0
1772209861.428,58.82,1,0.707,0
1772209861.444,62.50,1,0.707,0
1772209861.461,58.82,1,0.707,0
1772209861.477,58.82,1,0.707,0
1772209861.494,62.50,1,0.707,0
1772209861.511,58.82,1,0.707,0
1772209861.529,55.56,1,0.707,0
1772209861.545,62.50,1,0.707,0
1772209861.561,62.50,1,0.707,0
1772209861.577,62.50,1,0.707,0
1772209861.594,58.82,1,0.707,0
1772209861.611,58.82,1,0.707,0
1772209861.627,62.50,1,0.707,0
1772209861.644,58.82,1,0.707,0
1772209861.661,58.82,1,0.707,0
1772209861.677,62.50,1,0.707,0
1772209861.693,62.50,1,0.707,0
1772209861.710,55.56,1,0.707,0
1772209861.727,62.50,1,0.707,0
1772209861.743,62.50,1,0.707,0
1772209861.760,58.82,1,0.707,0
1772209861.777,55.56,1,0.707,0
1772209861.794,62.50,1,0.707,0
1772209861.811,58.82,1,0.707,0
1772209861.827,62.50,1,0.707,0
1772209861.844,58.82,1,0.707,0
1772209861.861,58.82,1,0.707,0
1772209861.878,58.82,1,0.707,0
1772209861.894,58.82,1,0.707,0
1772209861.911,58.82,1,0.707,0
1772209861.928,62.50,1,0.707,0
1772209861.944,58.82,1,0.707,0
1772209861.961,62.50,1,0.707,0
1772209861.978,58.82,1,0.707,0
1772209861.994,62.50,1,0.707,0
1772209862.011,58.82,1,0.707,0
1772209862.028,58.82,1,0.707,0
1772209862.044,58.82,1,0.707,0
1772209862.061,62.50,1,0.707,0
1772209862.078,58.82,1,0.707,0
1772209862.095,58.82,1,0.707,0
1772209862.111,62.50,1,0.707,0
1772209862.127,58.82,1,0.707,0
1772209862.144,62.50,1,0.707,0
1772209862.160,62.50,1,0.707,0
1772209862.177,58.82,1,0.707,0
1772209862.194,58.82,1,0.707,0
1772209862.210,62.50,1,0.707,0
1772209862.227,55.56,1,0.707,0
1772209862.244,62.50,1,0.707,0
1772209862.261,58.82,1,0.707,0
1772209862.277,58.82,1,0.707,0
1772209862.294,62.50,1,0.707,0
1772209862.311,58.82,1,0.707,0
1772209862.327,58.82,1,0.707,0
1772209862.343,62.50,1,0.707,0
1772209862.360,58.82,1,0.707,0
1772209862.377,62.50,1,0.707,0
1772209862.394,58.82,1,0.707,0
1772209862.410,58.82,1,0.707,0
1772209862.428,58.82,1,0.707,0
1772209862.444,62.50,1,0.707,0
1772209862.461,58.82,1,0.707,0
1772209862.477,62.50,1,0.707,0
1772209862.494,58.82,1,0.707,0
1772209862.511,58.82,1,0.707,0
1772209862.527,58.82,1,0.707,0
1772209862.544,58.82,1,0.707,0
1772209862.561,62.50,1,0.707,0
1772209862.578,58.82,1,0.707,0
1772209862.594,62.50,1,0.707,0
1772209862.610,58.82,1,0.707,0
1772209862.627,62.50,1,0.707,0
1772209862.644,58.82,1,0.707,0
1772209862.661,58.82,1,0.707,0
1772209862.678,58.82,1,0.707,0
1772209862.694,58.82,1,0.707,0
1772209862.711,62.50,1,0.707,0
1772209862.728,58.82,1,0.707,0
1772209862.744,62.50,1,0.707,0
1772209862.761,58.82,1,0.707,0
1772209862.778,58.82,1,0.707,0
1772209862.794,58.82,1,0.707,0
1772209862.810,62.50,1,0.707,0
1772209862.827,62.50,1,0.707,0
1772209862.844,58.82,1,0.707,0
1772209862.861,55.56,1,0.707,0
1772209862.878,62.50,1,0.707,0
1772209862.895,58.82,1,0.707,0
1772209862.911,62.50,1,0.707,0
1772209862.928,58.82,1,0.707,0
1772209862.945,58.82,1,0.707,0
1772209862.961,58.82,1,0.707,0
1772209862.978,62.50,1,0.707,0
1772209862.994,62.50,1,0.707,0
1772209863.011,58.82,1,0.707,0
1772209863.027,62.50,1,0.707,0
1772209863.044,58.82,1,0.707,0
1772209863.061,58.82,1,0.707,0
1772209863.078,58.82,1,0.707,0
1772209863.094,62.50,1,0.707,0
1772209863.111,58.82,1,0.707,0
1772209863.127,62.50,1,0.707,0
1772209863.144,58.82,1,0.707,0
1772209863.161,58.82,1,0.707,0
1772209863.177,62.50,1,0.707,0
1772209863.194,55.56,1,0.707,0
1772209863.211,62.50,1,0.707,0
1772209863.228,58.82,1,0.707,0
1772209863.245,58.82,1,0.707,0
1772209863.261,62.50,1,0.707,0
1772209863.278,58.82,1,0.707,0
1772209863.294,62.50,1,0.707,0
1772209863.311,58.82,1,0.707,0
1772209863.328,58.82,1,0.707,0
1772209863.345,58.82,1,0.707,0
1772209863.361,62.50,1,0.707,0
1772209863.378,58.82,1,0.707,0
1772209863.394,62.50,1,0.707,0
1772209863.410,58.82,1,0.707,0
1772209863.427,58.82,1,0.707,0
1772209863.444,62.50,1,0.707,0
1772209863.461,58.82,1,0.707,0
1772209863.478,58.82,1,0.707,0
1772209863.494,62.50,1,0.707,0
1772209863.511,58.82,1,0.707,0
1772209863.528,58.82,1,0.707,0
1772209863.545,58.82,1,0.707,0
1772209863.561,62.50,1,0.707,0
1772209863.577,58.82,1,0.707,0
1772209863.594,62.50,1,0.707,0
1772209863.611,58.82,1,0.707,0
1772209863.628,58.82,1,0.707,0
1772209863.644,58.82,1,0.707,0
1772209863.661,62.50,1,0.707,0
1772209863.677,62.50,1,0.707,0
1772209863.694,58.82,1,0.707,0
1772209863.711,58.82,1,0.707,0
1772209863.728,58.82,1,0.707,0
1772209863.744,62.50,1,0.707,0
1772209863.761,58.82,1,0.707,0
1772209863.778,58.82,1,0.707,0
1772209863.794,62.50,1,0.707,0
1772209863.811,58.82,1,0.707,0
1772209863.828,58.82,1,0.707,0
1772209863.845,58.82,1,0.707,0
1772209863.861,62.50,1,0.707,0
1772209863.878,58.82,1,0.707,0
1772209863.894,62.50,1,0.707,0
1772209863.911,58.82,1,0.707,0
1772209863.929,55.56,1,0.707,0
1772209863.945,62.50,1,0.707,0
1772209863.961,62.50,1,0.707,0
1772209863.978,58.82,1,0.707,0
1772209863.995,58.82,1,0.707,0
1772209864.012,58.82,1,0.707,0
1772209864.028,58.82,1,0.707,0
1772209864.045,62.50,1,0.707,0
1772209864.062,58.82,1,0.707,0
1772209864.078,62.50,1,0.707,0
1772209864.094,62.50,1,0.707,0
1772209864.111,58.82,1,0.707,0
1772209864.128,58.82,1,0.707,0
1772209864.144,62.50,1,0.707,0
1772209864.162,55.56,1,0.707,0
1772209864.178,62.50,1,0.707,0
1772209864.195,58.82,1,0.707,0
1772209864.212,58.82,1,0.707,0
1772209864.228,62.50,1,0.707,0
1772209864.244,62.50,1,0.707,0
1772209864.261,58.82,1,0.707,0
1772209864.278,55.56,1,0.707,0
1772209864.295,58.82,1,0.707,0
1772209864.312,62.50,1,0.707,0
1772209864.328,62.50,1,0.707,0
1772209864.344,62.50,1,0.707,0
1772209864.360,62.50,1,0.707,0
1772209864.378,55.56,1,0.707,0
1772209864.394,62.50,1,0.707,0
1772209864.412,55.56,1,0.707,0
1772209864.428,62.50,1,0.707,0
1772209864.445,58.82,1,0.707,0
1772209864.461,62.50,1,0.707,0
1772209864.477,62.50,1,0.707,0
1772209864.495,55.56,1,0.707,0
1772209864.511,58.82,1,0.707,0
1772209864.528,62.50,1,0.707,0
1772209864.544,62.50,1,0.707,0
1772209864.562,55.56,1,0.707,0
1772209864.578,62.50,1,0.707,0
1772209864.595,58.82,1,0.707,0
1772209864.611,62.50,1,0.707,0
1772209864.628,58.82,1,0.707,0
1772209864.645,58.82,1,0.707,0
1772209864.661,58.82,1,0.707,0
1772209864.678,62.50,1,0.707,0
1772209864.694,62.50,1,0.707,0
1772209864.711,55.56,1,0.707,0
1772209864.728,62.50,1,0.707,0
1772209864.744,58.82,1,0.707,0
1772209864.761,58.82,1,0.707,0
1772209864.778,62.50,1,0.707,0
1772209864.795,58.82,1,0.707,0
1772209864.811,58.82,1,0.707,0
1772209864.828,62.50,1,0.707,0
1772209864.844,62.50,1,0.707,0
1772209864.861,58.82,1,0.707,0
1772209864.877,62.50,1,0.707,0
1772209864.894,58.82,1,0.707,0
1772209864.911,58.82,1,0.707,0
1772209864.927,62.50,1,0.707,0
1772209864.944,58.82,1,0.707,0
1772209864.961,58.82,1,0.707,0
1772209864.977,58.82,1,0.707,0
1772209864.994,62.50,1,0.707,0
1772209865.011,58.82,1,0.707,0
1772209865.027,62.50,1,0.707,0
1772209865.044,58.82,1,0.707,0
1772209865.061,58.82,1,0.707,0
1772209865.077,62.50,1,0.707,0
1772209865.094,58.82,1,0.707,0
1772209865.110,62.50,1,0.707,0
1772209865.127,58.82,1,0.707,0
1772209865.143,58.82,1,0.707,0
1772209865.160,58.82,1,0.707,0
1772209865.177,62.50,1,0.707,0
1772209865.194,58.82,1,0.707,0
1772209865.211,58.82,1,0.707,0
1772209865.227,62.50,1,0.707,0
1772209865.244,58.82,1,0.707,0
1772209865.260,58.82,1,0.707,0
1772209865.277,62.50,1,0.707,0
1772209865.294,58.82,1,0.707,0
1772209865.311,58.82,1,0.707,0
1772209865.327,62.50,1,0.707,0
1772209865.344,58.82,1,0.707,0
1772209865.361,58.82,1,0.707,0
1772209865.377,62.50,1,0.707,0
1772209865.394,58.82,1,0.707,0
1772209865.410,58.82,1,0.707,0
1772209865.427,62.50,1,0.707,0
1772209865.444,58.82,1,0.707,0
1772209865.461,58.82,1,0.707,0
1772209865.477,62.50,1,0.707,0
1772209865.493,62.50,1,0.707,0
1772209865.511,55.56,1,0.707,0
1772209865.527,62.50,1,0.707,0
1772209865.544,58.82,1,0.707,0
1772209865.560,58.82,1,0.707,0
1772209865.577,62.50,1,0.707,0
1772209865.593,62.50,1,0.707,0
1772209865.609,62.50,1,0.707,0
1772209865.626,58.82,1,0.707,0
1772209865.644,55.56,1,0.707,0
1772209865.661,58.82,1,0.707,0
1772209865.677,62.50,1,0.707,0
1772209865.694,58.82,1,0.707,0
1772209865.711,58.82,1,0.707,0
1772209865.727,58.82,1,0.707,0
1772209865.746,55.56,1,0.707,0
1772209865.762,62.50,1,0.707,0
1772209865.778,62.50,1,0.707,0
1772209865.794,62.50,1,0.707,0
1772209865.810,62.50,1,0.707,0
1772209865.827,55.56,1,0.707,0
1772209865.844,62.50,1,0.707,0
1772209865.860,62.50,1,0.707,0
1772209865.877,55.56,1,0.707,0
1772209865.894,58.82,1,0.707,0
1772209865.911,62.50,1,0.707,0
1772209865.928,58.82,1,0.707,0
1772209865.944,62.50,1,0.707,0
1772209865.960,58.82,1,0.707,0
1772209865.977,62.50,1,0.707,0
1772209865.994,58.82,1,0.707,0
1772209866.011,58.82,1,0.707,0
1772209866.027,62.50,1,0.707,0
1772209866.043,62.50,1,0.707,0
1772209866.060,55.56,1,0.707,0
1772209866.077,62.50,1,0.707,0
1772209866.094,58.82,1,0.707,0
1772209866.110,58.82,1,0.707,0
1772209866.127,62.50,1,0.707,0
1772209866.144,58.82,1,0.707,0
1772209866.161,58.82,1,0.707,0
1772209866.177,58.82,1,0.707,0
1772209866.194,62.50,1,0.707,0
1772209866.211,55.56,1,0.707,0
1772209866.228,62.50,1,0.707,0
1772209866.244,62.50,1,0.707,0
1772209866.261,58.82,1,0.707,0
1772209866.278,58.82,1,0.707,0
1772209866.294,62.50,1,0.707,0
1772209866.311,58.82,1,0.707,0
1772209866.327,62.50,1,0.707,0
1772209866.344,55.56,1,0.707,0
1772209866.361,62.50,1,0.707,0
1772209866.377,58.82,1,0.707,0
1772209866.394,62.50,1,0.707,0
1772209866.411,58.82,1,0.707,0
1772209866.427,62.50,1,0.707,0
1772209866.444,58.82,1,0.707,0
1772209866.461,58.82,1,0.707,0
1772209866.477,62.50,1,0.707,0
1772209866.494,58.82,1,0.707,0
1772209866.511,58.82,1,0.707,0
1772209866.528,58.82,1,0.707,0
1772209866.544,58.82,1,0.707,0
1772209866.561,62.50,1,0.707,0
1772209866.577,58.82,1,0.707,0
1772209866.594,62.50,1,0.707,0
1772209866.610,58.82,1,0.707,0
1772209866.627,62.50,1,0.707,0
1772209866.644,58.82,1,0.707,0
1772209866.661,58.82,1,0.707,0
1772209866.677,62.50,1,0.707,0
1772209866.694,55.56,1,0.707,0
1772209866.711,62.50,1,0.707,0
1772209866.728,58.82,1,0.707,0
1772209866.745,58.82,1,0.707,0
1772209866.762,58.82,1,0.707,0
1772209866.779,58.82,1,0.707,0
1772209866.795,62.50,1,0.707,0
1772209866.811,62.50,1,0.707,0
1772209866.828,58.82,1,0.707,0
1772209866.845,58.82,1,0.707,0
1772209866.863,55.56,1,0.707,0
1772209866.879,62.50,1,0.707,0
1772209866.895,62.50,1,0.707,0
1772209866.911,58.82,1,0.707,0
1772209866.927,62.50,1,0.707,0
1772209866.944,62.50,1,0.707,0
1772209866.961,58.82,1,0.707,0
1772209866.978,58.82,1,0.707,0
1772209866.995,58.82,1,0.707,0
1772209867.011,58.82,1,0.707,0
1772209867.028,62.50,1,0.707,0
1772209867.044,58.82,1,0.707,0
1772209867.061,62.50,1,0.707,0
1772209867.078,58.82,1,0.707,0
1772209867.094,62.50,1,0.707,0
1772209867.111,58.82,1,0.707,0
1772209867.127,58.82,1,0.707,0
1772209867.144,62.50,1,0.707,0
1772209867.161,58.82,1,0.707,0
1772209867.177,62.50,1,0.707,0
1772209867.194,58.82,1,0.707,0
1772209867.211,58.82,1,0.707,0
1772209867.228,58.82,1,0.707,0
1772209867.245,55.56,1,0.707,0
1772209867.264,55.56,1,0.707,0
1772209867.281,58.82,1,0.707,0
1772209867.297,62.50,1,0.707,0
1772209867.313,58.82,1,0.707,0
1772209867.331,58.82,1,0.707,0
1772209867.348,58.82,1,0.707,0
1772209867.364,62.50,1,0.707,0
1772209867.382,55.56,1,0.707,0
1772209867.398,62.50,1,0.707,0
1772209867.414,62.50,1,0.707,0
1772209867.430,58.82,1,0.707,0
1772209867.447,62.50,1,0.707,0
1772209867.462,62.50,1,0.707,0
1772209867.479,58.82,1,0.707,0
1772209867.496,62.50,1,0.707,0
1772209867.513,58.82,1,0.707,0
1772209867.530,58.82,1,0.707,0
1772209867.546,62.50,1,0.707,0
1772209867.562,62.50,1,0.707,0
1772209867.578,62.50,1,0.707,0
1772209867.594,62.50,1,0.707,0
1772209867.611,58.82,1,0.707,0
1772209867.628,58.82,1,0.707,0
1772209867.644,58.82,1,0.707,0
1772209867.661,62.50,1,0.707,0
1772209867.677,62.50,1,0.707,0
1772209867.695,55.56,1,0.707,0
1772209867.712,58.82,1,0.707,0
1772209867.729,58.82,1,0.707,0
1772209867.746,58.82,1,0.707,0
1772209867.762,62.50,1,0.707,0
1772209867.779,58.82,1,0.707,0
1772209867.795,62.50,1,0.707,0
1772209867.811,62.50,1,0.707,0
1772209867.828,58.82,1,0.707,0
1772209867.844,58.82,1,0.707,0
1772209867.861,62.50,1,0.707,0
1772209867.878,58.82,1,0.707,0
1772209867.894,58.82,1,0.707,0
1772209867.911,58.82,1,0.707,0
1772209867.928,62.50,1,0.707,0
1772209867.944,62.50,1,0.707,0
1772209867.960,58.82,1,0.707,0
1772209867.977,58.82,1,0.707,0
1772209867.995,58.82,1,0.707,0
1772209868.012,58.82,1,0.707,0
1772209868.030,55.56,1,0.707,0
1772209868.047,58.82,1,0.707,0
1772209868.064,58.82,1,0.707,0
1772209868.081,58.82,1,0.707,0
1772209868.097,58.82,1,0.707,0
1772209868.114,62.50,1,0.707,0
1772209868.131,58.82,1,0.707,0
1772209868.148,58.82,1,0.707,0
1772209868.164,62.50,1,0.707,0
1772209868.180,58.82,1,0.707,0
1772209868.197,62.50,1,0.707,0
1772209868.214,58.82,1,0.707,0
1772209868.231,58.82,1,0.707,0
1772209868.247,62.50,1,0.707,0
1772209868.264,58.82,1,0.707,0
1772209868.280,58.82,1,0.707,0
1772209868.297,58.82,1,0.707,0
1772209868.314,62.50,1,0.707,0
1772209868.330,58.82,1,0.707,0
1772209868.347,62.50,1,0.707,0
1772209868.363,62.50,1,0.707,0
1772209868.381,55.56,1,0.707,0
1772209868.398,58.82,1,0.707,0
1772209868.414,62.50,1,0.707,0
1772209868.430,62.50,1,0.707,0
1772209868.446,62.50,1,0.707,0
1772209868.463,58.82,1,0.707,0
1772209868.479,58.82,1,0.707,0
1772209868.495,62.50,1,0.707,0
1772209868.512,62.50,1,0.707,0
1772209868.528,62.50,1,0.707,0
1772209868.544,62.50,1,0.707,0
1772209868.561,58.82,1,0.707,0
1772209868.577,62.50,1,0.707,0
1772209868.594,58.82,1,0.707,0
1772209868.610,58.82,1,0.707,0
1772209868.627,62.50,1,0.707,0
1772209868.644,58.82,1,0.707,0
1772209868.660,58.82,1,0.707,0
1772209868.678,58.82,1,0.707,0
1772209868.694,62.50,1,0.707,0
1772209868.711,58.82,1,0.707,0
1772209868.727,62.50,1,0.707,0
1772209868.744,58.82,1,0.707,0
1772209868.761,58.82,1,0.707,0
1772209868.777,62.50,1,0.707,0
1772209868.794,58.82,1,0.707,0
1772209868.810,62.50,1,0.707,0
1772209868.827,58.82,1,0.707,0
1772209868.843,62.50,1,0.707,0
1772209868.861,55.56,1,0.707,0
1772209868.877,62.50,1,0.707,0
1772209868.894,58.82,1,0.707,0
1772209868.910,62.50,1,0.707,0
1772209868.926,62.50,1,0.707,0
1772209868.942,62.50,1,0.707,0
1772209868.960,52.63,1,0.707,0
1772209868.978,58.82,1,0.707,0
1772209868.994,58.82,1,0.707,0
1772209869.011,62.50,1,0.707,0
1772209869.028,58.82,1,0.707,0
1772209869.044,58.82,1,0.707,0
1772209869.061,62.50,1,0.707,0
1772209869.077,62.50,1,0.707,0
1772209869.094,58.82,1,0.707,0
1772209869.110,58.82,1,0.707,0
1772209869.127,58.82,1,0.707,0
1772209869.144,62.50,1,0.707,0
1772209869.161,58.82,1,0.707,0
1772209869.178,58.82,1,0.707,0
1772209869.194,58.82,1,0.707,0
1772209869.211,62.50,1,0.707,0
1772209869.227,62.50,1,0.707,0
1772209869.244,58.82,1,0.707,0
1772209869.259,62.50,1,0.707,0
1772209869.275,62.50,1,0.707,0
1772209869.293,58.82,1,0.707,0
1772209869.309,62.50,1,0.707,0
1772209869.326,58.82,1,0.707,0
1772209869.342,58.82,1,0.707,0
1772209869.361,55.56,1,0.707,0
1772209869.377,62.50,1,0.707,0
1772209869.394,58.82,1,0.707,0
1772209869.411,58.82,1,0.707,0
1772209869.428,55.56,1,0.707,0
1772209869.445,62.50,1,0.707,0
1772209869.463,55.56,1,0.707,0
1772209869.480,58.82,1,0.707,0
1772209869.496,58.82,1,0.707,0
1772209869.512,62.50,1,0.707,0
1772209869.529,62.50,1,0.707,0
1772209869.545,62.50,1,0.707,0
1772209869.561,62.50,1,0.707,0
1772209869.578,58.82,1,0.707,0
1772209869.595,58.82,1,0.707,0
1772209869.611,62.50,1,0.707,0
1772209869.628,58.82,1,0.707,0
1772209869.645,58.82,1,0.707,0
1772209869.661,58.82,1,0.707,0
1772209869.678,58.82,1,0.707,0
1772209869.695,62.50,1,0.707,0
1772209869.711,62.50,1,0.707,0
1772209869.727,62.50,1,0.707,0
1772209869.744,58.82,1,0.707,0
1772209869.760,62.50,1,0.707,0
1772209869.778,55.56,1,0.707,0
1772209869.794,58.82,1,0.707,0
1772209869.811,62.50,1,0.707,0
1772209869.828,58.82,1,0.707,0
1772209869.845,58.82,1,0.707,0
1772209869.862,58.82,1,0.707,0
1772209869.878,62.50,1,0.707,0
1772209869.895,58.82,1,0.707,0
1772209869.912,58.82,1,0.707,0
1772209869.929,58.82,1,0.707,0
1772209869.946,58.82,1,0.707,0
1772209869.962,62.50,1,0.707,0
1772209869.978,62.50,1,0.707,0
1772209869.994,62.50,1,0.707,0
1772209870.011,58.82,1,0.707,0
1772209870.027,58.82,1,0.707,0
1772209870.044,58.82,1,0.707,0
1772209870.061,62.50,1,0.707,0
1772209870.077,62.50,1,0.707,0
1772209870.094,58.82,1,0.707,0
1772209870.111,58.82,1,0.707,0
1772209870.128,58.82,1,0.707,0
1772209870.145,58.82,1,0.707,0
1772209870.161,62.50,1,0.707,0
1772209870.178,58.82,1,0.707,0
1772209870.194,58.82,1,0.707,0
1772209870.211,62.50,1,0.707,0
1772209870.228,58.82,1,0.707,0
1772209870.245,58.82,1,0.707,0
1772209870.262,58.82,1,0.707,0
1772209870.278,62.50,1,0.707,0
1772209870.295,58.82,1,0.707,0
1772209870.312,58.82,1,0.707,0
1772209870.329,58.82,1,0.707,0
1772209870.346,58.82,1,0.707,0
1772209870.363,58.82,1,0.707,0
1772209870.380,58.82,1,0.707,0
1772209870.396,62.50,1,0.707,0
1772209870.412,62.50,1,0.707,0
1772209870.429,58.82,1,0.707,0
1772209870.445,58.82,1,0.707,0
1772209870.462,62.50,1,0.707,0
1772209870.479,58.82,1,0.707,0
1772209870.495,62.50,1,0.707,0
1772209870.511,62.50,1,0.707,0
1772209870.528,58.82,1,0.707,0
1772209870.544,58.82,1,0.707,0
1772209870.561,62.50,1,0.707,0
1772209870.577,58.82,1,0.707,0
1772209870.594,62.50,1,0.707,0
1772209870.610,58.82,1,0.707,0
1772209870.627,62.50,1,0.707,0
1772209870.644,58.82,1,0.707,0
1772209870.661,58.82,1,0.707,0
1772209870.678,58.82,1,0.707,0
1772209870.695,58.82,1,0.707,0
1772209870.710,62.50,1,0.707,0
1772209870.727,58.82,1,0.707,0
1772209870.744,62.50,1,0.707,0
1772209870.761,58.82,1,0.707,0
1772209870.777,58.82,1,0.707,0
1772209870.794,62.50,1,0.707,0
1772209870.811,58.82,1,0.707,0
1772209870.828,58.82,1,0.707,0
1772209870.845,58.82,1,0.707,0
1772209870.861,62.50,1,0.707,0
1772209870.877,58.82,1,0.707,0
1772209870.894,58.82,1,0.707,0
1772209870.911,62.50,1,0.707,0
1772209870.928,58.82,1,0.707,0
1772209870.945,58.82,1,0.707,0
1772209870.961,62.50,1,0.707,0
1772209870.977,62.50,1,0.707,0
1772209870.994,58.82,1,0.707,0
1772209871.010,62.50,1,0.707,0
1772209871.027,58.82,1,0.707,0
1772209871.044,58.82,1,0.707,0
1772209871.060,58.82,1,0.707,0
1772209871.077,58.82,1,0.707,0
1772209871.094,62.50,1,0.707,0
1772209871.111,58.82,1,0.707,0
1772209871.127,58.82,1,0.707,0
1772209871.144,62.50,1,0.707,0
1772209871.160,58.82,1,0.707,0
1772209871.178,58.82,1,0.707,0
1772209871.194,62.50,1,0.707,0
1772209871.211,58.82,1,0.707,0
1772209871.227,62.50,1,0.707,0
1772209871.243,62.50,1,0.707,0
1772209871.260,58.82,1,0.707,0
1772209871.276,62.50,1,0.707,0
1772209871.294,55.56,1,0.707,0
1772209871.310,62.50,1,0.707,0
1772209871.327,58.82,1,0.707,0
1772209871.344,58.82,1,0.707,0
1772209871.361,58.82,1,0.707,0
1772209871.378,58.82,1,0.707,0
1772209871.394,62.50,1,0.707,0
1772209871.410,58.82,1,0.707,0
1772209871.427,62.50,1,0.707,0
1772209871.444,55.56,1,0.707,0
1772209871.461,58.82,1,0.707,0
1772209871.478,62.50,1,0.707,0
1772209871.495,58.82,1,0.707,0
1772209871.511,58.82,1,0.707,0
1772209871.527,62.50,1,0.707,0
1772209871.544,62.50,1,0.707,0
1772209871.561,58.82,1,0.707,0
1772209871.577,62.50,1,0.707,0
1772209871.594,58.82,1,0.707,0
1772209871.611,58.82,1,0.707,0
1772209871.627,62.50,1,0.707,0
1772209871.644,58.82,1,0.707,0
1772209871.661,58.82,1,0.707,0
1772209871.677,62.50,1,0.707,0
1772209871.694,58.82,1,0.707,0
1772209871.711,58.82,1,0.707,0
1772209871.727,58.82,1,0.707,0
1772209871.744,62.50,1,0.707,0
1772209871.761,58.82,1,0.707,0
1772209871.778,58.82,1,0.707,0
1772209871.794,58.82,1,0.707,0
1772209871.811,62.50,1,0.707,0
1772209871.827,62.50,1,0.707,0
1772209871.843,62.50,1,0.707,0
1772209871.861,55.56,1,0.707,0
1772209871.878,58.82,1,0.707,0
1772209871.894,62.50,1,0.707,0
1772209871.911,58.82,1,0.707,0
1772209871.927,62.50,1,0.707,0
1772209871.944,58.82,1,0.707,0
1772209871.961,58.82,1,0.707,0
1772209871.977,58.82,1,0.707,0
1772209871.993,62.50,1,0.707,0
1772209872.011,58.82,1,0.707,0
1772209872.027,62.50,1,0.707,0
1772209872.043,62.50,1,0.707,0
1772209872.060,58.82,1,0.707,0
1772209872.076,58.82,1,0.707,0
1772209872.093,62.50,1,0.707,0
1772209872.110,58.82,1,0.707,0
1772209872.126,62.50,1,0.707,0
1772209872.144,55.56,1,0.707,0
1772209872.161,58.82,1,0.707,0
1772209872.178,58.82,1,0.707,0
1772209872.194,62.50,1,0.707,0
1772209872.211,58.82,1,0.707,0
1772209872.227,62.50,1,0.707,0
1772209872.244,58.82,1,0.707,0
1772209872.261,58.82,1,0.707,0
1772209872.279,55.56,1,0.707,0
1772209872.296,58.82,1,0.707,0
1772209872.313,58.82,1,0.707,0
1772209872.329,62.50,1,0.707,0
1772209872.346,58.82,1,0.707,0
1772209872.363,58.82,1,0.707,0
1772209872.379,62.50,1,0.707,0
1772209872.395,62.50,1,0.707,0
1772209872.412,58.82,1,0.707,0
1772209872.428,62.50,1,0.707,0
1772209872.444,62.50,1,0.707,0
1772209872.460,58.82,1,0.707,0
1772209872.477,58.82,1,0.707,0
1772209872.494,62.50,1,0.707,0
1772209872.511,58.82,1,0.707,0
1772209872.528,58.82,1,0.707,0
1772209872.545,58.82,1,0.707,0
1772209872.561,62.50,1,0.707,0
1772209872.578,58.82,1,0.707,0
1772209872.594,58.82,1,0.707,0
1772209872.611,62.50,1,0.707,0
1772209872.628,58.82,1,0.707,0
1772209872.645,58.82,1,0.707,0
1772209872.661,58.82,1,0.707,0
1772209872.678,62.50,1,0.707,0
1772209872.694,62.50,1,0.707,0
1772209872.711,58.82,1,0.707,0
1772209872.727,58.82,1,0.707,0
1772209872.744,62.50,1,0.707,0
1772209872.761,58.82,1,0.707,0
1772209872.777,62.50,1,0.707,0
1772209872.795,55.56,1,0.707,0
1772209872.811,62.50,1,0.707,0
1772209872.828,58.82,1,0.707,0
1772209872.844,62.50,1,0.707,0
1772209872.861,58.82,1,0.707,0
1772209872.877,62.50,1,0.707,0
1772209872.894,58.82,1,0.707,0
1772209872.911,58.82,1,0.707,0
1772209872.927,62.50,1,0.707,0
1772209872.944,58.82,1,0.707,0
1772209872.960,58.82,1,0.707,0
1772209872.978,58.82,1,0.707,0
1772209872.994,62.50,1,0.707,0
1772209873.011,58.82,1,0.707,0
1772209873.028,58.82,1,0.707,0
1772209873.045,58.82,1,0.707,0
1772209873.061,58.82,1,0.707,0
1772209873.078,62.50,1,0.707,0
1772209873.094,62.50,1,0.707,0
1772209873.110,58.82,1,0.707,0
1772209873.127,62.50,1,0.707,0
1772209873.144,58.82,1,0.707,0
1772209873.160,58.82,1,0.707,0
1772209873.177,62.50,1,0.707,0
1772209873.194,58.82,1,0.707,0
1772209873.210,62.50,1,0.707,0
1772209873.227,58.82,1,0.707,0
1772209873.244,58.82,1,0.707,0
1772209873.260,58.82,1,0.707,0
1772209873.278,58.82,1,0.707,0
1772209873.294,62.50,1,0.707,0
1772209873.310,58.82,1,0.707,0
1772209873.327,62.50,1,0.707,0
1772209873.343,62.50,1,0.707,0
1772209873.359,62.50,1,0.707,0
1772209873.377,55.56,1,0.707,0
1772209873.394,58.82,1,0.707,0
1772209873.410,62.50,1,0.707,0
1772209873.427,58.82,1,0.707,0
1772209873.443,62.50,1,0.707,0
1772209873.460,55.56,1,0.707,0
1772209873.477,62.50,1,0.707,0
1772209873.494,58.82,1,0.707,0
1772209873.511,58.82,1,0.707,0
1772209873.527,62.50,1,0.707,0
1772209873.544,58.82,1,0.707,0
1772209873.561,58.82,1,0.707,0
1772209873.577,62.50,1,0.707,0
1772209873.594,55.56,1,0.707,0
1772209873.611,62.50,1,0.707,0
1772209873.627,62.50,1,0.707,0
1772209873.644,58.82,1,0.707,0
1772209873.661,58.82,1,0.707,0
1772209873.678,58.82,1,0.707,0
1772209873.694,62.50,1,0.707,0
1772209873.711,58.82,1,0.707,0
1772209873.727,62.50,1,0.707,0
1772209873.744,58.82,1,0.707,0
1772209873.761,58.82,1,0.707,0
1772209873.778,58.82,1,0.707,0
1772209873.794,62.50,1,0.707,0
1772209873.811,58.82,1,0.707,0
1772209873.827,62.50,1,0.707,0
1772209873.844,58.82,1,0.707,0
1772209873.861,58.82,1,0.707,0
1772209873.877,62.50,1,0.707,0
1772209873.895,55.56,1,0.707,0
1772209873.912,58.82,1,0.707,0
1772209873.929,58.82,1,0.707,0
1772209873.945,62.50,1,0.707,0
1772209873.961,62.50,1,0.707,0
1772209873.977,58.82,1,0.707,0
1772209873.994,62.50,1,0.707,0
1772209874.011,58.82,1,0.707,0
1772209874.027,58.82,1,0.707,0
1772209874.044,58.82,1,0.707,0
1772209874.061,62.50,1,0.707,0
1772209874.078,58.82,1,0.707,0
1772209874.093,62.50,1,0.707,0
1772209874.110,62.50,1,0.707,0
1772209874.128,55.56,1,0.707,0
1772209874.144,62.50,1,0.707,0
1772209874.161,58.82,1,0.707,0
1772209874.178,58.82,1,0.707,0
1772209874.194,62.50,1,0.707,0
1772209874.211,58.82,1,0.707,0
1772209874.227,58.82,1,0.707,0
1772209874.244,62.50,1,0.707,0
1772209874.261,58.82,1,0.707,0
1772209874.278,58.82,1,0.707,0
1772209874.294,62.50,1,0.707,0
1772209874.311,58.82,1,0.707,0
1772209874.327,62.50,1,0.707,0
1772209874.344,55.56,1,0.707,0
1772209874.361,62.50,1,0.707,0
1772209874.377,62.50,1,0.707,0
1772209874.394,58.82,1,0.707,0
1772209874.411,58.82,1,0.707,0
1772209874.428,58.82,1,0.707,0
1772209874.444,62.50,1,0.707,0
1772209874.461,58.82,1,0.707,0
1772209874.478,58.82,1,0.707,0
1772209874.494,62.50,1,0.707,0
1772209874.511,58.82,1,0.707,0
1772209874.527,58.82,1,0.707,0
1772209874.544,58.82,1,0.707,0
1772209874.562,58.82,1,0.707,0
1772209874.579,58.82,1,0.707,0
1772209874.595,58.82,1,0.707,0
1772209874.611,62.50,1,0.707,0
1772209874.628,58.82,1,0.707,0
1772209874.645,62.50,1,0.707,0
1772209874.661,62.50,1,0.707,0
1772209874.678,58.82,1,0.707,0
1772209874.694,58.82,1,0.707,0
1772209874.710,62.50,1,0.707,0
1772209874.727,58.82,1,0.707,0
1772209874.744,62.50,1,0.707,0
1772209874.760,58.82,1,0.707,0
1772209874.778,58.82,1,0.707,0
1772209874.795,58.82,1,0.707,0
1772209874.811,58.82,1,0.707,0
1772209874.828,62.50,1,0.707,0
1772209874.844,62.50,1,0.707,0
1772209874.861,58.82,1,0.707,0
1772209874.878,58.82,1,0.707,0
1772209874.894,58.82,1,0.707,0
1772209874.911,62.50,1,0.707,0
1772209874.928,58.82,1,0.707,0
1772209874.944,62.50,1,0.707,0
1772209874.961,58.82,1,0.707,0
1772209874.977,62.50,1,0.707,0
1772209874.995,55.56,1,0.707,0
1772209875.011,58.82,1,0.707,0
1772209875.028,62.50,1,0.707,0
1772209875.044,62.50,1,0.707,0
1772209875.061,58.82,1,0.707,0
1772209875.077,62.50,1,0.707,0
1772209875.094,58.82,1,0.707,0
1772209875.111,58.82,1,0.707,0
1772209875.127,62.50,1,0.707,0
1772209875.144,58.82,1,0.707,0
1772209875.161,58.82,1,0.707,0
1772209875.177,62.50,1,0.707,0
1772209875.194,55.56,1,0.707,0
1772209875.212,58.82,1,0.707,0
1772209875.229,58.82,1,0.707,0
1772209875.245,58.82,1,0.707,0
1772209875.262,62.50,1,0.707,0
1772209875.278,62.50,1,0.707,0
1772209875.295,58.82,1,0.707,0
1772209875.311,62.50,1,0.707,0
1772209875.328,58.82,1,0.707,0
1772209875.344,58.82,1,0.707,0
1772209875.361,62.50,1,0.707,0
1772209875.378,58.82,1,0.707,0
1772209875.394,62.50,1,0.707,0
1772209875.411,58.82,1,0.707,0
1772209875.427,62.50,1,0.707,0
1772209875.444,58.82,1,0.707,0
1772209875.461,58.82,1,0.707,0
1772209875.478,55.56,1,0.707,0
1772209875.495,62.50,1,0.707,0
1772209875.511,62.50,1,0.707,0
1772209875.527,58.82,1,0.707,0
1772209875.544,62.50,1,0.707,0
1772209875.561,58.82,1,0.707,0
1772209875.578,58.82,1,0.707,0
1772209875.594,62.50,1,0.707,0
1772209875.611,58.82,1,0.707,0
1772209875.628,58.82,1,0.707,0
1772209875.645,58.82,1,0.707,0
1772209875.661,62.50,1,0.707,0
1772209875.677,58.82,1,0.707,0
1772209875.694,62.50,1,0.707,0
1772209875.711,58.82,1,0.707,0
1772209875.728,58.82,1,0.707,0
1772209875.744,62.50,1,0.707,0
1772209875.761,58.82,1,0.707,0
1772209875.777,62.50,1,0.707,0
1772209875.794,58.82,1,0.707,0
1772209875.811,58.82,1,0.707,0
1772209875.827,62.50,1,0.707,0
1772209875.844,58.82,1,0.707,0
1772209875.861,58.82,1,0.707,0
1772209875.877,62.50,1,0.707,0
1772209875.894,58.82,1,0.707,0
1772209875.911,58.82,1,0.707,0
1772209875.927,58.82,1,0.707,0
1772209875.944,62.50,1,0.707,0
1772209875.961,58.82,1,0.707,0
1772209875.977,62.50,1,0.707,0
1772209875.995,55.56,1,0.707,0
1772209876.011,58.82,1,0.707,0
1772209876.028,62.50,1,0.707,0
1772209876.044,62.50,1,0.707,0
1772209876.061,58.82,1,0.707,0
1772209876.077,62.50,1,0.707,0
1772209876.094,58.82,1,0.707,0
1772209876.111,58.82,1,0.707,0
1772209876.127,62.50,1,0.707,0
1772209876.144,55.56,1,0.707,0
1772209876.161,62.50,1,0.707,0
1772209876.178,58.82,1,0.707,0
1772209876.194,58.82,1,0.707,0
1772209876.211,62.50,1,0.707,0
1772209876.227,62.50,1,0.707,0
1772209876.244,58.82,1,0.707,0
1772209876.261,58.82,1,0.707,0
1772209876.277,62.50,1,0.707,0
1772209876.294,58.82,1,0.707,0
1772209876.311,58.82,1,0.707,0
1772209876.327,62.50,1,0.707,0
1772209876.343,62.50,1,0.707,0
1772209876.360,58.82,1,0.707,0
1772209876.376,62.50,1,0.707,0
1772209876.394,55.56,1,0.707,0
1772209876.410,62.50,1,0.707,0
1772209876.427,58.82,1,0.707,0
1772209876.443,62.50,1,0.707,0
1772209876.460,55.56,1,0.707,0
1772209876.476,62.50,1,0.707,0
1772209876.494,58.82,1,0.707,0
1772209876.510,62.50,1,0.707,0
1772209876.526,62.50,1,0.707,0
1772209876.544,55.56,1,0.707,0
1772209876.560,62.50,1,0.707,0
1772209876.576,62.50,1,0.707,0
1772209876.592,58.82,1,0.707,0
1772209876.609,62.50,1,0.707,0
1772209876.626,58.82,1,0.707,0
1772209876.644,55.56,1,0.707,0
1772209876.660,62.50,1,0.707,0
1772209876.676,58.82,1,0.707,0
1772209876.694,58.82,1,0.707,0
1772209876.711,58.82,1,0.707,0
1772209876.727,62.50,1,0.707,0
1772209876.744,58.82,1,0.707,0
1772209876.760,62.50,1,0.707,0
1772209876.777,58.82,1,0.707,0
1772209876.794,58.82,1,0.707,0
1772209876.811,58.82,1,0.707,0
1772209876.827,62.50,1,0.707,0
1772209876.844,58.82,1,0.707,0
1772209876.861,58.82,1,0.707,0
1772209876.877,62.50,1,0.707,0
1772209876.894,58.82,1,0.707,0
1772209876.911,58.82,1,0.707,0
1772209876.927,62.50,1,0.707,0
1772209876.944,58.82,1,0.707,0
1772209876.960,58.82,1,0.707,0
1772209876.978,58.82,1,0.707,0
1772209876.995,58.82,1,0.707,0
1772209877.010,62.50,1,0.707,0
1772209877.028,58.82,1,0.707,0
1772209877.044,62.50,1,0.707,0
1772209877.061,58.82,1,0.707,0
1772209877.077,62.50,1,0.707,0
1772209877.093,62.50,1,0.707,0
1772209877.111,55.56,1,0.707,0
1772209877.127,62.50,1,0.707,0
1772209877.144,58.82,1,0.707,0
1772209877.161,58.82,1,0.707,0
1772209877.178,58.82,1,0.707,0
1772209877.194,62.50,1,0.707,0
1772209877.211,58.82,1,0.707,0
1772209877.228,58.82,1,0.707,0
1772209877.245,58.82,1,0.707,0
1772209877.261,58.82,1,0.707,0
1772209877.278,62.50,1,0.707,0
1772209877.294,58.82,1,0.707,0
1772209877.311,62.50,1,0.707,0
1772209877.327,62.50,1,0.707,0
1772209877.344,58.82,1,0.707,0
1772209877.361,58.82,1,0.707,0
1772209877.377,62.50,1,0.707,0
1772209877.394,58.82,1,0.707,0
1772209877.411,58.82,1,0.707,0
1772209877.428,58.82,1,0.707,0
1772209877.444,62.50,1,0.707,0
1772209877.460,58.82,1,0.707,0
1772209877.477,58.82,1,0.707,0
1772209877.494,62.50,1,0.707,0
1772209877.511,58.82,1,0.707,0
1772209877.527,62.50,1,0.707,0
1772209877.544,58.82,1,0.707,0
1772209877.560,62.50,1,0.707,0
1772209877.577,58.82,1,0.707,0
1772209877.594,58.82,1,0.707,0
1772209877.611,58.82,1,0.707,0
1772209877.628,58.82,1,0.707,0
1772209877.644,58.82,1,0.707,0
1772209877.661,62.50,1,0.707,0
1772209877.677,58.82,1,0.707,0
1772209877.694,62.50,1,0.707,0
1772209877.711,58.82,1,0.707,0
1772209877.727,62.50,1,0.707,0
1772209877.744,58.82,1,0.707,0
1772209877.760,62.50,1,0.707,0
1772209877.778,55.56,1,0.707,0
1772209877.794,62.50,1,0.707,0
1772209877.811,58.82,1,0.707,0
1772209877.828,58.82,1,0.707,0
1772209877.844,62.50,1,0.707,0
1772209877.861,58.82,1,0.707,0
1772209877.878,58.82,1,0.707,0
1772209877.894,62.50,1,0.707,0
1772209877.911,58.82,1,0.707,0
1772209877.927,62.50,1,0.707,0
1772209877.944,58.82,1,0.707,0
1772209877.961,58.82,1,0.707,0
1772209877.977,62.50,1,0.707,0
1772209877.994,58.82,1,0.707,0
1772209878.010,58.82,1,0.707,0
1772209878.027,62.50,1,0.707,0
1772209878.044,58.82,1,0.707,0
1772209878.060,62.50,1,0.707,0
1772209878.077,58.82,1,0.707,0
1772209878.094,58.82,1,0.707,0
1772209878.110,62.50,1,0.707,0
1772209878.127,58.82,1,0.707,0
1772209878.143,62.50,1,0.707,0
1772209878.160,58.82,1,0.707,0
1772209878.176,58.82,1,0.707,0
1772209878.193,58.82,1,0.707,0
1772209878.210,62.50,1,0.707,0
1772209878.226,62.50,1,0.707,0
1772209878.243,58.82,1,0.707,0
1772209878.260,58.82,1,0.707,0
1772209878.276,58.82,1,0.707,0
1772209878.293,62.50,1,0.707,0
1772209878.310,58.82,1,0.707,0
1772209878.327,58.82,1,0.707,0
1772209878.343,58.82,1,0.707,0
1772209878.360,62.50,1,0.707,0
1772209878.377,58.82,1,0.707,0
1772209878.394,58.82,1,0.707,0
1772209878.410,62.50,1,0.707,0
1772209878.427,58.82,1,0.707,0
1772209878.443,62.50,1,0.707,0
1772209878.460,58.82,1,0.707,0
1772209878.477,58.82,1,0.707,0
1772209878.494,58.82,1,0.707,0
1772209878.510,62.50,1,0.707,0
1772209878.526,58.82,1,0.707,0
1772209878.544,58.82,1,0.707,0
1772209878.561,58.82,1,0.707,0
1772209878.578,58.82,1,0.707,0
1772209878.594,62.50,1,0.707,0
1772209878.610,62.50,1,0.707,0
1772209878.626,58.82,1,0.707,0
1772209878.643,62.50,1,0.707,0
1772209878.660,58.82,1,0.707,0
1772209878.677,58.82,1,0.707,0
1772209878.694,58.82,1,0.707,0
1772209878.711,58.82,1,0.707,0
1772209878.727,62.50,1,0.707,0
1772209878.744,58.82,1,0.707,0
1772209878.761,58.82,1,0.707,0
1772209878.777,58.82,1,0.707,0
1772209878.794,62.50,1,0.707,0
1772209878.811,58.82,1,0.707,0
1772209878.827,62.50,1,0.707,0
1772209878.844,58.82,1,0.707,0
1772209878.860,62.50,1,0.707,0
1772209878.877,58.82,1,0.707,0
1772209878.894,58.82,1,0.707,0
1772209878.911,58.82,1,0.707,0
1772209878.927,62.50,1,0.707,0
1772209878.943,62.50,1,0.707,0
1772209878.960,58.82,1,0.707,0
1772209878.977,58.82,1,0.707,0
1772209878.994,58.82,1,0.707,0
1772209879.010,62.50,1,0.707,0
1772209879.027,58.82,1,0.707,0
1772209879.044,58.82,1,0.707,0
1772209879.062,55.56,1,0.707,0
1772209879.079,58.82,1,0.707,0
1772209879.096,58.82,1,0.707,0
1772209879.113,58.82,1,0.707,0
1772209879.130,58.82,1,0.707,0
1772209879.147,58.82,1,0.707,0
1772209879.164,58.82,1,0.707,0
1772209879.180,62.50,1,0.707,0
1772209879.196,58.82,1,0.707,0
1772209879.213,58.82,1,0.707,0
1772209879.230,62.50,1,0.707,0
1772209879.247,58.82,1,0.707,0
1772209879.263,62.50,1,0.707,0
1772209879.280,58.82,1,0.707,0
1772209879.297,58.82,1,0.707,0
1772209879.313,58.82,1,0.707,0
1772209879.330,62.50,1,0.707,0
1772209879.347,58.82,1,0.707,0
1772209879.363,62.50,1,0.707,0
1772209879.380,58.82,1,0.707,0
1772209879.396,58.82,1,0.707,0
1772209879.413,62.50,1,0.707,0
1772209879.429,62.50,1,0.707,0
1772209879.445,62.50,1,0.707,0
1772209879.462,58.82,1,0.707,0
1772209879.479,58.82,1,0.707,0
1772209879.496,58.82,1,0.707,0
1772209879.512,62.50,1,0.707,0
1772209879.528,62.50,1,0.707,0
1772209879.544,62.50,1,0.707,0
1772209879.561,58.82,1,0.707,0
1772209879.578,58.82,1,0.707,0
1772209879.594,62.50,1,0.707,0
1772209879.611,58.82,1,0.707,0
1772209879.627,58.82,1,0.707,0
1772209879.644,58.82,1,0.707,0
1772209879.661,62.50,1,0.707,0
1772209879.677,62.50,1,0.707,0
1772209879.694,58.82,1,0.707,0
1772209879.711,58.82,1,0.707,0
1772209879.728,58.82,1,0.707,0
1772209879.745,58.82,1,0.707,0
1772209879.761,62.50,1,0.707,0
1772209879.777,58.82,1,0.707,0
1772209879.794,62.50,1,0.707,0
1772209879.811,58.82,1,0.707,0
1772209879.827,58.82,1,0.707,0
1772209879.844,62.50,1,0.707,0
1772209879.861,58.82,1,0.707,0
1772209879.878,58.82,1,0.707,0
1772209879.894,62.50,1,0.707,0
1772209879.912,55.56,1,0.707,0
1772209879.928,62.50,1,0.707,0
1772209879.944,58.82,1,0.707,0
1772209879.961,62.50,1,0.707,0
1772209879.977,62.50,1,0.707,0
1772209879.994,58.82,1,0.707,0
1772209880.010,58.82,1,0.707,0
1772209880.028,58.82,1,0.707,0
1772209880.044,62.50,1,0.707,0
1772209880.061,58.82,1,0.707,0
1772209880.077,58.82,1,0.707,0
1772209880.094,62.50,1,0.707,0
1772209880.111,58.82,1,0.707,0
1772209880.128,58.82,1,0.707,0
1772209880.144,58.82,1,0.707,0
1772209880.161,62.50,1,0.707,0
1772209880.177,58.82,1,0.707,0
1772209880.194,62.50,1,0.707,0
1772209880.211,58.82,1,0.707,0
1772209880.227,62.50,1,0.707,0
1772209880.244,58.82,1,0.707,0
1772209880.261,58.82,1,0.707,0
1772209880.277,58.82,1,0.707,0
1772209880.294,62.50,1,0.707,0
1772209880.311,58.82,1,0.707,0
1772209880.327,62.50,1,0.707,0
1772209880.344,58.82,1,0.707,0
1772209880.361,58.82,1,0.707,0
1772209880.377,58.82,1,0.707,0
1772209880.394,62.50,1,0.707,0
1772209880.411,58.82,1,0.707,0
1772209880.427,62.50,1,0.707,0
1772209880.444,58.82,1,0.707,0
1772209880.461,58.82,1,0.707,0
1772209880.477,58.82,1,0.707,0
1772209880.495,58.82,1,0.707,0
1772209880.511,62.50,1,0.707,0
1772209880.527,58.82,1,0.707,0
1772209880.544,62.50,1,0.707,0
1772209880.561,58.82,1,0.707,0
1772209880.577,62.50,1,0.707,0
1772209880.594,58.82,1,0.707,0
1772209880.611,58.82,1,0.707,0
1772209880.627,62.50,1,0.707,0
1772209880.644,55.56,1,0.707,0
1772209880.661,62.50,1,0.707,0
1772209880.677,58.82,1,0.707,0
1772209880.694,62.50,1,0.707,0
1772209880.711,58.82,1,0.707,0
1772209880.727,62.50,1,0.707,0
1772209880.744,58.82,1,0.707,0
1772209880.761,58.82,1,0.707,0
1772209880.778,58.82,1,0.707,0
1772209880.794,62.50,1,0.707,0
1772209880.811,58.82,1,0.707,0
1772209880.827,58.82,1,0.707,0
1772209880.844,62.50,1,0.707,0
1772209880.861,58.82,1,0.707,0
1772209880.877,62.50,1,0.707,0
1772209880.893,62.50,1,0.707,0
1772209880.910,58.82,1,0.707,0
1772209880.927,58.82,1,0.707,0
1772209880.944,58.82,1,0.707,0
1772209880.961,58.82,1,0.707,0
1772209880.977,58.82,1,0.707,0
1772209880.994,62.50,1,0.707,0
1772209881.010,58.82,1,0.707,0
1772209881.027,62.50,1,0.707,0
1772209881.044,58.82,1,0.707,0
1772209881.061,55.56,1,0.707,0
1772209881.077,62.50,1,0.707,0
1772209881.094,62.50,1,0.707,0
1772209881.111,58.82,1,0.707,0
1772209881.127,62.50,1,0.707,0
1772209881.144,58.82,1,0.707,0
1772209881.161,58.82,1,0.707,0
1772209881.177,62.50,1,0.707,0
1772209881.193,62.50,1,0.707,0
1772209881.210,58.82,1,0.707,0
1772209881.227,58.82,1,0.707,0
1772209881.244,58.82,1,0.707,0
1772209881.260,62.50,1,0.707,0
1772209881.277,58.82,1,0.707,0
1772209881.293,62.50,1,0.707,0
1772209881.311,55.56,1,0.707,0
1772209881.328,58.82,1,0.707,0
1772209881.344,62.50,1,0.707,0
1772209881.361,58.82,1,0.707,0
1772209881.377,62.50,1,0.707,0
1772209881.394,58.82,1,0.707,0
1772209881.411,58.82,1,0.707,0
1772209881.427,62.50,1,0.707,0
1772209881.444,58.82,1,0.707,0
1772209881.460,58.82,1,0.707,0
1772209881.477,58.82,1,0.707,0
1772209881.494,62.50,1,0.707,0
1772209881.511,58.82,1,0.707,0
1772209881.527,62.50,1,0.707,0
1772209881.544,58.82,1,0.707,0
1772209881.560,58.82,1,0.707,0
1772209881.577,62.50,1,0.707,0
1772209881.594,58.82,1,0.707,0
1772209881.610,58.82,1,0.707,0
1772209881.627,62.50,1,0.707,0
1772209881.644,58.82,1,0.707,0
1772209881.661,58.82,1,0.707,0
1772209881.677,62.50,1,0.707,0
1772209881.694,58.82,1,0.707,0
1772209881.711,58.82,1,0.707,0
1772209881.727,58.82,1,0.707,0
1772209881.744,58.82,1,0.707,0
1772209881.761,62.50,1,0.707,0
1772209881.778,58.82,1,0.707,0
1772209881.794,62.50,1,0.707,0
1772209881.810,58.82,1,0.707,0
1772209881.828,58.82,1,0.707,0
1772209881.845,58.82,1,0.707,0
1772209881.862,58.82,1,0.707,0
1772209881.879,58.82,1,0.707,0
1772209881.896,58.82,1,0.707,0
1772209881.913,58.82,1,0.707,0
1772209881.929,62.50,1,0.707,0
1772209881.945,62.50,1,0.707,0
1772209881.961,62.50,1,0.707,0
1772209881.978,58.82,1,0.707,0
1772209881.994,62.50,1,0.707,0
1772209882.011,58.82,1,0.707,0
1772209882.028,58.82,1,0.707,0
1772209882.045,58.82,1,0.707,0
1772209882.061,62.50,1,0.707,0
1772209882.078,58.82,1,0.707,0
1772209882.094,62.50,1,0.707,0
1772209882.110,62.50,1,0.707,0
1772209882.127,58.82,1,0.707,0
1772209882.144,58.82,1,0.707,0
1772209882.161,58.82,1,0.707,0
1772209882.177,62.50,1,0.707,0
1772209882.194,58.82,1,0.707,0
1772209882.210,62.50,1,0.707,0
1772209882.227,58.82,1,0.707,0
1772209882.244,58.82,1,0.707,0
1772209882.260,62.50,1,0.707,0
1772209882.278,55.56,1,0.707,0
1772209882.294,58.82,1,0.707,0
1772209882.311,62.50,1,0.707,0
1772209882.327,62.50,1,0.707,0
1772209882.344,58.82,1,0.707,0
1772209882.360,62.50,1,0.707,0
1772209882.377,55.56,1,0.707,0
1772209882.394,62.50,1,0.707,0
1772209882.410,58.82,1,0.707,0
1772209882.427,62.50,1,0.707,0
1772209882.444,58.82,1,0.707,0
1772209882.460,58.82,1,0.707,0
1772209882.477,62.50,1,0.707,0
1772209882.494,58.82,1,0.707,0
1772209882.511,58.82,1,0.707,0
1772209882.527,62.50,1,0.707,0
1772209882.544,58.82,1,0.707,0
1772209882.561,58.82,1,0.707,0
1772209882.577,58.82,1,0.707,0
1772209882.594,62.50,1,0.707,0
1772209882.610,58.82,1,0.707,0
1772209882.627,58.82,1,0.707,0
1772209882.644,62.50,1,0.707,0
1772209882.661,58.82,1,0.707,0
1772209882.677,62.50,1,0.707,0
1772209882.694,58.82,1,0.707,0
1772209882.711,55.56,1,0.707,0
1772209882.727,62.50,1,0.707,0
1772209882.744,58.82,1,0.707,0
1772209882.761,62.50,1,0.707,0
1772209882.777,62.50,1,0.707,0
1772209882.794,58.82,1,0.707,0
1772209882.811,58.82,1,0.707,0
1772209882.827,62.50,1,0.707,0
1772209882.844,58.82,1,0.707,0
1772209882.860,62.50,1,0.707,0
1772209882.877,58.82,1,0.707,0
1772209882.894,58.82,1,0.707,0
1772209882.910,58.82,1,0.707,0
1772209882.927,62.50,1,0.707,0
1772209882.944,58.82,1,0.707,0
1772209882.961,58.82,1,0.707,0
1772209882.977,62.50,1,0.707,0
1772209882.994,58.82,1,0.707,0
1772209883.010,62.50,1,0.707,0
1772209883.027,58.82,1,0.707,0
1772209883.044,58.82,1,0.707,0
1772209883.060,62.50,1,0.707,0
1772209883.078,55.56,1,0.707,0
1772209883.094,62.50,1,0.707,0
1772209883.111,58.82,1,0.707,0
1772209883.127,62.50,1,0.707,0
1772209883.144,58.82,1,0.707,0
1772209883.160,58.82,1,0.707,0
1772209883.177,62.50,1,0.707,0
1772209883.194,58.82,1,0.707,0
1772209883.210,62.50,1,0.707,0
1772209883.227,58.82,1,0.707,0
1772209883.244,58.82,1,0.707,0
1772209883.261,58.82,1,0.707,0
1772209883.278,58.82,1,0.707,0
1772209883.294,62.50,1,0.707,0
1772209883.310,62.50,1,0.707,0
1772209883.326,62.50,1,0.707,0
1772209883.343,58.82,1,0.707,0
1772209883.360,58.82,1,0.707,0
1772209883.377,58.82,1,0.707,0
1772209883.393,62.50,1,0.707,0
1772209883.409,62.50,1,0.707,0
1772209883.426,58.82,1,0.707,0
1772209883.444,55.56,1,0.707,0
1772209883.460,62.50,1,0.707,0
1772209883.476,62.50,1,0.707,0
1772209883.494,55.56,1,0.707,0
1772209883.511,58.82,1,0.707,0
1772209883.527,62.50,1,0.707,0
1772209883.544,58.82,1,0.707,0
1772209883.560,62.50,1,0.707,0
1772209883.577,58.82,1,0.707,0
1772209883.594,58.82,1,0.707,0
1772209883.610,62.50,1,0.707,0
1772209883.626,62.50,1,0.707,0
1772209883.644,55.56,1,0.707,0
1772209883.661,58.82,1,0.707,0
1772209883.677,62.50,1,0.707,0
1772209883.693,62.50,1,0.707,0
1772209883.711,55.56,1,0.707,0
1772209883.728,58.82,1,0.707,0
1772209883.744,62.50,1,0.707,0
1772209883.761,58.82,1,0.707,0
1772209883.777,62.50,1,0.707,0
1772209883.794,58.82,1,0.707,0
1772209883.811,58.82,1,0.707,0
1772209883.828,58.82,1,0.707,0
1772209883.844,62.50,1,0.707,0
1772209883.861,58.82,1,0.707,0
1772209883.878,58.82,1,0.707,0
1772209883.894,62.50,1,0.707,0
1772209883.911,58.82,1,0.707,0
1772209883.927,62.50,1,0.707,0
1772209883.944,58.82,1,0.707,0
1772209883.961,58.82,1,0.707,0
1772209883.977,62.50,1,0.707,0
1772209883.994,58.82,1,0.707,0
1772209884.011,58.82,1,0.707,0
1772209884.028,58.82,1,0.707,0
1772209884.045,58.82,1,0.707,0
1772209884.062,58.82,1,0.707,0
1772209884.078,62.50,1,0.707,0
1772209884.094,62.50,1,0.707,0
1772209884.110,62.50,1,0.707,0
1772209884.127,58.82,1,0.707,0
1772209884.144,58.82,1,0.707,0
1772209884.161,55.56,1,0.707,0
1772209884.178,62.50,1,0.707,0
1772209884.194,62.50,1,0.707,0
1772209884.210,58.82,1,0.707,0
1772209884.227,62.50,1,0.707,0
1772209884.244,58.82,1,0.707,0
1772209884.261,58.82,1,0.707,0
1772209884.278,55.56,1,0.707,0
1772209884.295,62.50,1,0.707,0
1772209884.311,58.82,1,0.707,0
1772209884.328,62.50,1,0.707,0
1772209884.344,62.50,1,0.707,0
1772209884.361,58.82,1,0.707,0
1772209884.378,58.82,1,0.707,0
1772209884.394,62.50,1,0.707,0
1772209884.411,58.82,1,0.707,0
1772209884.427,62.50,1,0.707,0
1772209884.444,58.82,1,0.707,0
1772209884.461,58.82,1,0.707,0
1772209884.477,62.50,1,0.707,0
1772209884.494,58.82,1,0.707,0
1772209884.510,58.82,1,0.707,0
1772209884.527,62.50,1,0.707,0
1772209884.544,58.82,1,0.707,0
1772209884.561,58.82,1,0.707,0
1772209884.577,62.50,1,0.707,0
1772209884.594,58.82,1,0.707,0
1772209884.610,62.50,1,0.707,0
1772209884.627,58.82,1,0.707,0
1772209884.644,58.82,1,0.707,0
1772209884.661,58.82,1,0.707,0
1772209884.678,58.82,1,0.707,0
1772209884.694,58.82,1,0.707,0
1772209884.711,62.50,1,0.707,0
1772209884.727,62.50,1,0.707,0
1772209884.744,58.82,1,0.707,0
1772209884.761,58.82,1,0.707,0
1772209884.777,58.82,1,0.707,0
1772209884.794,62.50,1,0.707,0
1772209884.811,58.82,1,0.707,0
1772209884.828,58.82,1,0.707,0
1772209884.844,62.50,1,0.707,0
1772209884.861,58.82,1,0.707,0
1772209884.877,62.50,1,0.707,0
1772209884.894,58.82,1,0.707,0
1772209884.911,58.82,1,0.707,0
1772209884.928,58.82,1,0.707,0
1772209884.944,62.50,1,0.707,0
1772209884.960,58.82,1,0.707,0
1772209884.978,58.82,1,0.707,0
1772209884.994,62.50,1,0.707,0
1772209885.010,62.50,1,0.707,0
1772209885.026,62.50,1,0.707,0
1772209885.043,58.82,1,0.707,0
1772209885.060,58.82,1,0.707,0
1772209885.076,62.50,1,0.707,0
1772209885.093,58.82,1,0.707,0
1772209885.111,55.56,1,0.707,0
1772209885.127,62.50,1,0.707,0
1772209885.144,58.82,1,0.707,0
1772209885.160,58.82,1,0.707,0
1772209885.177,62.50,1,0.707,0
1772209885.194,58.82,1,0.707,0
1772209885.211,58.82,1,0.707,0
1772209885.227,62.50,1,0.707,0
1772209885.244,58.82,1,0.707,0
1772209885.261,58.82,1,0.707,0
1772209885.278,58.82,1,0.707,0
1772209885.294,62.50,1,0.707,0
1772209885.310,58.82,1,0.707,0
1772209885.327,58.82,1,0.707,0
1772209885.344,62.50,1,0.707,0
1772209885.361,58.82,1,0.707,0
1772209885.378,58.82,1,0.707,0
1772209885.394,58.82,1,0.707,0
1772209885.411,62.50,1,0.707,0
1772209885.428,55.56,1,0.707,0
1772209885.445,62.50,1,0.707,0
1772209885.462,58.82,1,0.707,0
1772209885.478,62.50,1,0.707,0
1772209885.494,62.50,1,0.707,0
1772209885.511,58.82,1,0.707,0
1772209885.527,58.82,1,0.707,0
1772209885.544,62.50,1,0.707,0
1772209885.561,58.82,1,0.707,0
1772209885.578,58.82,1,0.707,0
1772209885.595,58.82,1,0.707,0
1772209885.611,62.50,1,0.707,0
1772209885.628,58.82,1,0.707,0
1772209885.644,62.50,1,0.707,0
1772209885.661,58.82,1,0.707,0
1772209885.679,55.56,1,0.707,0
1772209885.695,62.50,1,0.707,0
1772209885.712,58.82,1,0.707,0
1772209885.728,62.50,1,0.707,0
1772209885.744,62.50,1,0.707,0
1772209885.761,58.82,1,0.707,0
1772209885.777,58.82,1,0.707,0
1772209885.794,62.50,1,0.707,0
1772209885.811,58.82,1,0.707,0
1772209885.827,62.50,1,0.707,0
1772209885.844,58.82,1,0.707,0
1772209885.861,58.82,1,0.707,0
1772209885.877,58.82,1,0.707,0
1772209885.894,62.50,1,0.707,0
1772209885.911,58.82,1,0.707,0
1772209885.927,62.50,1,0.707,0
1772209885.944,58.82,1,0.707,0
1772209885.960,58.82,1,0.707,0
1772209885.977,62.50,1,0.707,0
1772209885.994,58.82,1,0.707,0
1772209886.011,58.82,1,0.707,0
1772209886.027,62.50,1,0.707,0
1772209886.044,55.56,1,0.707,0
1772209886.061,58.82,1,0.707,0
1772209886.078,62.50,1,0.707,0
1772209886.094,62.50,1,0.707,0
1772209886.111,58.82,1,0.707,0
1772209886.127,58.82,1,0.707,0
1772209886.144,62.50,1,0.707,0
1772209886.161,58.82,1,0.707,0
1772209886.178,58.82,1,0.707,0
1772209886.195,55.56,1,0.707,0
1772209886.212,62.50,1,0.707,0
1772209886.228,62.50,1,0.707,0
1772209886.244,62.50,1,0.707,0
1772209886.260,58.82,1,0.707,0
1772209886.278,58.82,1,0.707,0
1772209886.294,62.50,1,0.707,0
1772209886.310,58.82,1,0.707,0
1772209886.327,62.50,1,0.707,0
1772209886.344,58.82,1,0.707,0
1772209886.360,62.50,1,0.707,0
1772209886.376,62.50,1,0.707,0
1772209886.394,55.56,1,0.707,0
1772209886.410,62.50,1,0.707,0
1772209886.427,58.82,1,0.707,0
1772209886.444,58.82,1,0.707,0
1772209886.460,62.50,1,0.707,0
1772209886.477,58.82,1,0.707,0
1772209886.494,58.82,1,0.707,0
1772209886.510,58.82,1,0.707,0
1772209886.527,62.50,1,0.707,0
1772209886.544,58.82,1,0.707,0
1772209886.561,58.82,1,0.707,0
1772209886.577,62.50,1,0.707,0
1772209886.594,58.82,1,0.707,0
1772209886.610,62.50,1,0.707,0
1772209886.627,58.82,1,0.707,0
1772209886.644,58.82,1,0.707,0
1772209886.661,58.82,1,0.707,0
1772209886.677,62.50,1,0.707,0
1772209886.694,58.82,1,0.707,0
1772209886.711,58.82,1,0.707,0
1772209886.727,58.82,1,0.707,0
1772209886.744,62.50,1,0.707,0
1772209886.761,58.82,1,0.707,0
1772209886.777,62.50,1,0.707,0
1772209886.794,58.82,1,0.707,0
1772209886.810,58.82,1,0.707,0
1772209886.827,58.82,1,0.707,0
1772209886.844,62.50,1,0.707,0
1772209886.860,58.82,1,0.707,0
1772209886.877,62.50,1,0.707,0
1772209886.893,58.82,1,0.707,0
1772209886.910,62.50,1,0.707,0
1772209886.927,58.82,1,0.707,0
1772209886.944,58.82,1,0.707,0
1772209886.961,58.82,1,0.707,0
1772209886.977,62.50,1,0.707,0
1772209886.993,58.82,1,0.707,0
1772209887.010,58.82,1,0.707,0
1772209887.027,58.82,1,0.707,0
1772209887.044,58.82,1,0.707,0
1772209887.061,62.50,1,0.707,0
1772209887.077,62.50,1,0.707,0
1772209887.094,58.82,1,0.707,0
1772209887.110,58.82,1,0.707,0
1772209887.127,62.50,1,0.707,0
1772209887.143,58.82,1,0.707,0
1772209887.160,58.82,1,0.707,0
1772209887.177,62.50,1,0.707,0
1772209887.194,58.82,1,0.707,0
1772209887.210,58.82,1,0.707,0
1772209887.228,58.82,1,0.707,0
1772209887.244,62.50,1,0.707,0
1772209887.261,58.82,1,0.707,0
1772209887.277,62.50,1,0.707,0
1772209887.294,58.82,1,0.707,0
1772209887.311,58.82,1,0.707,0
1772209887.328,58.82,1,0.707,0
1772209887.344,58.82,1,0.707,0
1772209887.361,62.50,1,0.707,0
1772209887.378,58.82,1,0.707,0
1772209887.395,58.82,1,0.707,0
1772209887.412,58.82,1,0.707,0
1772209887.428,62.50,1,0.707,0
1772209887.444,62.50,1,0.707,0
1772209887.461,58.82,1,0.707,0
1772209887.478,58.82,1,0.707,0
1772209887.495,55.56,1,0.707,0
1772209887.512,62.50,1,0.707,0
1772209887.528,62.50,1,0.707,0
1772209887.545,58.82,1,0.707,0
1772209887.561,62.50,1,0.707,0
1772209887.578,58.82,1,0.707,0
1772209887.594,62.50,1,0.707,0
1772209887.611,55.56,1,0.707,0
1772209887.628,62.50,1,0.707,0
1772209887.644,58.82,1,0.707,0
1772209887.660,62.50,1,0.707,0
1772209887.677,62.50,1,0.707,0
1772209887.694,58.82,1,0.707,0
1772209887.710,58.82,1,0.707,0
1772209887.728,58.82,1,0.707,0
1772209887.744,58.82,1,0.707,0
1772209887.761,62.50,1,0.707,0
1772209887.777,62.50,1,0.707,0
1772209887.793,62.50,1,0.707,0
1772209887.809,62.50,1,0.707,0
1772209887.826,58.82,1,0.707,0
1772209887.844,55.56,1,0.707,0
1772209887.860,58.82,1,0.707,0
1772209887.877,62.50,1,0.707,0
1772209887.894,58.82,1,0.707,0
1772209887.911,58.82,1,0.707,0
1772209887.927,62.50,1,0.707,0
1772209887.944,58.82,1,0.707,0
1772209887.960,58.82,1,0.707,0
1772209887.977,62.50,1,0.707,0
1772209887.994,58.82,1,0.707,0
1772209888.011,58.82,1,0.707,0
1772209888.028,58.82,1,0.707,0
1772209888.044,62.50,1,0.707,0
1772209888.061,58.82,1,0.707,0
1772209888.078,58.82,1,0.707,0
1772209888.094,62.50,1,0.707,0
1772209888.110,58.82,1,0.707,0
1772209888.127,62.50,1,0.707,0
1772209888.144,58.82,1,0.707,0
1772209888.160,62.50,1,0.707,0
1772209888.176,58.82,1,0.707,0
1772209888.194,58.82,1,0.707,0
1772209888.210,58.82,1,0.707,0
1772209888.227,58.82,1,0.707,0
1772209888.244,62.50,1,0.707,0
1772209888.260,62.50,1,0.707,0
1772209888.276,62.50,1,0.707,0
1772209888.292,58.82,1,0.707,0
1772209888.310,58.82,1,0.707,0
1772209888.327,58.82,1,0.707,0
1772209888.344,58.82,1,0.707,0
1772209888.360,62.50,1,0.707,0
1772209888.376,62.50,1,0.707,0
1772209888.393,58.82,1,0.707,0
1772209888.410,58.82,1,0.707,0
1772209888.427,58.82,1,0.707,0
1772209888.444,58.82,1,0.707,0
1772209888.460,62.50,1,0.707,0
1772209888.477,58.82,1,0.707,0
1772209888.494,58.82,1,0.707,0
1772209888.511,58.82,1,0.707,0
1772209888.528,58.82,1,0.707,0
1772209888.544,62.50,1,0.707,0
1772209888.561,58.82,1,0.707,0
1772209888.577,58.82,1,0.707,0
1772209888.594,62.50,1,0.707,0
1772209888.611,58.82,1,0.707,0
1772209888.627,62.50,1,0.707,0
1772209888.644,58.82,1,0.707,0
1772209888.660,58.82,1,0.707,0
1772209888.677,62.50,1,0.707,0
1772209888.694,58.82,1,0.707,0
1772209888.710,62.50,1,0.707,0
1772209888.727,58.82,1,0.707,0
1772209888.744,58.82,1,0.707,0
1772209888.760,58.82,1,0.707,0
1772209888.777,62.50,1,0.707,0
1772209888.793,62.50,1,0.707,0
1772209888.810,58.82,1,0.707,0
1772209888.827,58.82,1,0.707,0
1772209888.843,62.50,1,0.707,0
1772209888.861,55.56,1,0.707,0
1772209888.877,62.50,1,0.707,0
1772209888.894,58.82,1,0.707,0
1772209888.911,58.82,1,0.707,0
1772209888.927,62.50,1,0.707,0
1772209888.943,62.50,1,0.707,0
1772209888.960,55.56,1,0.707,0
1772209888.978,58.82,1,0.707,0
1772209888.994,62.50,1,0.707,0
1772209889.011,58.82,1,0.707,0
1772209889.027,62.50,1,0.707,0
1772209889.044,58.82,1,0.707,0
1772209889.061,58.82,1,0.707,0
1772209889.078,58.82,1,0.707,0
1772209889.094,62.50,1,0.707,0
1772209889.111,58.82,1,0.707,0
1772209889.128,58.82,1,0.707,0
1772209889.144,62.50,1,0.707,0
1772209889.161,58.82,1,0.707,0
1772209889.178,58.82,1,0.707,0
1772209889.194,58.82,1,0.707,0
1772209889.211,62.50,1,0.707,0
1772209889.228,58.82,1,0.707,0
1772209889.244,58.82,1,0.707,0
1772209889.261,62.50,1,0.707,0
1772209889.278,58.82,1,0.707,0
1772209889.294,62.50,1,0.707,0
1772209889.310,62.50,1,0.707,0
1772209889.327,58.82,1,0.707,0
1772209889.344,58.82,1,0.707,0
1772209889.361,58.82,1,0.707,0
1772209889.377,62.50,1,0.707,0
1772209889.394,58.82,1,0.707,0
1772209889.411,58.82,1,0.707,0
1772209889.427,62.50,1,0.707,0
1772209889.444,58.82,1,0.707,0
1772209889.461,58.82,1,0.707,0
1772209889.478,58.82,1,0.707,0
1772209889.494,62.50,1,0.707,0
1772209889.511,58.82,1,0.707,0
1772209889.527,58.82,1,0.707,0
1772209889.544,62.50,1,0.707,0
1772209889.560,58.82,1,0.707,0
1772209889.577,62.50,1,0.707,0
1772209889.594,58.82,1,0.707,0
1772209889.611,58.82,1,0.707,0
1772209889.628,58.82,1,0.707,0
1772209889.644,58.82,1,0.707,0
1772209889.661,62.50,1,0.707,0
1772209889.677,58.82,1,0.707,0
1772209889.694,62.50,1,0.707,0
1772209889.711,58.82,1,0.707,0
1772209889.727,62.50,1,0.707,0
1772209889.744,58.82,1,0.707,0
1772209889.761,58.82,1,0.707,0
1772209889.778,58.82,1,0.707,0
1772209889.794,62.50,1,0.707,0
1772209889.811,58.82,1,0.707,0
1772209889.828,58.82,1,0.707,0
1772209889.844,62.50,1,0.707,0
1772209889.861,58.82,1,0.707,0
1772209889.878,55.56,1,0.707,0
1772209889.895,62.50,1,0.707,0
1772209889.911,62.50,1,0.707,0
1772209889.928,58.82,1,0.707,0
1772209889.944,62.50,1,0.707,0
1772209889.961,58.82,1,0.707,0
1772209889.977,62.50,1,0.707,0
1772209889.994,58.82,1,0.707,0
1772209890.011,58.82,1,0.707,0
1772209890.027,62.50,1,0.707,0
1772209890.044,58.82,1,0.707,0
1772209890.060,62.50,1,0.707,0
1772209890.077,58.82,1,0.707,0
1772209890.094,58.82,1,0.707,0
1772209890.111,58.82,1,0.707,0
1772209890.128,58.82,1,0.707,0
1772209890.144,62.50,1,0.707,0
1772209890.161,58.82,1,0.707,0
1772209890.177,62.50,1,0.707,0
1772209890.194,58.82,1,0.707,0
1772209890.210,62.50,1,0.707,0
1772209890.227,58.82,1,0.707,0
1772209890.244,58.82,1,0.707,0
1772209890.261,58.82,1,0.707,0
1772209890.277,62.50,1,0.707,0
1772209890.294,58.82,1,0.707,0
1772209890.311,58.82,1,0.707,0
1772209890.327,62.50,1,0.707,0
1772209890.344,58.82,1,0.707,0
1772209890.360,62.50,1,0.707,0
1772209890.376,62.50,1,0.707,0
1772209890.393,55.56,1,0.707,0
1772209890.410,62.50,1,0.707,0
1772209890.427,58.82,1,0.707,0
1772209890.444,58.82,1,0.707,0
1772209890.460,62.50,1,0.707,0
1772209890.477,58.82,1,0.707,0
1772209890.494,58.82,1,0.707,0
1772209890.510,62.50,1,0.707,0
1772209890.527,58.82,1,0.707,0
1772209890.544,58.82,1,0.707,0
1772209890.560,62.50,1,0.707,0
1772209890.577,58.82,1,0.707,0
1772209890.593,62.50,1,0.707,0
1772209890.610,55.56,1,0.707,0
1772209890.627,62.50,1,0.707,0
1772209890.644,58.82,1,0.707,0
1772209890.661,58.82,1,0.707,0
1772209890.677,62.50,1,0.707,0
1772209890.694,58.82,1,0.707,0
1772209890.711,58.82,1,0.707,0
1772209890.727,62.50,1,0.707,0
1772209890.744,58.82,1,0.707,0
1772209890.760,58.82,1,0.707,0
1772209890.777,58.82,1,0.707,0
1772209890.794,62.50,1,0.707,0
1772209890.811,58.82,1,0.707,0
1772209890.827,62.50,1,0.707,0
1772209890.844,58.82,1,0.707,0
1772209890.860,62.50,1,0.707,0
1772209890.877,58.82,1,0.707,0
1772209890.893,62.50,1,0.707,0
1772209890.911,55.56,1,0.707,0
1772209890.927,62.50,1,0.707,0
1772209890.944,58.82,1,0.707,0
1772209890.961,58.82,1,0.707,0
1772209890.977,62.50,1,0.707,0
1772209890.994,58.82,1,0.707,0
1772209891.010,58.82,1,0.707,0
1772209891.027,62.50,1,0.707,0
1772209891.044,58.82,1,0.707,0
1772209891.060,62.50,1,0.707,0
1772209891.077,58.82,1,0.707,0
1772209891.094,58.82,1,0.707,0
1772209891.111,58.82,1,0.707,0
1772209891.127,62.50,1,0.707,0
1772209891.144,58.82,1,0.707,0
1772209891.160,58.82,1,0.707,0
1772209891.177,62.50,1,0.707,0
1772209891.194,58.82,1,0.707,0
1772209891.210,62.50,1,0.707,0
1772209891.227,58.82,1,0.707,0
1772209891.244,58.82,1,0.707,0
1772209891.260,62.50,1,0.707,0
1772209891.276,62.50,1,0.707,0
1772209891.294,55.56,1,0.707,0
1772209891.310,62.50,1,0.707,0
1772209891.327,58.82,1,0.707,0
1772209891.344,58.82,1,0.707,0
1772209891.360,58.82,1,0.707,0
1772209891.378,58.82,1,0.707,0
1772209891.394,62.50,1,0.707,0
1772209891.411,58.82,1,0.707,0
1772209891.427,62.50,1,0.707,0
1772209891.444,58.82,1,0.707,0
1772209891.461,58.82,1,0.707,0
1772209891.478,58.82,1,0.707,0
1772209891.495,58.82,1,0.707,0
1772209891.512,58.82,1,0.707,0
1772209891.529,58.82,1,0.707,0
1772209891.546,58.82,1,0.707,0
1772209891.562,62.50,1,0.707,0
1772209891.579,58.82,1,0.707,0
1772209891.595,62.50,1,0.707,0
1772209891.611,58.82,1,0.707,0
1772209891.628,62.50,1,0.707,0
1772209891.645,58.82,1,0.707,0
1772209891.661,58.82,1,0.707,0
1772209891.678,62.50,1,0.707,0
1772209891.694,62.50,1,0.707,0
1772209891.710,62.50,1,0.707,0
1772209891.727,58.82,1,0.707,0
1772209891.743,62.50,1,0.707,0
1772209891.760,58.82,1,0.707,0
1772209891.777,58.82,1,0.707,0
1772209891.793,62.50,1,0.707,0
1772209891.810,58.82,1,0.707,0
1772209891.828,55.56,1,0.707,0
1772209891.845,58.82,1,0.707,0
1772209891.861,58.82,1,0.707,0
1772209891.878,58.82,1,0.707,0
1772209891.895,58.82,1,0.707,0
1772209891.912,62.50,1,0.707,0
1772209891.927,62.50,1,0.707,0
1772209891.944,62.50,1,0.707,0
1772209891.960,62.50,1,0.707,0
1772209891.977,58.82,1,0.707,0
1772209891.994,55.56,1,0.707,0
1772209892.011,62.50,1,0.707,0
1772209892.028,58.82,1,0.707,0
1772209892.044,62.50,1,0.707,0
1772209892.061,58.82,1,0.707,0
1772209892.077,62.50,1,0.707,0
1772209892.095,55.56,1,0.707,0
1772209892.111,62.50,1,0.707,0
1772209892.127,62.50,1,0.707,0
1772209892.144,58.82,1,0.707,0
1772209892.161,58.82,1,0.707,0
1772209892.177,58.82,1,0.707,0
1772209892.194,62.50,1,0.707,0
1772209892.210,62.50,1,0.707,0
1772209892.227,58.82,1,0.707,0
1772209892.244,58.82,1,0.707,0
1772209892.261,58.82,1,0.707,0
1772209892.277,62.50,1,0.707,0
1772209892.295,55.56,1,0.707,0
1772209892.311,62.50,1,0.707,0
1772209892.327,62.50,1,0.707,0
1772209892.344,58.82,1,0.707,0
1772209892.360,62.50,1,0.707,0
1772209892.377,55.56,1,0.707,0
1772209892.394,62.50,1,0.707,0
1772209892.411,58.82,1,0.707,0
1772209892.427,62.50,1,0.707,0
1772209892.444,58.82,1,0.707,0
1772209892.461,58.82,1,0.707,0
1772209892.478,58.82,1,0.707,0
1772209892.494,62.50,1,0.707,0
1772209892.511,58.82,1,0.707,0
1772209892.527,58.82,1,0.707,0
1772209892.544,62.50,1,0.707,0
1772209892.560,62.50,1,0.707,0
1772209892.577,58.82,1,0.707,0
1772209892.593,62.50,1,0.707,0
1772209892.609,62.50,1,0.707,0
1772209892.627,55.56,1,0.707,0
1772209892.643,62.50,1,0.707,0
1772209892.660,55.56,1,0.707,0
1772209892.677,62.50,1,0.707,0
1772209892.694,58.82,1,0.707,0
1772209892.710,62.50,1,0.707,0
1772209892.726,62.50,1,0.707,0
1772209892.744,55.56,1,0.707,0
1772209892.761,58.82,1,0.707,0
1772209892.777,62.50,1,0.707,0
1772209892.794,58.82,1,0.707,0
1772209892.811,58.82,1,0.707,0
1772209892.827,58.82,1,0.707,0
1772209892.844,62.50,1,0.707,0
1772209892.861,58.82,1,0.707,0
1772209892.877,62.50,1,0.707,0
1772209892.894,58.82,1,0.707,0
1772209892.911,58.82,1,0.707,0
1772209892.928,58.82,1,0.707,0
1772209892.945,58.82,1,0.707,0
1772209892.962,58.82,1,0.707,0
1772209892.978,62.50,1,0.707,0
1772209892.994,62.50,1,0.707,0
1772209893.011,58.82,1,0.707,0
1772209893.027,62.50,1,0.707,0
1772209893.044,58.82,1,0.707,0
1772209893.062,55.56,1,0.707,0
1772209893.078,62.50,1,0.707,0
1772209893.095,58.82,1,0.707,0
1772209893.111,62.50,1,0.707,0
1772209893.127,58.82,1,0.707,0
1772209893.144,62.50,1,0.707,0
1772209893.160,62.50,1,0.707,0
1772209893.177,58.82,1,0.707,0
1772209893.194,58.82,1,0.707,0
1772209893.211,58.82,1,0.707,0
1772209893.227,62.50,1,0.707,0
1772209893.244,58.82,1,0.707,0
1772209893.261,58.82,1,0.707,0
1772209893.277,62.50,1,0.707,0
1772209893.294,58.82,1,0.707,0
1772209893.311,58.82,1,0.707,0
1772209893.327,58.82,1,0.707,0
1772209893.344,62.50,1,0.707,0
1772209893.361,58.82,1,0.707,0
1772209893.377,62.50,1,0.707,0
1772209893.394,58.82,1,0.707,0
1772209893.410,58.82,1,0.707,0
1772209893.427,62.50,1,0.707,0
1772209893.444,58.82,1,0.707,0
1772209893.461,58.82,1,0.707,0
1772209893.478,58.82,1,0.707,0
1772209893.494,62.50,1,0.707,0
1772209893.511,58.82,1,0.707,0
1772209893.528,58.82,1,0.707,0
1772209893.544,62.50,1,0.707,0
1772209893.561,58.82,1,0.707,0
1772209893.579,55.56,1,0.707,0
1772209893.596,58.82,1,0.707,0
1772209893.613,58.82,1,0.707,0
1772209893.629,58.82,1,0.707,0
1772209893.646,58.82,1,0.707,0
1772209893.663,62.50,1,0.707,0
1772209893.679,58.82,1,0.707,0
1772209893.696,62.50,1,0.707,0
1772209893.712,62.50,1,0.707,0
1772209893.728,62.50,1,0.707,0
1772209893.744,58.82,1,0.707,0
1772209893.761,58.82,1,0.707,0
1772209893.778,62.50,1,0.707,0
1772209893.794,62.50,1,0.707,0
1772209893.810,58.82,1,0.707,0
1772209893.827,62.50,1,0.707,0
1772209893.844,58.82,1,0.707,0
1772209893.861,58.82,1,0.707,0
1772209893.878,58.82,1,0.707,0
1772209893.894,62.50,1,0.707,0
1772209893.911,58.82,1,0.707,0
1772209893.927,58.82,1,0.707,0
1772209893.944,62.50,1,0.707,0
1772209893.960,58.82,1,0.707,0
1772209893.978,58.82,1,0.707,0
1772209893.994,62.50,1,0.707,0
1772209894.011,58.82,1,0.707,0
1772209894.027,62.50,1,0.707,0
1772209894.044,58.82,1,0.707,0
1772209894.060,62.50,1,0.707,0
1772209894.076,58.82,1,0.707,0
1772209894.094,58.82,1,0.707,0
1772209894.110,58.82,1,0.707,0
1772209894.127,62.50,1,0.707,0
1772209894.144,58.82,1,0.707,0
1772209894.161,58.82,1,0.707,0
1772209894.177,62.50,1,0.707,0
1772209894.194,58.82,1,0.707,0
1772209894.211,58.82,1,0.707,0
1772209894.227,62.50,1,0.707,0
1772209894.244,58.82,1,0.707,0
1772209894.261,58.82,1,0.707,0
1772209894.278,58.82,1,0.707,0
1772209894.294,62.50,1,0.707,0
1772209894.311,58.82,1,0.707,0
1772209894.327,62.50,1,0.707,0
1772209894.344,58.82,1,0.707,0
1772209894.360,58.82,1,0.707,0
1772209894.377,62.50,1,0.707,0
1772209894.394,55.56,1,0.707,0
1772209894.411,62.50,1,0.707,0
1772209894.428,58.82,1,0.707,0
1772209894.444,62.50,1,0.707,0
1772209894.461,58.82,1,0.707,0
1772209894.478,58.82,1,0.707,0
1772209894.494,62.50,1,0.707,0
1772209894.511,58.82,1,0.707,0
1772209894.527,58.82,1,0.707,0
1772209894.544,58.82,1,0.707,0
1772209894.561,62.50,1,0.707,0
1772209894.577,58.82,1,0.707,0
1772209894.594,62.50,1,0.707,0
1772209894.611,58.82,1,0.707,0
1772209894.627,62.50,1,0.707,0
1772209894.644,58.82,1,0.707,0
1772209894.660,62.50,1,0.707,0
1772209894.677,58.82,1,0.707,0
1772209894.693,62.50,1,0.707,0
1772209894.711,55.56,1,0.707,0
1772209894.728,58.82,1,0.707,0
1772209894.744,62.50,1,0.707,0
1772209894.761,58.82,1,0.707,0
1772209894.777,62.50,1,0.707,0
1772209894.794,58.82,1,0.707,0
1772209894.811,58.82,1,0.707,0
1772209894.827,62.50,1,0.707,0
1772209894.844,58.82,1,0.707,0
1772209894.860,58.82,1,0.707,0
1772209894.877,62.50,1,0.707,0
1772209894.894,58.82,1,0.707,0
1772209894.911,58.82,1,0.707,0
1772209894.928,58.82,1,0.707,0
1772209894.945,58.82,1,0.707,0
1772209894.961,62.50,1,0.707,0
1772209894.977,62.50,1,0.707,0
1772209894.994,58.82,1,0.707,0
1772209895.010,58.82,1,0.707,0
1772209895.027,62.50,1,0.707,0
1772209895.044,58.82,1,0.707,0
1772209895.061,58.82,1,0.707,0
1772209895.078,58.82,1,0.707,0
1772209895.094,62.50,1,0.707,0
1772209895.111,58.82,1,0.707,0
1772209895.128,58.82,1,0.707,0
1772209895.145,58.82,1,0.707,0
1772209895.162,58.82,1,0.707,0
1772209895.178,62.50,1,0.707,0
1772209895.195,58.82,1,0.707,0
1772209895.211,62.50,1,0.707,0
1772209895.228,58.82,1,0.707,0
1772209895.245,58.82,1,0.707,0
1772209895.262,58.82,1,0.707,0
1772209895.278,62.50,1,0.707,0
1772209895.294,62.50,1,0.707,0
1772209895.311,58.82,1,0.707,0
1772209895.327,62.50,1,0.707,0
1772209895.344,58.82,1,0.707,0
1772209895.360,58.82,1,0.707,0
1772209895.377,62.50,1,0.707,0
1772209895.394,58.82,1,0.707,0
1772209895.410,58.82,1,0.707,0
1772209895.427,62.50,1,0.707,0
1772209895.444,58.82,1,0.707,0
1772209895.461,58.82,1,0.707,0
1772209895.477,62.50,1,0.707,0
1772209895.494,58.82,1,0.707,0
1772209895.511,58.82,1,0.707,0
1772209895.527,58.82,1,0.707,0
1772209895.544,62.50,1,0.707,0
1772209895.561,58.82,1,0.707,0
1772209895.577,58.82,1,0.707,0
1772209895.594,62.50,1,0.707,0
1772209895.611,58.82,1,0.707,0
1772209895.628,58.82,1,0.707,0
1772209895.644,58.82,1,0.707,0
1772209895.661,62.50,1,0.707,0
1772209895.678,58.82,1,0.707,0
1772209895.694,62.50,1,0.707,0
1772209895.711,58.82,1,0.707,0
1772209895.728,58.82,1,0.707,0
1772209895.745,58.82,1,0.707,0
1772209895.761,62.50,1,0.707,0
1772209895.777,62.50,1,0.707,0
1772209895.793,58.82,1,0.707,0
1772209895.811,58.82,1,0.707,0
1772209895.827,62.50,1,0.707,0
1772209895.845,55.56,1,0.707,0
1772209895.861,58.82,1,0.707,0
1772209895.878,62.50,1,0.707,0
1772209895.894,58.82,1,0.707,0
1772209895.911,62.50,1,0.707,0
1772209895.927,62.50,1,0.707,0
1772209895.944,58.82,1,0.707,0
1772209895.960,62.50,1,0.707,0
1772209895.977,58.82,1,0.707,0
1772209895.994,58.82,1,0.707,0
1772209896.010,62.50,1,0.707,0
1772209896.027,58.82,1,0.707,0
1772209896.043,62.50,1,0.707,0
1772209896.059,58.82,1,0.707,0
1772209896.076,62.50,1,0.707,0
1772209896.092,58.82,1,0.707,0
1772209896.110,58.82,1,0.707,0
1772209896.127,58.82,1,0.707,0
1772209896.143,62.50,1,0.707,0
1772209896.160,55.56,1,0.707,0
1772209896.177,62.50,1,0.707,0
1772209896.194,58.82,1,0.707,0
1772209896.210,62.50,1,0.707,0
1772209896.227,58.82,1,0.707,0
1772209896.244,58.82,1,0.707,0
1772209896.260,62.50,1,0.707,0
1772209896.277,58.82,1,0.707,0
1772209896.294,58.82,1,0.707,0
1772209896.311,58.82,1,0.707,0
1772209896.328,58.82,1,0.707,0
1772209896.344,62.50,1,0.707,0
1772209896.361,58.82,1,0.707,0
1772209896.378,58.82,1,0.707,0
1772209896.394,62.50,1,0.707,0
1772209896.411,58.82,1,0.707,0
1772209896.428,58.82,1,0.707,0
1772209896.444,62.50,1,0.707,0
1772209896.461,58.82,1,0.707,0
1772209896.477,62.50,1,0.707,0
1772209896.494,58.82,1,0.707,0
1772209896.510,62.50,1,0.707,0
1772209896.526,62.50,1,0.707,0
1772209896.544,55.56,1,0.707,0
1772209896.560,62.50,1,0.707,0
1772209896.576,62.50,1,0.707,0
1772209896.594,55.56,1,0.707,0
1772209896.610,58.82,1,0.707,0
1772209896.628,58.82,1,0.707,0
1772209896.644,62.50,1,0.707,0
1772209896.660,58.82,1,0.707,0
1772209896.677,62.50,1,0.707,0
1772209896.693,62.50,1,0.707,0
1772209896.711,55.56,1,0.707,0
1772209896.727,62.50,1,0.707,0
1772209896.744,58.82,1,0.707,0
1772209896.760,58.82,1,0.707,0
1772209896.777,62.50,1,0.707,0
1772209896.794,58.82,1,0.707,0
1772209896.810,62.50,1,0.707,0
1772209896.827,58.82,1,0.707,0
1772209896.843,62.50,1,0.707,0
1772209896.859,62.50,1,0.707,0
1772209896.878,52.63,1,0.707,0
1772209896.894,62.50,1,0.707,0
1772209896.911,58.82,1,0.707,0
1772209896.927,62.50,1,0.707,0
1772209896.944,55.56,1,0.707,0
1772209896.961,58.82,1,0.707,0
1772209896.977,62.50,1,0.707,0
1772209896.994,62.50,1,0.707,0
1772209897.010,62.50,1,0.707,0
1772209897.027,58.82,1,0.707,0
1772209897.044,58.82,1,0.707,0
1772209897.061,58.82,1,0.707,0
1772209897.078,58.82,1,0.707,0
1772209897.094,62.50,1,0.707,0
1772209897.110,58.82,1,0.707,0
1772209897.127,62.50,1,0.707,0
1772209897.144,58.82,1,0.707,0
1772209897.161,58.82,1,0.707,0
1772209897.178,58.82,1,0.707,0
1772209897.194,62.50,1,0.707,0
1772209897.211,58.82,1,0.707,0
1772209897.228,58.82,1,0.707,0
1772209897.244,58.82,1,0.707,0
1772209897.261,62.50,1,0.707,0
1772209897.278,58.82,1,0.707,0
1772209897.294,62.50,1,0.707,0
1772209897.310,62.50,1,0.707,0
1772209897.327,58.82,1,0.707,0
1772209897.344,58.82,1,0.707,0
1772209897.360,62.50,1,0.707,0
1772209897.377,58.82,1,0.707,0
1772209897.394,58.82,1,0.707,0
1772209897.411,58.82,1,0.707,0
1772209897.428,58.82,1,0.707,0
1772209897.444,62.50,1,0.707,0
1772209897.460,58.82,1,0.707,0
1772209897.478,58.82,1,0.707,0
1772209897.494,62.50,1,0.707,0
1772209897.511,58.82,1,0.707,0
1772209897.527,62.50,1,0.707,0
1772209897.544,58.82,1,0.707,0
1772209897.560,58.82,1,0.707,0
1772209897.577,62.50,1,0.707,0
1772209897.594,58.82,1,0.707,0
1772209897.610,58.82,1,0.707,0
1772209897.627,58.82,1,0.707,0
1772209897.644,62.50,1,0.707,0
1772209897.661,58.82,1,0.707,0
1772209897.677,62.50,1,0.707,0
1772209897.695,55.56,1,0.707,0
1772209897.711,62.50,1,0.707,0
1772209897.728,58.82,1,0.707,0
1772209897.745,58.82,1,0.707,0
1772209897.761,62.50,1,0.707,0
1772209897.778,58.82,1,0.707,0
1772209897.795,58.82,1,0.707,0
1772209897.812,58.82,1,0.707,0
1772209897.828,62.50,1,0.707,0
1772209897.844,62.50,1,0.707,0
1772209897.861,58.82,1,0.707,0
1772209897.878,58.82,1,0.707,0
1772209897.894,62.50,1,0.707,0
1772209897.911,58.82,1,0.707,0
1772209897.927,58.82,1,0.707,0
1772209897.944,62.50,1,0.707,0
1772209897.961,58.82,1,0.707,0
1772209897.978,58.82,1,0.707,0
1772209897.994,58.82,1,0.707,0
1772209898.011,62.50,1,0.707,0
1772209898.028,58.82,1,0.707,0
1772209898.045,58.82,1,0.707,0
1772209898.061,62.50,1,0.707,0
1772209898.077,62.50,1,0.707,0
1772209898.094,55.56,1,0.707,0
1772209898.111,62.50,1,0.707,0
1772209898.128,58.82,1,0.707,0
1772209898.144,62.50,1,0.707,0
1772209898.161,58.82,1,0.707,0
1772209898.178,58.82,1,0.707,0
1772209898.194,62.50,1,0.707,0
1772209898.211,58.82,1,0.707,0
1772209898.227,62.50,1,0.707,0
1772209898.244,58.82,1,0.707,0
1772209898.260,62.50,1,0.707,0
1772209898.277,58.82,1,0.707,0
1772209898.294,58.82,1,0.707,0
1772209898.311,58.82,1,0.707,0
1772209898.327,62.50,1,0.707,0
1772209898.344,58.82,1,0.707,0
1772209898.361,58.82,1,0.707,0
1772209898.378,58.82,1,0.707,0
1772209898.394,58.82,1,0.707,0
1772209898.411,62.50,1,0.707,0
1772209898.428,58.82,1,0.707,0
1772209898.444,62.50,1,0.707,0
1772209898.461,58.82,1,0.707,0
1772209898.477,62.50,1,0.707,0
1772209898.494,58.82,1,0.707,0
1772209898.511,58.82,1,0.707,0
1772209898.527,62.50,1,0.707,0
1772209898.544,58.82,1,0.707,0
1772209898.561,58.82,1,0.707,0
1772209898.577,62.50,1,0.707,0
1772209898.594,58.82,1,0.707,0
1772209898.610,58.82,1,0.707,0
1772209898.627,62.50,1,0.707,0
1772209898.644,58.82,1,0.707,0
1772209898.661,58.82,1,0.707,0
1772209898.677,58.82,1,0.707,0
1772209898.694,62.50,1,0.707,0
1772209898.711,58.82,1,0.707,0
1772209898.727,62.50,1,0.707,0
1772209898.744,58.82,1,0.707,0
1772209898.760,58.82,1,0.707,0
1772209898.778,58.82,1,0.707,0
1772209898.794,62.50,1,0.707,0
1772209898.811,58.82,1,0.707,0
1772209898.829,55.56,1,0.707,0
1772209898.845,62.50,1,0.707,0
1772209898.861,62.50,1,0.707,0
1772209898.878,58.82,1,0.707,0
1772209898.895,58.82,1,0.707,0
1772209898.911,62.50,1,0.707,0
1772209898.928,58.82,1,0.707,0
1772209898.945,58.82,1,0.707,0
1772209898.961,62.50,1,0.707,0
1772209898.977,58.82,1,0.707,0
1772209898.995,58.82,1,0.707,0
1772209899.011,62.50,1,0.707,0
1772209899.028,58.82,1,0.707,0
1772209899.044,62.50,1,0.707,0
1772209899.061,58.82,1,0.707,0
1772209899.077,62.50,1,0.707,0
1772209899.093,62.50,1,0.707,0
1772209899.111,55.56,1,0.707,0
1772209899.127,62.50,1,0.707,0
1772209899.144,58.82,1,0.707,0
1772209899.161,58.82,1,0.707,0
1772209899.177,62.50,1,0.707,0
1772209899.194,58.82,1,0.707,0
1772209899.211,58.82,1,0.707,0
1772209899.227,58.82,1,0.707,0
1772209899.244,62.50,1,0.707,0
1772209899.261,58.82,1,0.707,0
1772209899.277,62.50,1,0.707,0
1772209899.294,58.82,1,0.707,0
1772209899.311,58.82,1,0.707,0
1772209899.328,58.82,1,0.707,0
1772209899.345,58.82,1,0.707,0
1772209899.361,62.50,1,0.707,0
1772209899.378,58.82,1,0.707,0
1772209899.394,62.50,1,0.707,0
1772209899.411,58.82,1,0.707,0
1772209899.427,62.50,1,0.707,0
1772209899.444,58.82,1,0.707,0
1772209899.461,58.82,1,0.707,0
1772209899.477,62.50,1,0.707,0
1772209899.494,58.82,1,0.707,0
1772209899.510,58.82,1,0.707,0
1772209899.528,58.82,1,0.707,0
1772209899.544,62.50,1,0.707,0
1772209899.561,58.82,1,0.707,0
1772209899.578,58.82,1,0.707,0
1772209899.594,62.50,1,0.707,0
1772209899.611,58.82,1,0.707,0
1772209899.627,62.50,1,0.707,0
1772209899.644,58.82,1,0.707,0
1772209899.661,58.82,1,0.707,0
1772209899.677,62.50,1,0.707,0
1772209899.694,58.82,1,0.707,0
1772209899.711,58.82,1,0.707,0
1772209899.727,58.82,1,0.707,0
1772209899.744,62.50,1,0.707,0
1772209899.761,55.56,1,0.707,0
1772209899.778,62.50,1,0.707,0
1772209899.794,62.50,1,0.707,0
1772209899.810,62.50,1,0.707,0
1772209899.826,62.50,1,0.707,0
1772209899.843,58.82,1,0.707,0
1772209899.860,55.56,1,0.707,0
1772209899.877,58.82,1,0.707,0
1772209899.894,62.50,1,0.707,0
1772209899.911,58.82,1,0.707,0
1772209899.927,62.50,1,0.707,0
1772209899.944,58.82,1,0.707,0
1772209899.961,58.82,1,0.707,0
1772209899.977,62.50,1,0.707,0
1772209899.994,58.82,1,0.707,0
1772209900.010,58.82,1,0.707,0
1772209900.027,58.82,1,0.707,0
1772209900.044,62.50,1,0.707,0
1772209900.060,62.50,1,0.707,0
1772209900.076,62.50,1,0.707,0
1772209900.093,58.82,1,0.707,0
1772209900.109,62.50,1,0.707,0
1772209900.127,55.56,1,0.707,0
1772209900.143,62.50,1,0.707,0
1772209900.161,55.56,1,0.707,0
1772209900.177,62.50,1,0.707,0
1772209900.194,58.82,1,0.707,0
1772209900.210,58.82,1,0.707,0
1772209900.227,62.50,1,0.707,0
1772209900.244,58.82,1,0.707,0
1772209900.261,58.82,1,0.707,0
1772209900.277,62.50,1,0.707,0
1772209900.294,55.56,1,0.707,0
1772209900.311,62.50,1,0.707,0
1772209900.327,62.50,1,0.707,0
1772209900.344,58.82,1,0.707,0
1772209900.360,62.50,1,0.707,0
1772209900.377,58.82,1,0.707,0
1772209900.393,62.50,1,0.707,0
1772209900.410,58.82,1,0.707,0
1772209900.427,58.82,1,0.707,0
1772209900.444,58.82,1,0.707,0
1772209900.460,62.50,1,0.707,0
1772209900.477,58.82,1,0.707,0
1772209900.494,58.82,1,0.707,0
1772209900.510,58.82,1,0.707,0
1772209900.527,62.50,1,0.707,0
1772209900.543,62.50,1,0.707,0
1772209900.561,55.56,1,0.707,0
1772209900.577,58.82,1,0.707,0
1772209900.594,62.50,1,0.707,0
1772209900.610,62.50,1,0.707,0
1772209900.627,58.82,1,0.707,0
1772209900.644,58.82,1,0.707,0
1772209900.660,62.50,1,0.707,0
1772209900.677,58.82,1,0.707,0
1772209900.694,58.82,1,0.707,0
1772209900.711,58.82,1,0.707,0
1772209900.727,62.50,1,0.707,0
1772209900.744,58.82,1,0.707,0
1772209900.761,55.56,1,0.707,0
1772209900.778,62.50,1,0.707,0
1772209900.794,62.50,1,0.707,0
1772209900.811,58.82,1,0.707,0
1772209900.828,55.56,1,0.707,0
1772209900.845,62.50,1,0.707,0
1772209900.861,62.50,1,0.707,0
1772209900.877,62.50,1,0.707,0
1772209900.894,58.82,1,0.707,0
1772209900.911,58.82,1,0.707,0
1772209900.927,62.50,1,0.707,0
1772209900.944,58.82,1,0.707,0
1772209900.961,58.82,1,0.707,0
1772209900.978,58.82,1,0.707,0
1772209900.994,58.82,1,0.707,0
1772209901.011,62.50,1,0.707,0
1772209901.027,58.82,1,0.707,0
1772209901.044,62.50,1,0.707,0
1772209901.061,58.82,1,0.707,0
1772209901.077,62.50,1,0.707,0
1772209901.094,55.56,1,0.707,0
1772209901.111,62.50,1,0.707,0
1772209901.128,58.82,1,0.707,0
1772209901.144,62.50,1,0.707,0
1772209901.161,58.82,1,0.707,0
1772209901.177,58.82,1,0.707,0
1772209901.194,62.50,1,0.707,0
1772209901.211,58.82,1,0.707,0
1772209901.227,62.50,1,0.707,0
1772209901.245,55.56,1,0.707,0
1772209901.261,62.50,1,0.707,0
1772209901.277,62.50,1,0.707,0
1772209901.293,58.82,1,0.707,0
1772209901.310,62.50,1,0.707,0
1772209901.327,58.82,1,0.707,0
1772209901.344,58.82,1,0.707,0
1772209901.361,58.82,1,0.707,0
1772209901.378,58.82,1,0.707,0
1772209901.394,62.50,1,0.707,0
1772209901.410,62.50,1,0.707,0
1772209901.428,55.56,1,0.707,0
1772209901.444,62.50,1,0.707,0
1772209901.460,58.82,1,0.707,0
1772209901.478,58.82,1,0.707,0
1772209901.494,62.50,1,0.707,0
1772209901.511,58.82,1,0.707,0
1772209901.527,62.50,1,0.707,0
1772209901.544,58.82,1,0.707,0
1772209901.561,58.82,1,0.707,0
1772209901.577,62.50,1,0.707,0
1772209901.594,58.82,1,0.707,0
1772209901.611,58.82,1,0.707,0
1772209901.627,58.82,1,0.707,0
1772209901.644,62.50,1,0.707,0
1772209901.660,58.82,1,0.707,0
1772209901.677,62.50,1,0.707,0
1772209901.694,58.82,1,0.707,0
1772209901.711,58.82,1,0.707,0
1772209901.727,62.50,1,0.707,0
1772209901.744,58.82,1,0.707,0
1772209901.760,58.82,1,0.707,0
1772209901.777,62.50,1,0.707,0
1772209901.794,58.82,1,0.707,0
1772209901.811,58.82,1,0.707,0
1772209901.827,62.50,1,0.707,0
1772209901.844,58.82,1,0.707,0
1772209901.860,62.50,1,0.707,0
1772209901.877,55.56,1,0.707,0
1772209901.894,62.50,1,0.707,0
1772209901.911,58.82,1,0.707,0
1772209901.927,62.50,1,0.707,0
1772209901.943,62.50,1,0.707,0
1772209901.961,55.56,1,0.707,0
1772209901.978,58.82,1,0.707,0
1772209901.994,62.50,1,0.707,0
1772209902.010,62.50,1,0.707,0
1772209902.027,58.82,1,0.707,0
1772209902.043,62.50,1,0.707,0
1772209902.059,62.50,1,0.707,0
1772209902.077,55.56,1,0.707,0
1772209902.094,58.82,1,0.707,0
1772209902.110,62.50,1,0.707,0
1772209902.127,58.82,1,0.707,0
1772209902.144,58.82,1,0.707,0
1772209902.161,58.82,1,0.707,0
1772209902.178,58.82,1,0.707,0
1772209902.194,58.82,1,0.707,0
1772209902.211,58.82,1,0.707,0
1772209902.228,58.82,1,0.707,0
1772209902.244,62.50,1,0.707,0
1772209902.261,62.50,1,0.707,0
1772209902.277,58.82,1,0.707,0
1772209902.294,62.50,1,0.707,0
1772209902.311,58.82,1,0.707,0
1772209902.327,58.82,1,0.707,0
1772209902.344,62.50,1,0.707,0
1772209902.360,58.82,1,0.707,0
1772209902.377,62.50,1,0.707,0
1772209902.393,58.82,1,0.707,0
1772209902.410,62.50,1,0.707,0
1772209902.428,55.56,1,0.707,0
1772209902.444,62.50,1,0.707,0
1772209902.461,58.82,1,0.707,0
1772209902.477,58.82,1,0.707,0
1772209902.494,62.50,1,0.707,0
1772209902.511,58.82,1,0.707,0
1772209902.528,58.82,1,0.707,0
1772209902.544,62.50,1,0.707,0
1772209902.561,58.82,1,0.707,0
1772209902.578,58.82,1,0.707,0
1772209902.594,62.50,1,0.707,0
1772209902.611,58.82,1,0.707,0
1772209902.627,62.50,1,0.707,0
1772209902.644,58.82,1,0.707,0
1772209902.661,55.56,1,0.707,0
1772209902.678,62.50,1,0.707,0
1772209902.695,58.82,1,0.707,0
1772209902.711,62.50,1,0.707,0
1772209902.727,62.50,1,0.707,0
1772209902.744,58.82,1,0.707,0
1772209902.760,58.82,1,0.707,0
1772209902.778,58.82,1,0.707,0
1772209902.794,62.50,1,0.707,0
1772209902.811,58.82,1,0.707,0
1772209902.827,58.82,1,0.707,0
1772209902.847,52.63,1,0.707,0
1772209902.863,58.82,1,0.707,0
1772209902.880,62.50,1,0.707,0
1772209902.896,62.50,1,0.707,0
1772209902.912,62.50,1,0.707,0
1772209902.929,58.82,1,0.707,0
1772209902.944,62.50,1,0.707,0
1772209902.961,62.50,1,0.707,0
1772209902.977,62.50,1,0.707,0
1772209902.994,58.82,1,0.707,0
1772209903.010,58.82,1,0.707,0
1772209903.027,62.50,1,0.707,0
1772209903.045,55.56,1,0.707,0
1772209903.061,62.50,1,0.707,0
1772209903.077,62.50,1,0.707,0
1772209903.094,58.82,1,0.707,0
1772209903.110,62.50,1,0.707,0
1772209903.127,58.82,1,0.707,0
1772209903.144,58.82,1,0.707,0
1772209903.160,62.50,1,0.707,0
1772209903.177,58.82,1,0.707,0
1772209903.194,58.82,1,0.707,0
1772209903.211,58.82,1,0.707,0
1772209903.228,55.56,1,0.707,0
1772209903.245,62.50,1,0.707,0
1772209903.265,50.00,1,0.707,0
1772209903.281,62.50,1,0.707,0
1772209903.298,58.82,1,0.707,0
1772209903.314,62.50,1,0.707,0
1772209903.330,62.50,1,0.707,0
1772209903.347,58.82,1,0.707,0
1772209903.364,58.82,1,0.707,0
1772209903.382,55.56,1,0.707,0
1772209903.399,58.82,1,0.707,0
1772209903.416,58.82,1,0.707,0
1772209903.433,58.82,1,0.707,0
1772209903.449,58.82,1,0.707,0
1772209903.467,58.82,1,0.707,0
1772209903.483,62.50,1,0.707,0
1772209903.499,62.50,1,0.707,0
1772209903.516,58.82,1,0.707,0
1772209903.533,58.82,1,0.707,0
1772209903.549,62.50,1,0.707,0
1772209903.565,62.50,1,0.707,0
1772209903.581,62.50,1,0.707,0
1772209903.597,62.50,1,0.707,0
1772209903.614,58.82,1,0.707,0
1772209903.630,58.82,1,0.707,0
1772209903.647,58.82,1,0.707,0
1772209903.663,62.50,1,0.707,0
1772209903.680,62.50,1,0.707,0
1772209903.696,62.50,1,0.707,0
1772209903.713,58.82,1,0.707,0
1772209903.729,62.50,1,0.707,0
1772209903.746,58.82,1,0.707,0
1772209903.762,62.50,1,0.707,0
1772209903.778,62.50,1,0.707,0
1772209903.794,62.50,1,0.707,0
1772209903.811,58.82,1,0.707,0
1772209903.827,62.50,1,0.707,0
1772209903.844,58.82,1,0.707,0
1772209903.860,62.50,1,0.707,0
1772209903.876,58.82,1,0.707,0
1772209903.894,58.82,1,0.707,0
1772209903.910,62.50,1,0.707,0
1772209903.926,62.50,1,0.707,0
1772209903.943,58.82,1,0.707,0
1772209903.960,58.82,1,0.707,0
1772209903.977,58.82,1,0.707,0
1772209903.994,58.82,1,0.707,0
1772209904.010,62.50,1,0.707,0
1772209904.027,58.82,1,0.707,0
1772209904.043,62.50,1,0.707,0
1772209904.061,52.63,1,0.707,0
1772209904.078,58.82,1,0.707,0
1772209904.094,62.50,1,0.707,0
1772209904.111,62.50,1,0.707,0
1772209904.127,58.82,1,0.707,0
1772209904.144,62.50,1,0.707,0
1772209904.161,55.56,1,0.707,0
1772209904.179,58.82,1,0.707,0
1772209904.195,62.50,1,0.707,0
1772209904.212,58.82,1,0.707,0
1772209904.229,58.82,1,0.707,0
1772209904.245,62.50,1,0.707,0
1772209904.262,58.82,1,0.707,0
1772209904.279,58.82,1,0.707,0
1772209904.296,55.56,1,0.707,0
1772209904.313,62.50,1,0.707,0
1772209904.329,62.50,1,0.707,0
1772209904.345,62.50,1,0.707,0
1772209904.361,62.50,1,0.707,0
1772209904.380,52.63,1,0.707,0
1772209904.396,62.50,1,0.707,0
1772209904.412,58.82,1,0.707,0
1772209904.429,62.50,1,0.707,0
1772209904.446,58.82,1,0.707,0
1772209904.463,58.82,1,0.707,0
1772209904.479,62.50,1,0.707,0
1772209904.495,58.82,1,0.707,0
1772209904.512,62.50,1,0.707,0
1772209904.529,58.82,1,0.707,0
1772209904.545,62.50,1,0.707,0
1772209904.561,62.50,1,0.707,0
1772209904.577,62.50,1,0.707,0
1772209904.594,58.82,1,0.707,0
1772209904.610,58.82,1,0.707,0
1772209904.627,62.50,1,0.707,0
1772209904.644,58.82,1,0.707,0
1772209904.660,62.50,1,0.707,0
1772209904.678,55.56,1,0.707,0
1772209904.694,62.50,1,0.707,0
1772209904.710,62.50,1,0.707,0
1772209904.727,58.82,1,0.707,0
1772209904.744,58.82,1,0.707,0
1772209904.760,62.50,1,0.707,0
1772209904.777,58.82,1,0.707,0
1772209904.794,58.82,1,0.707,0
1772209904.810,58.82,1,0.707,0
1772209904.827,58.82,1,0.707,0
1772209904.844,62.50,1,0.707,0
1772209904.860,58.82,1,0.707,0
1772209904.877,62.50,1,0.707,0
1772209904.894,58.82,1,0.707,0
1772209904.911,58.82,1,0.707,0
1772209904.927,62.50,1,0.707,0
1772209904.944,58.82,1,0.707,0
1772209904.960,62.50,1,0.707,0
1772209904.977,58.82,1,0.707,0
1772209904.994,58.82,1,0.707,0
1772209905.010,62.50,1,0.707,0
1772209905.027,58.82,1,0.707,0
1772209905.044,58.82,1,0.707,0
1772209905.061,58.82,1,0.707,0
1772209905.077,62.50,1,0.707,0
1772209905.094,58.82,1,0.707,0
1772209905.110,58.82,1,0.707,0
1772209905.127,58.82,1,0.707,0
1772209905.144,62.50,1,0.707,0
1772209905.161,58.82,1,0.707,0
1772209905.177,58.82,1,0.707,0
1772209905.193,62.50,1,0.707,0
1772209905.211,58.82,1,0.707,0
1772209905.227,62.50,1,0.707,0
1772209905.244,58.82,1,0.707,0
1772209905.260,62.50,1,0.707,0
1772209905.277,58.82,1,0.707,0
1772209905.294,58.82,1,0.707,0
1772209905.310,62.50,1,0.707,0
1772209905.327,58.82,1,0.707,0
1772209905.344,58.82,1,0.707,0
1772209905.360,58.82,1,0.707,0
1772209905.377,62.50,1,0.707,0
1772209905.394,58.82,1,0.707,0
1772209905.410,62.50,1,0.707,0
1772209905.427,58.82,1,0.707,0
1772209905.444,58.82,1,0.707,0
1772209905.460,62.50,1,0.707,0
1772209905.478,55.56,1,0.707,0
1772209905.494,62.50,1,0.707,0
1772209905.511,58.82,1,0.707,0
1772209905.527,62.50,1,0.707,0
1772209905.544,58.82,1,0.707,0
1772209905.560,62.50,1,0.707,0
1772209905.577,58.82,1,0.707,0
1772209905.594,58.82,1,0.707,0
1772209905.610,62.50,1,0.707,0
1772209905.627,58.82,1,0.707,0
1772209905.644,58.82,1,0.707,0
1772209905.661,58.82,1,0.707,0
1772209905.677,62.50,1,0.707,0
1772209905.693,58.82,1,0.707,0
1772209905.710,62.50,1,0.707,0
1772209905.727,58.82,1,0.707,0
1772209905.743,62.50,1,0.707,0
1772209905.759,62.50,1,0.707,0
1772209905.775,62.50,1,0.707,0
1772209905.794,52.63,1,0.707,0
1772209905.810,62.50,1,0.707,0
1772209905.827,58.82,1,0.707,0
1772209905.844,58.82,1,0.707,0
1772209905.861,58.82,1,0.707,0
1772209905.877,62.50,1,0.707,0
1772209905.893,62.50,1,0.707,0
1772209905.910,58.82,1,0.707,0
1772209905.927,58.82,1,0.707,0
1772209905.944,58.82,1,0.707,0
1772209905.960,58.82,1,0.707,0
1772209905.977,62.50,1,0.707,0
1772209905.994,58.82,1,0.707,0
1772209906.010,62.50,1,0.707,0
1772209906.027,58.82,1,0.707,0
1772209906.044,55.56,1,0.707,0
1772209906.061,62.50,1,0.707,0
1772209906.077,62.50,1,0.707,0
1772209906.093,62.50,1,0.707,0
1772209906.111,55.56,1,0.707,0
1772209906.128,58.82,1,0.707,0
1772209906.144,62.50,1,0.707,0
1772209906.161,58.82,1,0.707,0
1772209906.177,62.50,1,0.707,0
1772209906.194,58.82,1,0.707,0
1772209906.210,58.82,1,0.707,0
1772209906.227,62.50,1,0.707,0
1772209906.244,58.82,1,0.707,0
1772209906.261,58.82,1,0.707,0
1772209906.278,58.82,1,0.707,0
1772209906.295,58.82,1,0.707,0
1772209906.311,62.50,1,0.707,0
1772209906.328,58.82,1,0.707,0
1772209906.344,62.50,1,0.707,0
1772209906.361,58.82,1,0.707,0
1772209906.378,58.82,1,0.707,0
1772209906.395,58.82,1,0.707,0
1772209906.412,58.82,1,0.707,0
1772209906.428,62.50,1,0.707,0
1772209906.445,58.82,1,0.707,0
1772209906.462,58.82,1,0.707,0
1772209906.479,58.82,1,0.707,0
1772209906.496,58.82,1,0.707,0
1772209906.512,62.50,1,0.707,0
1772209906.528,62.50,1,0.707,0
1772209906.544,62.50,1,0.707,0
1772209906.560,58.82,1,0.707,0
1772209906.578,58.82,1,0.707,0
1772209906.594,62.50,1,0.707,0
1772209906.611,58.82,1,0.707,0
1772209906.628,58.82,1,0.707,0
1772209906.644,62.50,1,0.707,0
1772209906.661,58.82,1,0.707,0
1772209906.678,58.82,1,0.707,0
1772209906.694,62.50,1,0.707,0
1772209906.711,58.82,1,0.707,0
1772209906.727,58.82,1,0.707,0
1772209906.744,62.50,1,0.707,0
1772209906.760,58.82,1,0.707,0
1772209906.777,58.82,1,0.707,0
1772209906.794,62.50,1,0.707,0
1772209906.811,58.82,1,0.707,0
1772209906.827,62.50,1,0.707,0
1772209906.844,58.82,1,0.707,0
1772209906.861,58.82,1,0.707,0
1772209906.877,62.50,1,0.707,0
1772209906.894,58.82,1,0.707,0
1772209906.911,58.82,1,0.707,0
1772209906.927,62.50,1,0.707,0
1772209906.944,58.82,1,0.707,0
1772209906.961,58.82,1,0.707,0
1772209906.977,58.82,1,0.707,0
1772209906.995,58.82,1,0.707,0
1772209907.012,58.82,1,0.707,0
1772209907.028,62.50,1,0.707,0
1772209907.045,58.82,1,0.707,0
1772209907.061,62.50,1,0.707,0
1772209907.078,58.82,1,0.707,0
1772209907.094,62.50,1,0.707,0
1772209907.111,58.82,1,0.707,0
1772209907.128,58.82,1,0.707,0
1772209907.144,62.50,1,0.707,0
1772209907.160,62.50,1,0.707,0
1772209907.177,58.82,1,0.707,0
1772209907.194,58.82,1,0.707,0
1772209907.211,58.82,1,0.707,0
1772209907.228,58.82,1,0.707,0
1772209907.244,62.50,1,0.707,0
1772209907.260,58.82,1,0.707,0
1772209907.277,62.50,1,0.707,0
1772209907.293,62.50,1,0.707,0
1772209907.310,58.82,1,0.707,0
1772209907.326,58.82,1,0.707,0
1772209907.344,58.82,1,0.707,0
1772209907.360,62.50,1,0.707,0
1772209907.377,58.82,1,0.707,0
1772209907.393,58.82,1,0.707,0
1772209907.410,62.50,1,0.707,0
1772209907.427,58.82,1,0.707,0
1772209907.444,58.82,1,0.707,0
1772209907.461,58.82,1,0.707,0
1772209907.477,62.50,1,0.707,0
1772209907.494,58.82,1,0.707,0
1772209907.510,58.82,1,0.707,0
1772209907.527,62.50,1,0.707,0
1772209907.543,62.50,1,0.707,0
1772209907.560,58.82,1,0.707,0
1772209907.576,58.82,1,0.707,0
1772209907.594,58.82,1,0.707,0
1772209907.610,58.82,1,0.707,0
1772209907.627,62.50,1,0.707,0
1772209907.644,58.82,1,0.707,0
1772209907.660,62.50,1,0.707,0
1772209907.677,58.82,1,0.707,0
1772209907.694,58.82,1,0.707,0
1772209907.710,62.50,1,0.707,0
1772209907.727,58.82,1,0.707,0
1772209907.744,58.82,1,0.707,0
1772209907.761,58.82,1,0.707,0
1772209907.777,62.50,1,0.707,0
1772209907.794,58.82,1,0.707,0
1772209907.810,62.50,1,0.707,0
1772209907.827,58.82,1,0.707,0
1772209907.843,62.50,1,0.707,0
1772209907.859,62.50,1,0.707,0
1772209907.877,55.56,1,0.707,0
1772209907.894,58.82,1,0.707,0
1772209907.911,58.82,1,0.707,0
1772209907.927,62.50,1,0.707,0
1772209907.943,58.82,1,0.707,0
1772209907.961,58.82,1,0.707,0
1772209907.977,58.82,1,0.707,0
1772209907.995,58.82,1,0.707,0
1772209908.011,62.50,1,0.707,0
1772209908.028,58.82,1,0.707,0
1772209908.044,62.50,1,0.707,0
1772209908.061,55.56,1,0.707,0
1772209908.078,58.82,1,0.707,0
1772209908.095,62.50,1,0.707,0
1772209908.112,58.82,1,0.707,0
1772209908.128,62.50,1,0.707,0
1772209908.144,62.50,1,0.707,0
1772209908.161,58.82,1,0.707,0
1772209908.177,62.50,1,0.707,0
1772209908.194,58.82,1,0.707,0
1772209908.210,62.50,1,0.707,0
1772209908.227,58.82,1,0.707,0
1772209908.244,58.82,1,0.707,0
1772209908.261,58.82,1,0.707,0
1772209908.277,58.82,1,0.707,0
1772209908.294,62.50,1,0.707,0
1772209908.310,62.50,1,0.707,0
1772209908.327,58.82,1,0.707,0
1772209908.344,58.82,1,0.707,0
1772209908.360,62.50,1,0.707,0
1772209908.377,58.82,1,0.707,0
1772209908.394,58.82,1,0.707,0
1772209908.411,58.82,1,0.707,0
1772209908.427,58.82,1,0.707,0
1772209908.444,58.82,1,0.707,0
1772209908.461,62.50,1,0.707,0
1772209908.478,58.82,1,0.707,0
1772209908.494,58.82,1,0.707,0
1772209908.510,62.50,1,0.707,0
1772209908.527,58.82,1,0.707,0
1772209908.544,62.50,1,0.707,0
1772209908.561,58.82,1,0.707,0
1772209908.578,58.82,1,0.707,0
1772209908.595,58.82,1,0.707,0
1772209908.612,58.82,1,0.707,0
1772209908.630,55.56,1,0.707,0
1772209908.646,62.50,1,0.707,0
1772209908.662,62.50,1,0.707,0
1772209908.679,58.82,1,0.707,0
1772209908.695,62.50,1,0.707,0
1772209908.711,62.50,1,0.707,0
1772209908.727,62.50,1,0.707,0
1772209908.744,58.82,1,0.707,0
1772209908.761,58.82,1,0.707,0
1772209908.777,58.82,1,0.707,0
1772209908.794,62.50,1,0.707,0
1772209908.810,62.50,1,0.707,0
1772209908.828,55.56,1,0.707,0
1772209908.844,62.50,1,0.707,0
1772209908.861,58.82,1,0.707,0
1772209908.877,62.50,1,0.707,0
1772209908.894,58.82,1,0.707,0
1772209908.911,58.82,1,0.707,0
1772209908.929,55.56,1,0.707,0
1772209908.946,58.82,1,0.707,0
1772209908.962,62.50,1,0.707,0
1772209908.978,62.50,1,0.707,0
1772209908.995,58.82,1,0.707,0
1772209909.011,62.50,1,0.707,0
1772209909.027,62.50,1,0.707,0
1772209909.044,58.82,1,0.707,0
1772209909.061,58.82,1,0.707,0
1772209909.077,62.50,1,0.707,0
1772209909.094,58.82,1,0.707,0
1772209909.111,58.82,1,0.707,0
1772209909.127,62.50,1,0.707,0
1772209909.143,62.50,1,0.707,0
1772209909.160,58.82,1,0.707,0
1772209909.177,58.82,1,0.707,0
1772209909.194,58.82,1,0.707,0
1772209909.210,58.82,1,0.707,0
1772209909.227,62.50,1,0.707,0
1772209909.244,58.82,1,0.707,0
1772209909.261,58.82,1,0.707,0
1772209909.277,62.50,1,0.707,0
1772209909.294,55.56,1,0.707,0
1772209909.310,62.50,1,0.707,0
1772209909.328,58.82,1,0.707,0
1772209909.345,58.82,1,0.707,0
1772209909.361,62.50,1,0.707,0
1772209909.377,62.50,1,0.707,0
1772209909.394,58.82,1,0.707,0
1772209909.411,58.82,1,0.707,0
1772209909.427,62.50,1,0.707,0
1772209909.444,58.82,1,0.707,0
1772209909.461,58.82,1,0.707,0
1772209909.478,58.82,1,0.707,0
1772209909.494,62.50,1,0.707,0
1772209909.512,55.56,1,0.707,0
1772209909.528,58.82,1,0.707,0
1772209909.545,62.50,1,0.707,0
1772209909.561,62.50,1,0.707,0
1772209909.577,58.82,1,0.707,0
1772209909.594,62.50,1,0.707,0
1772209909.611,58.82,1,0.707,0
1772209909.628,58.82,1,0.707,0
1772209909.644,62.50,1,0.707,0
1772209909.661,58.82,1,0.707,0
1772209909.678,58.82,1,0.707,0
1772209909.694,58.82,1,0.707,0
1772209909.711,62.50,1,0.707,0
1772209909.728,58.82,1,0.707,0
1772209909.744,62.50,1,0.707,0
1772209909.761,58.82,1,0.707,0
1772209909.778,58.82,1,0.707,0
1772209909.794,62.50,1,0.707,0
1772209909.810,62.50,1,0.707,0
1772209909.828,55.56,1,0.707,0
1772209909.844,62.50,1,0.707,0
1772209909.861,58.82,1,0.707,0
1772209909.878,58.82,1,0.707,0
1772209909.894,62.50,1,0.707,0
1772209909.910,62.50,1,0.707,0
1772209909.927,55.56,1,0.707,0
1772209909.945,58.82,1,0.707,0
1772209909.961,62.50,1,0.707,0
1772209909.977,62.50,1,0.707,0
1772209909.994,58.82,1,0.707,0
1772209910.012,55.56,1,0.707,0
1772209910.029,58.82,1,0.707,0
1772209910.045,62.50,1,0.707,0
1772209910.061,62.50,1,0.707,0
1772209910.077,62.50,1,0.707,0
1772209910.094,58.82,1,0.707,0
1772209910.111,58.82,1,0.707,0
1772209910.128,58.82,1,0.707,0
1772209910.144,62.50,1,0.707,0
1772209910.161,58.82,1,0.707,0
1772209910.178,58.82,1,0.707,0
1772209910.194,62.50,1,0.707,0
1772209910.211,58.82,1,0.707,0
1772209910.227,62.50,1,0.707,0
1772209910.243,62.50,1,0.707,0
1772209910.260,58.82,1,0.707,0
1772209910.276,62.50,1,0.707,0
1772209910.293,58.82,1,0.707,0
1772209910.309,58.82,1,0.707,0
1772209910.326,62.50,1,0.707,0
1772209910.342,58.82,1,0.707,0
1772209910.359,62.50,1,0.707,0
1772209910.376,58.82,1,0.707,0
1772209910.392,62.50,1,0.707,0
1772209910.409,58.82,1,0.707,0
1772209910.427,55.56,1,0.707,0
1772209910.444,58.82,1,0.707,0
1772209910.461,58.82,1,0.707,0
1772209910.477,62.50,1,0.707,0
1772209910.494,58.82,1,0.707,0
1772209910.511,58.82,1,0.707,0
1772209910.527,62.50,1,0.707,0
1772209910.544,55.56,1,0.707,0
1772209910.561,62.50,1,0.707,0
1772209910.578,58.82,1,0.707,0
1772209910.595,58.82,1,0.707,0
1772209910.611,62.50,1,0.707,0
1772209910.628,58.82,1,0.707,0
1772209910.644,62.50,1,0.707,0
1772209910.661,58.82,1,0.707,0
1772209910.677,62.50,1,0.707,0
1772209910.694,58.82,1,0.707,0
1772209910.710,62.50,1,0.707,0
1772209910.726,62.50,1,0.707,0
1772209910.743,58.82,1,0.707,0
1772209910.759,58.82,1,0.707,0
1772209910.777,55.56,1,0.707,0
1772209910.794,58.82,1,0.707,0
1772209910.811,62.50,1,0.707,0
1772209910.827,62.50,1,0.707,0
1772209910.844,55.56,1,0.707,0
1772209910.861,62.50,1,0.707,0
1772209910.878,58.82,1,0.707,0
1772209910.895,58.82,1,0.707,0
1772209910.911,62.50,1,0.707,0
1772209910.927,58.82,1,0.707,0
1772209910.944,62.50,1,0.707,0
1772209910.961,58.82,1,0.707,0
1772209910.977,62.50,1,0.707,0
1772209910.994,58.82,1,0.707,0
1772209911.011,58.82,1,0.707,0
1772209911.028,58.82,1,0.707,0
1772209911.045,58.82,1,0.707,0
1772209911.061,62.50,1,0.707,0
1772209911.079,55.56,1,0.707,0
1772209911.095,58.82,1,0.707,0
1772209911.112,62.50,1,0.707,0
1772209911.128,58.82,1,0.707,0
1772209911.145,62.50,1,0.707,0
1772209911.161,62.50,1,0.707,0
1772209911.178,58.82,1,0.707,0
1772209911.194,62.50,1,0.707,0
1772209911.210,62.50,1,0.707,0
1772209911.227,58.82,1,0.707,0
1772209911.244,58.82,1,0.707,0
1772209911.261,58.82,1,0.707,0
1772209911.277,62.50,1,0.707,0
1772209911.294,58.82,1,0.707,0
1772209911.311,58.82,1,0.707,0
1772209911.327,62.50,1,0.707,0
1772209911.344,58.82,1,0.707,0
1772209911.360,62.50,1,0.707,0
1772209911.377,55.56,1,0.707,0
1772209911.393,62.50,1,0.707,0
1772209911.410,62.50,1,0.707,0
1772209911.428,55.56,1,0.707,0
1772209911.444,62.50,1,0.707,0
1772209911.461,58.82,1,0.707,0
1772209911.477,62.50,1,0.707,0
1772209911.494,58.82,1,0.707,0
1772209911.510,58.82,1,0.707,0
1772209911.527,62.50,1,0.707,0
1772209911.544,58.82,1,0.707,0
1772209911.560,62.50,1,0.707,0
1772209911.577,58.82,1,0.707,0
1772209911.594,58.82,1,0.707,0
1772209911.611,58.82,1,0.707,0
1772209911.627,62.50,1,0.707,0
1772209911.644,58.82,1,0.707,0
1772209911.661,58.82,1,0.707,0
1772209911.678,58.82,1,0.707,0
1772209911.694,62.50,1,0.707,0
1772209911.710,58.82,1,0.707,0
1772209911.727,62.50,1,0.707,0
1772209911.744,58.82,1,0.707,0
1772209911.761,58.82,1,0.707,0
1772209911.777,58.82,1,0.707,0
1772209911.794,62.50,1,0.707,0
1772209911.811,58.82,1,0.707,0
1772209911.827,62.50,1,0.707,0
1772209911.845,55.56,1,0.707,0
1772209911.861,62.50,1,0.707,0
1772209911.878,58.82,1,0.707,0
1772209911.894,62.50,1,0.707,0
1772209911.911,58.82,1,0.707,0
1772209911.928,58.82,1,0.707,0
1772209911.945,58.82,1,0.707,0
1772209911.962,55.56,1,0.707,0
1772209911.979,62.50,1,0.707,0
1772209911.995,58.82,1,0.707,0
1772209912.012,62.50,1,0.707,0
1772209912.028,62.50,1,0.707,0
1772209912.045,58.82,1,0.707,0
1772209912.062,58.82,1,0.707,0
1772209912.078,62.50,1,0.707,0
1772209912.095,58.82,1,0.707,0
1772209912.111,62.50,1,0.707,0
1772209912.127,62.50,1,0.707,0
1772209912.144,58.82,1,0.707,0
1772209912.160,62.50,1,0.707,0
1772209912.178,55.56,1,0.707,0
1772209912.194,62.50,1,0.707,0
1772209912.210,62.50,1,0.707,0
1772209912.227,58.82,1,0.707,0
1772209912.244,58.82,1,0.707,0
1772209912.260,58.82,1,0.707,0
1772209912.277,62.50,1,0.707,0
1772209912.293,62.50,1,0.707,0
1772209912.311,55.56,1,0.707,0
1772209912.327,62.50,1,0.707,0
1772209912.344,58.82,1,0.707,0
1772209912.361,58.82,1,0.707,0
1772209912.377,62.50,1,0.707,0
1772209912.394,58.82,1,0.707,0
1772209912.411,58.82,1,0.707,0
1772209912.427,62.50,1,0.707,0
1772209912.444,58.82,1,0.707,0
1772209912.460,62.50,1,0.707,0
1772209912.477,58.82,1,0.707,0
1772209912.494,58.82,1,0.707,0
1772209912.511,58.82,1,0.707,0
1772209912.528,58.82,1,0.707,0
1772209912.544,62.50,1,0.707,0
1772209912.561,58.82,1,0.707,0
1772209912.577,62.50,1,0.707,0
1772209912.594,58.82,1,0.707,0
1772209912.611,58.82,1,0.707,0
1772209912.628,58.82,1,0.707,0
1772209912.645,58.82,1,0.707,0
1772209912.661,58.82,1,0.707,0
1772209912.678,62.50,1,0.707,0
1772209912.695,58.82,1,0.707,0
1772209912.712,58.82,1,0.707,0
1772209912.728,62.50,1,0.707,0
1772209912.745,58.82,1,0.707,0
1772209912.762,58.82,1,0.707,0
1772209912.779,58.82,1,0.707,0
1772209912.796,58.82,1,0.707,0
1772209912.811,62.50,1,0.707,0
1772209912.828,62.50,1,0.707,0
1772209912.844,62.50,1,0.707,0
1772209912.861,58.82,1,0.707,0
1772209912.878,58.82,1,0.707,0
1772209912.894,62.50,1,0.707,0
1772209912.911,55.56,1,0.707,0
1772209912.928,62.50,1,0.707,0
1772209912.945,58.82,1,0.707,0
1772209912.961,62.50,1,0.707,0
1772209912.978,58.82,1,0.707,0
1772209912.995,58.82,1,0.707,0
1772209913.012,58.82,1,0.707,0
1772209913.029,58.82,1,0.707,0
1772209913.045,62.50,1,0.707,0
1772209913.062,58.82,1,0.707,0
1772209913.078,62.50,1,0.707,0
1772209913.095,58.82,1,0.707,0
1772209913.112,58.82,1,0.707,0
1772209913.128,62.50,1,0.707,0
1772209913.144,62.50,1,0.707,0
1772209913.161,58.82,1,0.707,0
1772209913.177,62.50,1,0.707,0
1772209913.194,55.56,1,0.707,0
1772209913.212,58.82,1,0.707,0
1772209913.228,58.82,1,0.707,0
1772209913.245,62.50,1,0.707,0
1772209913.262,58.82,1,0.707,0
1772209913.279,58.82,1,0.707,0
1772209913.296,58.82,1,0.707,0
1772209913.312,62.50,1,0.707,0
1772209913.329,58.82,1,0.707,0
1772209913.346,58.82,1,0.707,0
1772209913.363,55.56,1,0.707,0
1772209913.380,62.50,1,0.707,0
1772209913.396,62.50,1,0.707,0
1772209913.413,58.82,1,0.707,0
1772209913.430,58.82,1,0.707,0
1772209913.445,62.50,1,0.707,0
1772209913.462,62.50,1,0.707,0
1772209913.480,55.56,1,0.707,0
1772209913.496,62.50,1,0.707,0
1772209913.512,58.82,1,0.707,0
1772209913.530,58.82,1,0.707,0
1772209913.546,62.50,1,0.707,0
1772209913.563,58.82,1,0.707,0
1772209913.579,62.50,1,0.707,0
1772209913.596,58.82,1,0.707,0
1772209913.613,58.82,1,0.707,0
1772209913.630,58.82,1,0.707,0
1772209913.646,62.50,1,0.707,0
1772209913.663,58.82,1,0.707,0
1772209913.680,58.82,1,0.707,0
1772209913.696,62.50,1,0.707,0
1772209913.713,58.82,1,0.707,0
1772209913.730,58.82,1,0.707,0
1772209913.746,62.50,1,0.707,0
1772209913.763,58.82,1,0.707,0
1772209913.780,58.82,1,0.707,0
1772209913.797,58.82,1,0.707,0
1772209913.813,62.50,1,0.707,0
1772209913.830,58.82,1,0.707,0
1772209913.847,58.82,1,0.707,0
1772209913.863,58.82,1,0.707,0
1772209913.880,62.50,1,0.707,0
1772209913.896,62.50,1,0.707,0
1772209913.913,58.82,1,0.707,0
1772209913.930,58.82,1,0.707,0
1772209913.946,62.50,1,0.707,0
1772209913.962,62.50,1,0.707,0
1772209913.978,62.50,1,0.707,0
1772209913.994,58.82,1,0.707,0
1772209914.011,62.50,1,0.707,0
1772209914.028,58.82,1,0.707,0
1772209914.044,62.50,1,0.707,0
1772209914.060,62.50,1,0.707,0
1772209914.077,58.82,1,0.707,0
1772209914.093,62.50,1,0.707,0
1772209914.110,58.82,1,0.707,0
1772209914.126,58.82,1,0.707,0
1772209914.143,62.50,1,0.707,0
1772209914.160,58.82,1,0.707,0
1772209914.177,58.82,1,0.707,0
1772209914.194,58.82,1,0.707,0
1772209914.211,58.82,1,0.707,0
1772209914.227,62.50,1,0.707,0
1772209914.243,62.50,1,0.707,0
1772209914.260,55.56,1,0.707,0
1772209914.277,62.50,1,0.707,0
1772209914.293,62.50,1,0.707,0
1772209914.310,58.82,1,0.707,0
1772209914.327,58.82,1,0.707,0
1772209914.344,58.82,1,0.707,0
1772209914.361,58.82,1,0.707,0
1772209914.377,62.50,1,0.707,0
1772209914.394,58.82,1,0.707,0
1772209914.411,58.82,1,0.707,0
1772209914.427,62.50,1,0.707,0
1772209914.444,58.82,1,0.707,0
1772209914.461,58.82,1,0.707,0
1772209914.477,62.50,1,0.707,0
1772209914.493,62.50,1,0.707,0
1772209914.511,55.56,1,0.707,0
1772209914.527,58.82,1,0.707,0
1772209914.544,62.50,1,0.707,0
1772209914.561,58.82,1,0.707,0
1772209914.578,58.82,1,0.707,0
1772209914.594,62.50,1,0.707,0
1772209914.611,58.82,1,0.707,0
1772209914.627,62.50,1,0.707,0
1772209914.644,58.82,1,0.707,0
1772209914.660,62.50,1,0.707,0
1772209914.676,62.50,1,0.707,0
1772209914.693,58.82,1,0.707,0
1772209914.709,62.50,1,0.707,0
1772209914.726,58.82,1,0.707,0
1772209914.743,58.82,1,0.707,0
1772209914.759,58.82,1,0.707,0
1772209914.776,62.50,1,0.707,0
1772209914.793,58.82,1,0.707,0
1772209914.810,58.82,1,0.707,0
1772209914.826,62.50,1,0.707,0
1772209914.843,58.82,1,0.707,0
1772209914.860,58.82,1,0.707,0
1772209914.876,62.50,1,0.707,0
1772209914.893,58.82,1,0.707,0
1772209914.910,58.82,1,0.707,0
1772209914.927,58.82,1,0.707,0
1772209914.943,62.50,1,0.707,0
1772209914.961,55.56,1,0.707,0
1772209914.977,62.50,1,0.707,0
1772209914.994,58.82,1,0.707,0
1772209915.010,62.50,1,0.707,0
