Timestamp,Framerate,Active_Entities,Memory_MB,Active_Quadtree_Nodes
1772102213.228,0.87,1,0.707,1
1772102213.306,12.99,1,0.707,1
1772102213.329,43.48,1,0.707,1
1772102213.351,43.48,1,0.707,1
1772102213.371,50.00,1,0.707,1
1772102213.392,47.62,1,0.707,1
1772102213.423,32.26,1,0.707,1
1772102213.448,40.00,1,0.707,1
1772102213.468,50.00,1,0.707,1
1772102213.487,52.63,1,0.707,1
1772102213.505,55.56,1,0.707,1
1772102213.524,55.56,1,0.707,1
1772102213.542,52.63,1,0.707,1
1772102213.560,55.56,1,0.707,1
1772102213.580,52.63,1,0.707,1
1772102213.597,55.56,1,0.707,1
1772102213.615,55.56,1,0.707,1
1772102213.632,58.82,1,0.707,1
1772102213.650,55.56,1,0.707,1
1772102213.667,58.82,1,0.707,1
1772102213.684,58.82,1,0.707,1
1772102213.701,58.82,1,0.707,1
1772102213.718,58.82,1,0.707,1
1772102213.735,58.82,1,0.707,1
1772102213.752,58.82,1,0.707,1
1772102213.769,62.50,1,0.707,1
1772102213.785,58.82,1,0.707,1
1772102213.802,58.82,1,0.707,1
1772102213.819,58.82,1,0.707,1
1772102213.836,58.82,1,0.707,1
1772102213.853,58.82,1,0.707,1
1772102213.869,62.50,1,0.707,1
1772102213.886,58.82,1,0.707,1
1772102213.903,58.82,1,0.707,1
1772102213.919,62.50,1,0.707,1
1772102213.936,58.82,1,0.707,1
1772102213.953,58.82,1,0.707,1
1772102213.970,62.50,1,0.707,1
1772102213.986,58.82,1,0.707,1
1772102214.003,62.50,1,0.707,1
1772102214.019,58.82,1,0.707,1
1772102214.036,58.82,1,0.707,1
1772102214.052,62.50,1,0.707,1
1772102214.069,58.82,1,0.707,1
1772102214.085,62.50,1,0.707,1
1772102214.102,58.82,1,0.707,1
1772102214.118,62.50,1,0.707,1
1772102214.135,58.82,1,0.707,1
1772102214.152,58.82,1,0.707,1
1772102214.168,62.50,1,0.707,1
1772102214.185,58.82,1,0.707,1
1772102214.202,58.82,1,0.707,1
1772102214.218,62.50,1,0.707,1
1772102214.235,58.82,1,0.707,1
1772102214.251,62.50,1,0.707,1
1772102214.268,58.82,1,0.707,1
1772102214.284,62.50,1,0.707,1
1772102214.301,58.82,1,0.707,1
1772102214.318,58.82,1,0.707,1
1772102214.334,62.50,1,0.707,1
1772102214.351,58.82,1,0.707,1
1772102214.368,58.82,1,0.707,1
1772102214.385,58.82,1,0.707,1
1772102214.402,58.82,1,0.707,1
1772102214.419,58.82,1,0.707,1
1772102214.436,58.82,1,0.707,1
1772102214.453,58.82,1,0.707,1
1772102214.469,62.50,1,0.707,1
1772102214.486,58.82,1,0.707,1
1772102214.502,62.50,1,0.707,1
1772102214.519,58.82,1,0.707,1
1772102214.536,58.82,1,0.707,1
1772102214.553,58.82,1,0.707,1
1772102214.569,62.50,1,0.707,1
1772102214.586,58.82,1,0.707,1
1772102214.604,55.56,1,0.707,1
1772102214.621,58.82,1,0.707,1
1772102214.638,58.82,1,0.707,1
1772102214.655,58.82,1,0.707,1
1772102214.672,62.50,1,0.707,1
1772102214.688,58.82,1,0.707,1
1772102214.705,58.82,1,0.707,1
1772102214.722,58.82,1,0.707,1
1772102214.739,62.50,1,0.707,1
1772102214.755,58.82,1,0.707,1
1772102214.772,58.82,1,0.707,1
1772102214.789,58.82,1,0.707,1
1772102214.806,62.50,1,0.707,1
1772102214.822,58.82,1,0.707,1
1772102214.839,58.82,1,0.707,1
1772102214.856,58.82,1,0.707,1
1772102214.872,62.50,1,0.707,1
1772102214.889,58.82,1,0.707,1
1772102214.906,58.82,1,0.707,1
1772102214.922,62.50,1,0.707,1
1772102214.939,58.82,1,0.707,1
1772102214.956,62.50,1,0.707,1
1772102214.972,58.82,1,0.707,1
1772102214.989,58.82,1,0.707,1
1772102215.006,58.82,1,0.707,1
1772102215.022,62.50,1,0.707,1
1772102215.039,58.82,1,0.707,1
1772102215.056,58.82,1,0.707,1
1772102215.072,62.50,1,0.707,1
1772102215.089,58.82,1,0.707,1
1772102215.106,58.82,1,0.707,1
1772102215.123,58.82,1,0.707,1
1772102215.140,58.82,1,0.707,1
1772102215.158,55.56,1,0.707,1
1772102215.176,55.56,1,0.707,1
1772102215.192,62.50,1,0.707,1
1772102215.209,58.82,1,0.707,1
1772102215.226,58.82,1,0.707,1
1772102215.242,62.50,1,0.707,1
1772102215.259,58.82,1,0.707,1
1772102215.276,62.50,1,0.707,1
1772102215.292,58.82,1,0.707,1
1772102215.309,58.82,1,0.707,1
1772102215.325,62.50,1,0.707,1
1772102215.342,58.82,1,0.707,1
1772102215.358,62.50,1,0.707,1
1772102215.375,58.82,1,0.707,1
1772102215.391,62.50,1,0.707,1
1772102215.408,62.50,1,0.707,1
1772102215.424,58.82,1,0.707,1
1772102215.440,62.50,1,0.707,1
1772102215.457,58.82,1,0.707,1
1772102215.474,58.82,1,0.707,1
1772102215.490,62.50,1,0.707,1
1772102215.507,58.82,1,0.707,1
1772102215.523,62.50,1,0.707,1
1772102215.540,58.82,1,0.707,1
1772102215.556,62.50,1,0.707,1
1772102215.573,58.82,1,0.707,1
1772102215.589,62.50,1,0.707,1
1772102215.606,58.82,1,0.707,1
1772102215.622,62.50,1,0.707,1
1772102215.639,58.82,1,0.707,1
1772102215.655,62.50,1,0.707,1
1772102215.672,58.82,1,0.707,1
1772102215.688,62.50,1,0.707,1
1772102215.705,58.82,1,0.707,1
1772102215.721,62.50,1,0.707,1
1772102215.738,58.82,1,0.707,1
1772102215.755,62.50,1,0.707,1
1772102215.771,58.82,1,0.707,1
1772102215.788,62.50,1,0.707,1
1772102215.804,58.82,1,0.707,1
1772102215.821,58.82,1,0.707,1
1772102215.839,55.56,1,0.707,1
1772102215.856,58.82,1,0.707,1
1772102215.873,58.82,1,0.707,1
1772102215.889,62.50,1,0.707,1
1772102215.906,58.82,1,0.707,1
1772102215.923,58.82,1,0.707,1
1772102215.940,58.82,1,0.707,1
1772102215.957,58.82,1,0.707,1
1772102215.973,62.50,1,0.707,1
1772102215.990,58.82,1,0.707,1
1772102216.007,58.82,1,0.707,1
1772102216.023,62.50,1,0.707,1
1772102216.040,58.82,1,0.707,1
1772102216.056,62.50,1,0.707,1
1772102216.073,58.82,1,0.707,1
1772102216.089,62.50,1,0.707,1
1772102216.106,58.82,1,0.707,1
1772102216.122,62.50,1,0.707,1
1772102216.139,58.82,1,0.707,1
1772102216.155,62.50,1,0.707,1
1772102216.172,58.82,1,0.707,1
1772102216.188,62.50,1,0.707,1
1772102216.205,58.82,1,0.707,1
1772102216.221,62.50,1,0.707,1
1772102216.238,58.82,1,0.707,1
1772102216.255,62.50,1,0.707,1
1772102216.271,58.82,1,0.707,1
1772102216.288,62.50,1,0.707,1
1772102216.304,58.82,1,0.707,1
1772102216.320,62.50,1,0.707,1
1772102216.337,58.82,1,0.707,1
1772102216.353,62.50,1,0.707,1
1772102216.370,58.82,1,0.707,1
1772102216.386,62.50,1,0.707,1
1772102216.403,58.82,1,0.707,1
1772102216.419,62.50,1,0.707,1
1772102216.436,58.82,1,0.707,1
1772102216.452,62.50,1,0.707,1
1772102216.469,58.82,1,0.707,1
1772102216.485,62.50,1,0.707,1
1772102216.502,58.82,1,0.707,1
1772102216.518,62.50,1,0.707,1
1772102216.535,58.82,1,0.707,1
1772102216.552,58.82,1,0.707,1
1772102216.569,62.50,1,0.707,1
1772102216.585,58.82,1,0.707,1
1772102216.602,58.82,1,0.707,1
1772102216.619,62.50,1,0.707,1
1772102216.635,58.82,1,0.707,1
1772102216.652,58.82,1,0.707,1
1772102216.669,62.50,1,0.707,1
1772102216.686,55.56,1,0.707,1
1772102216.702,62.50,1,0.707,1
1772102216.719,58.82,1,0.707,1
1772102216.736,58.82,1,0.707,1
1772102216.752,62.50,1,0.707,1
1772102216.769,58.82,1,0.707,1
1772102216.786,62.50,1,0.707,1
1772102216.802,58.82,1,0.707,1
1772102216.819,58.82,1,0.707,1
1772102216.835,62.50,1,0.707,1
1772102216.852,58.82,1,0.707,1
1772102216.869,58.82,1,0.707,1
1772102216.885,62.50,1,0.707,1
1772102216.902,58.82,1,0.707,1
1772102216.919,58.82,1,0.707,1
1772102216.935,62.50,1,0.707,1
1772102216.952,58.82,1,0.707,1
1772102216.969,58.82,1,0.707,1
1772102216.985,62.50,1,0.707,1
1772102217.002,58.82,1,0.707,1
1772102217.018,62.50,1,0.707,1
1772102217.035,58.82,1,0.707,1
1772102217.052,62.50,1,0.707,1
1772102217.068,58.82,1,0.707,1
1772102217.085,58.82,1,0.707,1
1772102217.101,62.50,1,0.707,1
1772102217.118,58.82,1,0.707,1
1772102217.135,58.82,1,0.707,1
1772102217.151,62.50,1,0.707,1
1772102217.168,58.82,1,0.707,1
1772102217.185,58.82,1,0.707,1
1772102217.201,62.50,1,0.707,1
1772102217.218,58.82,1,0.707,1
1772102217.235,58.82,1,0.707,1
1772102217.251,62.50,1,0.707,1
1772102217.268,58.82,1,0.707,1
1772102217.284,62.50,1,0.707,1
1772102217.301,58.82,1,0.707,1
1772102217.318,58.82,1,0.707,1
1772102217.335,62.50,1,0.707,1
1772102217.351,58.82,1,0.707,1
1772102217.368,58.82,1,0.707,1
1772102217.384,62.50,1,0.707,1
1772102217.401,58.82,1,0.707,1
1772102217.417,62.50,1,0.707,1
1772102217.434,58.82,1,0.707,1
1772102217.451,62.50,1,0.707,1
1772102217.467,58.82,1,0.707,1
1772102217.486,52.63,1,0.707,1
1772102217.503,58.82,1,0.707,1
1772102217.520,58.82,1,0.707,1
1772102217.536,62.50,1,0.707,1
1772102217.553,58.82,1,0.707,1
1772102217.569,62.50,1,0.707,1
1772102217.586,58.82,1,0.707,1
1772102217.602,62.50,1,0.707,1
1772102217.619,58.82,1,0.707,1
1772102217.635,62.50,1,0.707,1
1772102217.652,58.82,1,0.707,1
1772102217.669,62.50,1,0.707,1
1772102217.685,58.82,1,0.707,1
1772102217.702,58.82,1,0.707,1
1772102217.718,62.50,1,0.707,1
1772102217.735,58.82,1,0.707,1
1772102217.751,62.50,1,0.707,1
1772102217.768,58.82,1,0.707,1
1772102217.785,62.50,1,0.707,1
1772102217.801,58.82,1,0.707,1
1772102217.818,58.82,1,0.707,1
1772102217.834,62.50,1,0.707,1
1772102217.851,58.82,1,0.707,1
1772102217.867,62.50,1,0.707,1
1772102217.884,58.82,1,0.707,1
1772102217.900,62.50,1,0.707,1
1772102217.917,58.82,1,0.707,1
1772102217.933,62.50,1,0.707,1
1772102217.950,58.82,1,0.707,1
1772102217.967,62.50,1,0.707,1
1772102217.983,58.82,1,0.707,1
1772102218.001,55.56,1,0.707,1
1772102218.017,62.50,1,0.707,1
1772102218.034,58.82,1,0.707,1
1772102218.050,62.50,1,0.707,1
1772102218.067,58.82,1,0.707,1
1772102218.084,58.82,1,0.707,1
1772102218.100,62.50,1,0.707,1
1772102218.117,58.82,1,0.707,1
1772102218.134,62.50,1,0.707,1
1772102218.150,58.82,1,0.707,1
1772102218.167,58.82,1,0.707,1
1772102218.183,62.50,1,0.707,1
1772102218.200,58.82,1,0.707,1
1772102218.216,62.50,1,0.707,1
1772102218.233,58.82,1,0.707,1
1772102218.250,62.50,1,0.707,1
1772102218.266,58.82,1,0.707,1
1772102218.283,58.82,1,0.707,1
1772102218.300,62.50,1,0.707,1
1772102218.316,58.82,1,0.707,1
1772102218.333,62.50,1,0.707,1
1772102218.349,58.82,1,0.707,1
1772102218.365,62.50,1,0.707,1
1772102218.382,58.82,1,0.707,1
1772102218.399,58.82,1,0.707,1
1772102218.416,58.82,1,0.707,1
1772102218.432,62.50,1,0.707,1
1772102218.449,58.82,1,0.707,1
1772102218.465,62.50,1,0.707,1
1772102218.482,58.82,1,0.707,1
1772102218.499,58.82,1,0.707,1
1772102218.516,62.50,1,0.707,1
1772102218.532,58.82,1,0.707,1
1772102218.548,62.50,1,0.707,1
1772102218.565,58.82,1,0.707,1
1772102218.582,58.82,1,0.707,1
1772102218.599,58.82,1,0.707,1
1772102218.615,62.50,1,0.707,1
1772102218.632,58.82,1,0.707,1
1772102218.649,58.82,1,0.707,1
1772102218.665,62.50,1,0.707,1
1772102218.682,58.82,1,0.707,1
1772102218.699,58.82,1,0.707,1
1772102218.715,62.50,1,0.707,1
1772102218.732,58.82,1,0.707,1
1772102218.748,62.50,1,0.707,1
1772102218.765,58.82,1,0.707,1
1772102218.782,58.82,1,0.707,1
1772102218.798,62.50,1,0.707,1
1772102218.815,58.82,1,0.707,1
1772102218.831,62.50,1,0.707,1
1772102218.848,58.82,1,0.707,1
1772102218.865,58.82,1,0.707,1
1772102218.882,62.50,1,0.707,1
1772102218.898,58.82,1,0.707,1
1772102218.915,58.82,1,0.707,1
1772102218.932,62.50,1,0.707,1
1772102218.948,58.82,1,0.707,1
1772102218.965,58.82,1,0.707,1
1772102218.982,62.50,1,0.707,1
1772102218.998,58.82,1,0.707,1
1772102219.015,58.82,1,0.707,1
1772102219.032,58.82,1,0.707,1
1772102219.049,58.82,1,0.707,1
1772102219.066,62.50,1,0.707,1
1772102219.082,58.82,1,0.707,1
1772102219.099,58.82,1,0.707,1
1772102219.116,58.82,1,0.707,1
1772102219.132,62.50,1,0.707,1
1772102219.149,58.82,1,0.707,1
1772102219.165,62.50,1,0.707,1
1772102219.182,58.82,1,0.707,1
1772102219.199,58.82,1,0.707,1
1772102219.216,62.50,1,0.707,1
1772102219.233,55.56,1,0.707,1
1772102219.249,62.50,1,0.707,1
1772102219.266,58.82,1,0.707,1
1772102219.283,58.82,1,0.707,1
1772102219.300,62.50,1,0.707,1
1772102219.316,58.82,1,0.707,1
1772102219.333,62.50,1,0.707,1
1772102219.349,58.82,1,0.707,1
1772102219.366,58.82,1,0.707,1
1772102219.383,62.50,1,0.707,1
1772102219.399,58.82,1,0.707,1
1772102219.416,58.82,1,0.707,1
1772102219.433,62.50,1,0.707,1
1772102219.449,58.82,1,0.707,1
1772102219.465,62.50,1,0.707,1
1772102219.482,58.82,1,0.707,1
1772102219.499,58.82,1,0.707,1
1772102219.515,62.50,1,0.707,1
1772102219.532,58.82,1,0.707,1
1772102219.548,62.50,1,0.707,1
1772102219.565,58.82,1,0.707,1
1772102219.582,58.82,1,0.707,1
1772102219.598,62.50,1,0.707,1
1772102219.615,58.82,1,0.707,1
1772102219.632,58.82,1,0.707,1
1772102219.648,62.50,1,0.707,1
1772102219.665,58.82,1,0.707,1
1772102219.682,58.82,1,0.707,1
1772102219.699,62.50,1,0.707,1
1772102219.716,58.82,1,0.707,1
1772102219.732,58.82,1,0.707,1
1772102219.748,62.50,1,0.707,1
1772102219.765,58.82,1,0.707,1
1772102219.782,58.82,1,0.707,1
1772102219.799,58.82,1,0.707,1
1772102219.816,58.82,1,0.707,1
1772102219.832,62.50,1,0.707,1
1772102219.849,58.82,1,0.707,1
1772102219.866,62.50,1,0.707,1
1772102219.882,58.82,1,0.707,1
1772102219.899,58.82,1,0.707,1
1772102219.916,58.82,1,0.707,1
1772102219.932,62.50,1,0.707,1
1772102219.949,58.82,1,0.707,1
1772102219.966,58.82,1,0.707,1
1772102219.983,62.50,1,0.707,1
1772102219.999,58.82,1,0.707,1
1772102220.018,55.56,1,0.707,1
1772102220.034,58.82,1,0.707,1
1772102220.051,58.82,1,0.707,1
1772102220.067,62.50,1,0.707,1
1772102220.084,58.82,1,0.707,1
1772102220.101,58.82,1,0.707,1
1772102220.118,62.50,1,0.707,1
1772102220.134,58.82,1,0.707,1
1772102220.151,58.82,1,0.707,1
1772102220.168,62.50,1,0.707,1
1772102220.184,58.82,1,0.707,1
1772102220.201,58.82,1,0.707,1
1772102220.218,58.82,1,0.707,1
1772102220.235,62.50,1,0.707,1
1772102220.251,58.82,1,0.707,1
1772102220.268,58.82,1,0.707,1
1772102220.285,58.82,1,0.707,1
1772102220.302,62.50,1,0.707,1
1772102220.319,55.56,1,0.707,1
1772102220.335,62.50,1,0.707,1
1772102220.352,58.82,1,0.707,1
1772102220.369,62.50,1,0.707,1
1772102220.385,58.82,1,0.707,1
1772102220.402,58.82,1,0.707,1
1772102220.419,58.82,1,0.707,1
1772102220.436,62.50,1,0.707,1
1772102220.452,58.82,1,0.707,1
1772102220.469,58.82,1,0.707,1
1772102220.486,62.50,1,0.707,1
1772102220.502,58.82,1,0.707,1
1772102220.519,58.82,1,0.707,1
1772102220.535,62.50,1,0.707,1
1772102220.552,58.82,1,0.707,1
1772102220.569,58.82,1,0.707,1
1772102220.586,58.82,1,0.707,1
1772102220.603,62.50,1,0.707,1
1772102220.619,58.82,1,0.707,1
1772102220.636,58.82,1,0.707,1
1772102220.653,58.82,1,0.707,1
1772102220.669,62.50,1,0.707,1
1772102220.686,58.82,1,0.707,1
1772102220.702,62.50,1,0.707,1
1772102220.719,58.82,1,0.707,1
1772102220.735,62.50,1,0.707,1
1772102220.752,58.82,1,0.707,1
1772102220.768,62.50,1,0.707,1
1772102220.785,62.50,1,0.707,1
1772102220.801,58.82,1,0.707,1
1772102220.817,62.50,1,0.707,1
1772102220.834,58.82,1,0.707,1
1772102220.850,62.50,1,0.707,1
1772102220.867,62.50,1,0.707,1
1772102220.883,58.82,1,0.707,1
1772102220.900,58.82,1,0.707,1
1772102220.916,62.50,1,0.707,1
1772102220.933,58.82,1,0.707,1
1772102220.950,58.82,1,0.707,1
1772102220.966,62.50,1,0.707,1
1772102220.983,62.50,1,0.707,1
1772102220.999,58.82,1,0.707,1
1772102221.019,52.63,1,0.707,1
1772102221.035,58.82,1,0.707,1
1772102221.052,62.50,1,0.707,1
1772102221.068,58.82,1,0.707,1
1772102221.084,62.50,1,0.707,1
1772102221.101,58.82,1,0.707,1
1772102221.117,62.50,1,0.707,1
1772102221.134,62.50,1,0.707,1
1772102221.150,58.82,1,0.707,1
1772102221.167,62.50,1,0.707,1
1772102221.183,58.82,1,0.707,1
1772102221.200,62.50,1,0.707,1
1772102221.216,58.82,1,0.707,1
1772102221.232,62.50,1,0.707,1
1772102221.249,58.82,1,0.707,1
1772102221.266,58.82,1,0.707,1
1772102221.283,62.50,1,0.707,1
1772102221.299,58.82,1,0.707,1
1772102221.316,58.82,1,0.707,1
1772102221.332,62.50,1,0.707,1
1772102221.349,58.82,1,0.707,1
1772102221.366,58.82,1,0.707,1
1772102221.383,58.82,1,0.707,1
1772102221.399,62.50,1,0.707,1
1772102221.416,58.82,1,0.707,1
1772102221.432,62.50,1,0.707,1
1772102221.449,58.82,1,0.707,1
1772102221.465,62.50,1,0.707,1
1772102221.482,62.50,1,0.707,1
1772102221.498,58.82,1,0.707,1
1772102221.515,58.82,1,0.707,1
1772102221.532,58.82,1,0.707,1
1772102221.549,58.82,1,0.707,1
1772102221.566,62.50,1,0.707,1
1772102221.583,55.56,1,0.707,1
1772102221.599,62.50,1,0.707,1
1772102221.616,58.82,1,0.707,1
1772102221.632,62.50,1,0.707,1
1772102221.649,58.82,1,0.707,1
1772102221.665,62.50,1,0.707,1
1772102221.682,58.82,1,0.707,1
1772102221.699,62.50,1,0.707,1
1772102221.715,58.82,1,0.707,1
1772102221.732,58.82,1,0.707,1
1772102221.749,58.82,1,0.707,1
1772102221.766,62.50,1,0.707,1
1772102221.782,58.82,1,0.707,1
1772102221.799,58.82,1,0.707,1
1772102221.816,58.82,1,0.707,1
1772102221.832,62.50,1,0.707,1
1772102221.849,58.82,1,0.707,1
1772102221.866,58.82,1,0.707,1
1772102221.882,62.50,1,0.707,1
1772102221.899,58.82,1,0.707,1
1772102221.916,62.50,1,0.707,1
1772102221.932,58.82,1,0.707,1
1772102221.949,58.82,1,0.707,1
1772102221.966,58.82,1,0.707,1
1772102221.982,62.50,1,0.707,1
1772102221.999,58.82,1,0.707,1
1772102222.015,62.50,1,0.707,1
1772102222.032,58.82,1,0.707,1
1772102222.049,62.50,1,0.707,1
1772102222.066,58.82,1,0.707,1
1772102222.082,58.82,1,0.707,1
1772102222.098,62.50,1,0.707,1
1772102222.115,58.82,1,0.707,1
1772102222.131,62.50,1,0.707,1
1772102222.148,62.50,1,0.707,1
1772102222.166,52.63,1,0.707,1
1772102222.182,62.50,1,0.707,1
1772102222.199,62.50,1,0.707,1
1772102222.215,58.82,1,0.707,1
1772102222.232,58.82,1,0.707,1
1772102222.249,58.82,1,0.707,1
1772102222.266,58.82,1,0.707,1
1772102222.283,58.82,1,0.707,1
1772102222.299,62.50,1,0.707,1
1772102222.316,58.82,1,0.707,1
1772102222.332,62.50,1,0.707,1
1772102222.349,58.82,1,0.707,1
1772102222.366,62.50,1,0.707,1
1772102222.382,58.82,1,0.707,1
1772102222.399,58.82,1,0.707,1
1772102222.416,58.82,1,0.707,1
1772102222.433,62.50,1,0.707,1
1772102222.449,58.82,1,0.707,1
1772102222.466,62.50,1,0.707,1
1772102222.482,58.82,1,0.707,1
1772102222.499,58.82,1,0.707,1
1772102222.516,58.82,1,0.707,1
1772102222.532,62.50,1,0.707,1
1772102222.549,58.82,1,0.707,1
1772102222.565,62.50,1,0.707,1
1772102222.582,58.82,1,0.707,1
1772102222.598,62.50,1,0.707,1
1772102222.615,58.82,1,0.707,1
1772102222.632,58.82,1,0.707,1
1772102222.648,62.50,1,0.707,1
1772102222.665,58.82,1,0.707,1
1772102222.682,62.50,1,0.707,1
1772102222.698,58.82,1,0.707,1
1772102222.715,58.82,1,0.707,1
1772102222.731,62.50,1,0.707,1
1772102222.748,58.82,1,0.707,1
1772102222.765,58.82,1,0.707,1
1772102222.782,58.82,1,0.707,1
1772102222.799,62.50,1,0.707,1
1772102222.816,55.56,1,0.707,1
1772102222.832,62.50,1,0.707,1
1772102222.849,58.82,1,0.707,1
1772102222.866,62.50,1,0.707,1
1772102222.882,58.82,1,0.707,1
1772102222.898,62.50,1,0.707,1
1772102222.915,58.82,1,0.707,1
1772102222.932,58.82,1,0.707,1
1772102222.949,58.82,1,0.707,1
1772102222.965,62.50,1,0.707,1
1772102222.982,58.82,1,0.707,1
1772102222.998,62.50,1,0.707,1
1772102223.015,58.82,1,0.707,1
1772102223.032,58.82,1,0.707,1
1772102223.048,62.50,1,0.707,1
1772102223.065,58.82,1,0.707,1
1772102223.081,62.50,1,0.707,1
1772102223.098,58.82,1,0.707,1
1772102223.116,58.82,1,0.707,1
1772102223.132,58.82,1,0.707,1
1772102223.149,58.82,1,0.707,1
1772102223.165,62.50,1,0.707,1
1772102223.182,58.82,1,0.707,1
1772102223.198,62.50,1,0.707,1
1772102223.215,58.82,1,0.707,1
1772102223.232,58.82,1,0.707,1
1772102223.249,58.82,1,0.707,1
1772102223.265,62.50,1,0.707,1
1772102223.282,58.82,1,0.707,1
1772102223.299,58.82,1,0.707,1
1772102223.315,62.50,1,0.707,1
1772102223.332,58.82,1,0.707,1
1772102223.348,62.50,1,0.707,1
1772102223.365,58.82,1,0.707,1
1772102223.382,58.82,1,0.707,1
1772102223.398,62.50,1,0.707,1
1772102223.415,58.82,1,0.707,1
1772102223.432,58.82,1,0.707,1
1772102223.449,58.82,1,0.707,1
1772102223.465,62.50,1,0.707,1
1772102223.482,58.82,1,0.707,1
1772102223.499,58.82,1,0.707,1
1772102223.516,58.82,1,0.707,1
1772102223.533,58.82,1,0.707,1
1772102223.550,62.50,1,0.707,1
1772102223.566,58.82,1,0.707,1
1772102223.583,58.82,1,0.707,1
1772102223.599,62.50,1,0.707,1
1772102223.616,58.82,1,0.707,1
1772102223.632,62.50,1,0.707,1
1772102223.649,58.82,1,0.707,1
1772102223.666,58.82,1,0.707,1
1772102223.682,62.50,1,0.707,1
1772102223.699,58.82,1,0.707,1
1772102223.716,58.82,1,0.707,1
1772102223.732,62.50,1,0.707,1
1772102223.749,58.82,1,0.707,1
1772102223.766,58.82,1,0.707,1
1772102223.782,62.50,1,0.707,1
1772102223.799,58.82,1,0.707,1
1772102223.816,62.50,1,0.707,1
1772102223.832,58.82,1,0.707,1
1772102223.849,58.82,1,0.707,1
1772102223.865,62.50,1,0.707,1
1772102223.882,58.82,1,0.707,1
1772102223.899,58.82,1,0.707,1
1772102223.915,62.50,1,0.707,1
1772102223.932,58.82,1,0.707,1
1772102223.949,58.82,1,0.707,1
1772102223.965,62.50,1,0.707,1
1772102223.982,58.82,1,0.707,1
1772102223.998,62.50,1,0.707,1
1772102224.016,58.82,1,0.707,1
1772102224.032,58.82,1,0.707,1
1772102224.049,58.82,1,0.707,1
1772102224.066,58.82,1,0.707,1
1772102224.082,62.50,1,0.707,1
1772102224.099,58.82,1,0.707,1
1772102224.116,62.50,1,0.707,1
1772102224.132,58.82,1,0.707,1
1772102224.149,58.82,1,0.707,1
1772102224.165,62.50,1,0.707,1
1772102224.182,58.82,1,0.707,1
1772102224.199,58.82,1,0.707,1
1772102224.215,62.50,1,0.707,1
1772102224.232,58.82,1,0.707,1
1772102224.248,62.50,1,0.707,1
1772102224.266,55.56,1,0.707,1
1772102224.283,62.50,1,0.707,1
1772102224.299,58.82,1,0.707,1
1772102224.316,58.82,1,0.707,1
1772102224.332,62.50,1,0.707,1
1772102224.349,58.82,1,0.707,1
1772102224.366,58.82,1,0.707,1
1772102224.382,62.50,1,0.707,1
1772102224.399,58.82,1,0.707,1
1772102224.415,62.50,1,0.707,1
1772102224.432,58.82,1,0.707,1
1772102224.449,58.82,1,0.707,1
1772102224.466,62.50,1,0.707,1
1772102224.482,58.82,1,0.707,1
1772102224.499,58.82,1,0.707,1
1772102224.515,62.50,1,0.707,1
1772102224.532,58.82,1,0.707,1
1772102224.549,58.82,1,0.707,1
1772102224.566,62.50,1,0.707,1
1772102224.582,58.82,1,0.707,1
1772102224.599,58.82,1,0.707,1
1772102224.616,58.82,1,0.707,1
1772102224.632,62.50,1,0.707,1
1772102224.649,58.82,1,0.707,1
1772102224.666,58.82,1,0.707,1
1772102224.682,62.50,1,0.707,1
1772102224.699,58.82,1,0.707,1
1772102224.715,62.50,1,0.707,1
1772102224.732,58.82,1,0.707,1
1772102224.748,62.50,1,0.707,1
1772102224.765,58.82,1,0.707,1
1772102224.782,58.82,1,0.707,1
1772102224.799,62.50,1,0.707,1
1772102224.815,58.82,1,0.707,1
1772102224.832,58.82,1,0.707,1
1772102224.849,58.82,1,0.707,1
1772102224.866,58.82,1,0.707,1
1772102224.882,62.50,1,0.707,1
1772102224.899,58.82,1,0.707,1
1772102224.915,62.50,1,0.707,1
1772102224.932,58.82,1,0.707,1
1772102224.949,58.82,1,0.707,1
1772102224.966,58.82,1,0.707,1
1772102224.983,58.82,1,0.707,1
1772102224.999,62.50,1,0.707,1
1772102225.016,58.82,1,0.707,1
1772102225.032,62.50,1,0.707,1
1772102225.049,58.82,1,0.707,1
1772102225.065,62.50,1,0.707,1
1772102225.082,58.82,1,0.707,1
1772102225.099,58.82,1,0.707,1
1772102225.115,62.50,1,0.707,1
1772102225.132,58.82,1,0.707,1
1772102225.148,62.50,1,0.707,1
1772102225.165,58.82,1,0.707,1
1772102225.182,58.82,1,0.707,1
1772102225.199,58.82,1,0.707,1
1772102225.216,58.82,1,0.707,1
1772102225.233,58.82,1,0.707,1
1772102225.249,62.50,1,0.707,1
1772102225.266,58.82,1,0.707,1
1772102225.283,58.82,1,0.707,1
1772102225.300,58.82,1,0.707,1
1772102225.316,62.50,1,0.707,1
1772102225.333,58.82,1,0.707,1
1772102225.350,58.82,1,0.707,1
1772102225.366,62.50,1,0.707,1
1772102225.383,58.82,1,0.707,1
1772102225.400,58.82,1,0.707,1
1772102225.417,62.50,1,0.707,1
1772102225.433,58.82,1,0.707,1
1772102225.450,62.50,1,0.707,1
1772102225.466,58.82,1,0.707,1
1772102225.483,58.82,1,0.707,1
1772102225.499,62.50,1,0.707,1
1772102225.516,58.82,1,0.707,1
1772102225.532,62.50,1,0.707,1
1772102225.549,58.82,1,0.707,1
1772102225.565,62.50,1,0.707,1
1772102225.582,58.82,1,0.707,1
1772102225.599,62.50,1,0.707,1
1772102225.616,55.56,1,0.707,1
1772102225.632,62.50,1,0.707,1
1772102225.649,62.50,1,0.707,1
1772102225.665,58.82,1,0.707,1
1772102225.683,55.56,1,0.707,1
1772102225.699,62.50,1,0.707,1
1772102225.716,58.82,1,0.707,1
1772102225.733,58.82,1,0.707,1
1772102225.749,62.50,1,0.707,1
1772102225.766,58.82,1,0.707,1
1772102225.782,62.50,1,0.707,1
1772102225.799,58.82,1,0.707,1
1772102225.815,62.50,1,0.707,1
1772102225.832,58.82,1,0.707,1
1772102225.849,58.82,1,0.707,1
1772102225.865,62.50,1,0.707,1
1772102225.882,58.82,1,0.707,1
1772102225.899,58.82,1,0.707,1
1772102225.915,62.50,1,0.707,1
1772102225.932,58.82,1,0.707,1
1772102225.948,62.50,1,0.707,1
1772102225.965,58.82,1,0.707,1
1772102225.982,58.82,1,0.707,1
1772102225.999,58.82,1,0.707,1
1772102226.015,62.50,1,0.707,1
1772102226.032,58.82,1,0.707,1
1772102226.048,62.50,1,0.707,1
1772102226.065,58.82,1,0.707,1
1772102226.082,58.82,1,0.707,1
1772102226.099,62.50,1,0.707,1
1772102226.115,58.82,1,0.707,1
1772102226.132,58.82,1,0.707,1
1772102226.148,62.50,1,0.707,1
1772102226.165,58.82,1,0.707,1
1772102226.182,58.82,1,0.707,1
1772102226.199,62.50,1,0.707,1
1772102226.215,58.82,1,0.707,1
1772102226.232,58.82,1,0.707,1
1772102226.249,58.82,1,0.707,1
1772102226.266,58.82,1,0.707,1
1772102226.282,62.50,1,0.707,1
1772102226.299,58.82,1,0.707,1
1772102226.316,58.82,1,0.707,1
1772102226.332,62.50,1,0.707,1
1772102226.349,58.82,1,0.707,1
1772102226.365,62.50,1,0.707,1
1772102226.382,58.82,1,0.707,1
1772102226.399,58.82,1,0.707,1
1772102226.416,62.50,1,0.707,1
1772102226.432,58.82,1,0.707,1
1772102226.449,58.82,1,0.707,1
1772102226.465,62.50,1,0.707,1
1772102226.482,58.82,1,0.707,1
1772102226.499,58.82,1,0.707,1
1772102226.515,62.50,1,0.707,1
1772102226.533,55.56,1,0.707,1
1772102226.550,58.82,1,0.707,1
1772102226.567,58.82,1,0.707,1
1772102226.583,62.50,1,0.707,1
1772102226.600,58.82,1,0.707,1
1772102226.617,58.82,1,0.707,1
1772102226.633,62.50,1,0.707,1
1772102226.650,58.82,1,0.707,1
1772102226.667,58.82,1,0.707,1
1772102226.684,58.82,1,0.707,1
1772102226.700,62.50,1,0.707,1
1772102226.717,58.82,1,0.707,1
1772102226.734,58.82,1,0.707,1
1772102226.751,62.50,1,0.707,1
1772102226.767,58.82,1,0.707,1
1772102226.784,58.82,1,0.707,1
1772102226.800,62.50,1,0.707,1
1772102226.817,58.82,1,0.707,1
1772102226.834,62.50,1,0.707,1
1772102226.850,58.82,1,0.707,1
1772102226.867,58.82,1,0.707,1
1772102226.884,62.50,1,0.707,1
1772102226.900,58.82,1,0.707,1
1772102226.917,58.82,1,0.707,1
1772102226.934,62.50,1,0.707,1
1772102226.950,58.82,1,0.707,1
1772102226.967,58.82,1,0.707,1
1772102226.983,62.50,1,0.707,1
1772102227.000,58.82,1,0.707,1
1772102227.017,62.50,1,0.707,1
1772102227.033,58.82,1,0.707,1
1772102227.050,58.82,1,0.707,1
1772102227.067,58.82,1,0.707,1
1772102227.083,62.50,1,0.707,1
1772102227.100,58.82,1,0.707,1
1772102227.117,62.50,1,0.707,1
1772102227.133,58.82,1,0.707,1
1772102227.150,58.82,1,0.707,1
1772102227.166,62.50,1,0.707,1
1772102227.183,58.82,1,0.707,1
1772102227.199,62.50,1,0.707,1
1772102227.216,58.82,1,0.707,1
1772102227.233,58.82,1,0.707,1
1772102227.249,62.50,1,0.707,1
1772102227.266,58.82,1,0.707,1
1772102227.283,62.50,1,0.707,1
1772102227.299,58.82,1,0.707,1
1772102227.316,58.82,1,0.707,1
1772102227.333,62.50,1,0.707,1
1772102227.349,58.82,1,0.707,1
1772102227.366,58.82,1,0.707,1
1772102227.383,58.82,1,0.707,1
1772102227.400,62.50,1,0.707,1
1772102227.416,58.82,1,0.707,1
1772102227.433,58.82,1,0.707,1
1772102227.449,62.50,1,0.707,1
1772102227.466,58.82,1,0.707,1
1772102227.483,58.82,1,0.707,1
1772102227.500,58.82,1,0.707,1
1772102227.516,62.50,1,0.707,1
1772102227.533,58.82,1,0.707,1
1772102227.550,62.50,1,0.707,1
1772102227.566,58.82,1,0.707,1
1772102227.583,58.82,1,0.707,1
1772102227.600,58.82,1,0.707,1
1772102227.616,62.50,1,0.707,1
1772102227.633,58.82,1,0.707,1
1772102227.650,62.50,1,0.707,1
1772102227.666,58.82,1,0.707,1
1772102227.683,58.82,1,0.707,1
1772102227.699,62.50,1,0.707,1
1772102227.716,58.82,1,0.707,1
1772102227.732,62.50,1,0.707,1
1772102227.749,58.82,1,0.707,1
1772102227.765,62.50,1,0.707,1
1772102227.782,58.82,1,0.707,1
1772102227.799,58.82,1,0.707,1
1772102227.816,58.82,1,0.707,1
1772102227.833,62.50,1,0.707,1
1772102227.849,58.82,1,0.707,1
1772102227.866,58.82,1,0.707,1
1772102227.883,62.50,1,0.707,1
1772102227.899,58.82,1,0.707,1
1772102227.916,58.82,1,0.707,1
1772102227.932,62.50,1,0.707,1
1772102227.949,58.82,1,0.707,1
1772102227.966,58.82,1,0.707,1
1772102227.982,62.50,1,0.707,1
1772102227.999,58.82,1,0.707,1
1772102228.016,62.50,1,0.707,1
1772102228.032,58.82,1,0.707,1
1772102228.049,58.82,1,0.707,1
1772102228.066,62.50,1,0.707,1
1772102228.082,58.82,1,0.707,1
1772102228.099,58.82,1,0.707,1
1772102228.116,62.50,1,0.707,1
1772102228.132,58.82,1,0.707,1
1772102228.149,58.82,1,0.707,1
1772102228.165,62.50,1,0.707,1
1772102228.182,58.82,1,0.707,1
1772102228.199,58.82,1,0.707,1
1772102228.216,58.82,1,0.707,1
1772102228.232,62.50,1,0.707,1
1772102228.249,58.82,1,0.707,1
1772102228.265,62.50,1,0.707,1
1772102228.282,58.82,1,0.707,1
1772102228.299,58.82,1,0.707,1
1772102228.315,62.50,1,0.707,1
1772102228.332,58.82,1,0.707,1
1772102228.349,58.82,1,0.707,1
1772102228.365,62.50,1,0.707,1
1772102228.382,58.82,1,0.707,1
1772102228.399,58.82,1,0.707,1
1772102228.416,58.82,1,0.707,1
1772102228.432,62.50,1,0.707,1
1772102228.449,58.82,1,0.707,1
1772102228.465,62.50,1,0.707,1
1772102228.482,58.82,1,0.707,1
1772102228.499,62.50,1,0.707,1
1772102228.515,58.82,1,0.707,1
1772102228.532,58.82,1,0.707,1
1772102228.548,62.50,1,0.707,1
1772102228.565,58.82,1,0.707,1
1772102228.582,58.82,1,0.707,1
1772102228.599,62.50,1,0.707,1
1772102228.615,58.82,1,0.707,1
1772102228.632,62.50,1,0.707,1
1772102228.649,58.82,1,0.707,1
1772102228.666,55.56,1,0.707,1
1772102228.683,58.82,1,0.707,1
1772102228.700,58.82,1,0.707,1
1772102228.717,62.50,1,0.707,1
1772102228.733,58.82,1,0.707,1
1772102228.750,58.82,1,0.707,1
1772102228.766,62.50,1,0.707,1
1772102228.783,58.82,1,0.707,1
1772102228.799,62.50,1,0.707,1
1772102228.816,58.82,1,0.707,1
1772102228.833,58.82,1,0.707,1
1772102228.849,62.50,1,0.707,1
1772102228.866,58.82,1,0.707,1
1772102228.883,58.82,1,0.707,1
1772102228.900,58.82,1,0.707,1
1772102228.916,62.50,1,0.707,1
1772102228.933,58.82,1,0.707,1
1772102228.950,58.82,1,0.707,1
1772102228.967,58.82,1,0.707,1
1772102228.984,58.82,1,0.707,1
1772102229.000,62.50,1,0.707,1
1772102229.017,58.82,1,0.707,1
1772102229.034,58.82,1,0.707,1
1772102229.050,62.50,1,0.707,1
1772102229.067,58.82,1,0.707,1
1772102229.084,58.82,1,0.707,1
1772102229.100,62.50,1,0.707,1
1772102229.117,58.82,1,0.707,1
1772102229.134,62.50,1,0.707,1
1772102229.150,58.82,1,0.707,1
1772102229.167,58.82,1,0.707,1
1772102229.183,62.50,1,0.707,1
1772102229.200,58.82,1,0.707,1
1772102229.217,58.82,1,0.707,1
1772102229.234,62.50,1,0.707,1
1772102229.250,58.82,1,0.707,1
1772102229.267,58.82,1,0.707,1
1772102229.283,62.50,1,0.707,1
1772102229.300,58.82,1,0.707,1
1772102229.317,58.82,1,0.707,1
1772102229.333,62.50,1,0.707,1
1772102229.350,58.82,1,0.707,1
1772102229.367,62.50,1,0.707,1
1772102229.383,58.82,1,0.707,1
1772102229.400,58.82,1,0.707,1
1772102229.416,62.50,1,0.707,1
1772102229.433,58.82,1,0.707,1
1772102229.450,58.82,1,0.707,1
1772102229.466,62.50,1,0.707,1
1772102229.483,58.82,1,0.707,1
1772102229.500,58.82,1,0.707,1
1772102229.516,62.50,1,0.707,1
1772102229.533,58.82,1,0.707,1
1772102229.550,62.50,1,0.707,1
1772102229.566,58.82,1,0.707,1
1772102229.583,58.82,1,0.707,1
1772102229.600,62.50,1,0.707,1
1772102229.617,58.82,1,0.707,1
1772102229.633,58.82,1,0.707,1
1772102229.650,58.82,1,0.707,1
1772102229.666,62.50,1,0.707,1
1772102229.683,58.82,1,0.707,1
1772102229.700,62.50,1,0.707,1
1772102229.716,58.82,1,0.707,1
1772102229.733,58.82,1,0.707,1
1772102229.749,62.50,1,0.707,1
1772102229.766,58.82,1,0.707,1
1772102229.783,62.50,1,0.707,1
1772102229.799,58.82,1,0.707,1
1772102229.816,58.82,1,0.707,1
1772102229.832,62.50,1,0.707,1
1772102229.849,58.82,1,0.707,1
1772102229.866,58.82,1,0.707,1
1772102229.883,58.82,1,0.707,1
1772102229.899,62.50,1,0.707,1
1772102229.916,58.82,1,0.707,1
1772102229.932,62.50,1,0.707,1
1772102229.949,58.82,1,0.707,1
1772102229.965,62.50,1,0.707,1
1772102229.982,58.82,1,0.707,1
1772102229.999,58.82,1,0.707,1
1772102230.016,62.50,1,0.707,1
1772102230.032,58.82,1,0.707,1
1772102230.049,58.82,1,0.707,1
1772102230.066,62.50,1,0.707,1
1772102230.082,58.82,1,0.707,1
1772102230.099,58.82,1,0.707,1
1772102230.115,62.50,1,0.707,1
1772102230.132,58.82,1,0.707,1
1772102230.149,58.82,1,0.707,1
1772102230.165,62.50,1,0.707,1
1772102230.182,58.82,1,0.707,1
1772102230.199,58.82,1,0.707,1
1772102230.215,62.50,1,0.707,1
1772102230.232,58.82,1,0.707,1
1772102230.249,58.82,1,0.707,1
1772102230.266,62.50,1,0.707,1
1772102230.282,58.82,1,0.707,1
1772102230.299,58.82,1,0.707,1
1772102230.316,62.50,1,0.707,1
1772102230.332,58.82,1,0.707,1
1772102230.349,58.82,1,0.707,1
1772102230.365,62.50,1,0.707,1
1772102230.383,58.82,1,0.707,1
1772102230.399,58.82,1,0.707,1
1772102230.416,58.82,1,0.707,1
1772102230.433,58.82,1,0.707,1
1772102230.449,62.50,1,0.707,1
1772102230.466,58.82,1,0.707,1
1772102230.483,62.50,1,0.707,1
1772102230.499,58.82,1,0.707,1
1772102230.516,62.50,1,0.707,1
1772102230.532,58.82,1,0.707,1
1772102230.548,62.50,1,0.707,1
1772102230.565,58.82,1,0.707,1
1772102230.583,58.82,1,0.707,1
1772102230.599,58.82,1,0.707,1
1772102230.616,58.82,1,0.707,1
1772102230.632,62.50,1,0.707,1
1772102230.649,58.82,1,0.707,1
1772102230.665,62.50,1,0.707,1
1772102230.682,58.82,1,0.707,1
1772102230.699,58.82,1,0.707,1
1772102230.716,62.50,1,0.707,1
1772102230.732,58.82,1,0.707,1
1772102230.749,62.50,1,0.707,1
1772102230.765,58.82,1,0.707,1
1772102230.787,45.45,1,0.707,1
1772102230.804,58.82,1,0.707,1
1772102230.821,58.82,1,0.707,1
1772102230.838,58.82,1,0.707,1
1772102230.855,62.50,1,0.707,1
1772102230.872,55.56,1,0.707,1
1772102230.888,62.50,1,0.707,1
1772102230.905,58.82,1,0.707,1
1772102230.922,58.82,1,0.707,1
1772102230.939,58.82,1,0.707,1
1772102230.956,62.50,1,0.707,1
1772102230.972,58.82,1,0.707,1
1772102230.989,58.82,1,0.707,1
1772102231.005,62.50,1,0.707,1
1772102231.022,62.50,1,0.707,1
1772102231.038,58.82,1,0.707,1
1772102231.054,62.50,1,0.707,1
1772102231.071,58.82,1,0.707,1
1772102231.087,62.50,1,0.707,1
1772102231.104,62.50,1,0.707,1
1772102231.120,58.82,1,0.707,1
1772102231.136,62.50,1,0.707,1
1772102231.153,58.82,1,0.707,1
1772102231.169,62.50,1,0.707,1
1772102231.186,58.82,1,0.707,1
1772102231.202,62.50,1,0.707,1
1772102231.218,62.50,1,0.707,1
1772102231.235,58.82,1,0.707,1
1772102231.252,58.82,1,0.707,1
1772102231.269,58.82,1,0.707,1
1772102231.286,58.82,1,0.707,1
1772102231.303,58.82,1,0.707,1
1772102231.320,62.50,1,0.707,1
1772102231.336,58.82,1,0.707,1
1772102231.353,58.82,1,0.707,1
1772102231.369,62.50,1,0.707,1
1772102231.386,58.82,1,0.707,1
1772102231.403,58.82,1,0.707,1
1772102231.419,62.50,1,0.707,1
1772102231.436,58.82,1,0.707,1
1772102231.453,58.82,1,0.707,1
1772102231.470,58.82,1,0.707,1
1772102231.486,62.50,1,0.707,1
1772102231.503,58.82,1,0.707,1
1772102231.520,58.82,1,0.707,1
1772102231.537,58.82,1,0.707,1
1772102231.554,62.50,1,0.707,1
1772102231.570,58.82,1,0.707,1
1772102231.587,58.82,1,0.707,1
1772102231.604,58.82,1,0.707,1
1772102231.620,62.50,1,0.707,1
1772102231.637,58.82,1,0.707,1
1772102231.654,62.50,1,0.707,1
1772102231.670,58.82,1,0.707,1
1772102231.687,58.82,1,0.707,1
1772102231.704,58.82,1,0.707,1
1772102231.722,58.82,1,0.707,1
1772102231.739,58.82,1,0.707,1
1772102231.756,58.82,1,0.707,1
1772102231.773,55.56,1,0.707,1
1772102231.791,58.82,1,0.707,1
1772102231.808,55.56,1,0.707,1
1772102231.826,58.82,1,0.707,1
1772102231.843,55.56,1,0.707,1
1772102231.860,58.82,1,0.707,1
1772102231.876,62.50,1,0.707,1
1772102231.899,43.48,1,0.707,1
1772102231.919,50.00,1,0.707,1
1772102231.937,58.82,1,0.707,1
1772102231.953,58.82,1,0.707,1
1772102231.970,58.82,1,0.707,1
1772102231.987,58.82,1,0.707,1
1772102232.004,58.82,1,0.707,1
1772102232.021,62.50,1,0.707,1
1772102232.037,58.82,1,0.707,1
1772102232.054,58.82,1,0.707,1
1772102232.071,58.82,1,0.707,1
1772102232.087,62.50,1,0.707,1
1772102232.104,58.82,1,0.707,1
1772102232.121,58.82,1,0.707,1
1772102232.137,62.50,1,0.707,1
1772102232.155,55.56,1,0.707,1
1772102232.172,58.82,1,0.707,1
1772102232.191,52.63,1,0.707,1
1772102232.208,58.82,1,0.707,1
1772102232.225,62.50,1,0.707,1
1772102232.241,58.82,1,0.707,1
1772102232.258,58.82,1,0.707,1
1772102232.275,58.82,1,0.707,1
1772102232.292,58.82,1,0.707,1
1772102232.309,58.82,1,0.707,1
1772102232.326,58.82,1,0.707,1
1772102232.343,58.82,1,0.707,1
1772102232.367,41.67,1,0.707,1
1772102232.384,58.82,1,0.707,1
1772102232.404,50.00,1,0.707,1
1772102232.421,58.82,1,0.707,1
1772102232.438,58.82,1,0.707,1
1772102232.455,58.82,1,0.707,1
1772102232.472,58.82,1,0.707,1
1772102232.489,58.82,1,0.707,1
1772102232.506,58.82,1,0.707,1
1772102232.523,58.82,1,0.707,1
1772102232.540,58.82,1,0.707,1
1772102232.557,58.82,1,0.707,1
1772102232.574,58.82,1,0.707,1
1772102232.591,62.50,1,0.707,1
1772102232.608,58.82,1,0.707,1
1772102232.625,58.82,1,0.707,1
1772102232.641,58.82,1,0.707,1
1772102232.658,58.82,1,0.707,1
1772102232.675,58.82,1,0.707,1
1772102232.692,58.82,1,0.707,1
1772102232.709,58.82,1,0.707,1
1772102232.726,62.50,1,0.707,1
1772102232.742,58.82,1,0.707,1
1772102232.759,58.82,1,0.707,1
1772102232.776,58.82,1,0.707,1
1772102232.793,58.82,1,0.707,1
1772102232.810,62.50,1,0.707,1
1772102232.826,58.82,1,0.707,1
1772102232.843,58.82,1,0.707,1
1772102232.860,58.82,1,0.707,1
1772102232.876,62.50,1,0.707,1
1772102232.893,58.82,1,0.707,1
1772102232.909,62.50,1,0.707,1
1772102232.926,58.82,1,0.707,1
1772102232.942,62.50,1,0.707,1
1772102232.959,58.82,1,0.707,1
1772102232.975,62.50,1,0.707,1
1772102232.992,58.82,1,0.707,1
1772102233.008,62.50,1,0.707,1
1772102233.025,62.50,1,0.707,1
1772102233.041,58.82,1,0.707,1
1772102233.057,62.50,1,0.707,1
1772102233.074,58.82,1,0.707,1
1772102233.090,62.50,1,0.707,1
1772102233.106,62.50,1,0.707,1
1772102233.123,58.82,1,0.707,1
1772102233.139,62.50,1,0.707,1
1772102233.156,58.82,1,0.707,1
1772102233.172,62.50,1,0.707,1
1772102233.189,62.50,1,0.707,1
1772102233.205,58.82,1,0.707,1
1772102233.221,62.50,1,0.707,1
1772102233.238,58.82,1,0.707,1
1772102233.254,62.50,1,0.707,1
1772102233.271,62.50,1,0.707,1
1772102233.287,58.82,1,0.707,1
1772102233.304,62.50,1,0.707,1
1772102233.320,58.82,1,0.707,1
1772102233.336,62.50,1,0.707,1
1772102233.353,58.82,1,0.707,1
1772102233.369,62.50,1,0.707,1
1772102233.386,58.82,1,0.707,1
1772102233.402,62.50,1,0.707,1
1772102233.418,62.50,1,0.707,1
1772102233.435,58.82,1,0.707,1
1772102233.451,62.50,1,0.707,1
1772102233.468,58.82,1,0.707,1
1772102233.487,52.63,1,0.707,1
1772102233.504,58.82,1,0.707,1
1772102233.520,62.50,1,0.707,1
1772102233.537,58.82,1,0.707,1
1772102233.553,62.50,1,0.707,1
1772102233.570,58.82,1,0.707,1
1772102233.586,62.50,1,0.707,1
1772102233.603,62.50,1,0.707,1
1772102233.619,58.82,1,0.707,1
1772102233.636,58.82,1,0.707,1
1772102233.652,62.50,1,0.707,1
1772102233.669,58.82,1,0.707,1
1772102233.685,62.50,1,0.707,1
1772102233.702,58.82,1,0.707,1
1772102233.718,62.50,1,0.707,1
1772102233.735,58.82,1,0.707,1
1772102233.751,62.50,1,0.707,1
1772102233.768,58.82,1,0.707,1
1772102233.785,62.50,1,0.707,1
1772102233.801,58.82,1,0.707,1
1772102233.818,58.82,1,0.707,1
1772102233.834,62.50,1,0.707,1
1772102233.851,58.82,1,0.707,1
1772102233.867,62.50,1,0.707,1
1772102233.884,58.82,1,0.707,1
1772102233.900,62.50,1,0.707,1
1772102233.917,58.82,1,0.707,1
1772102233.934,62.50,1,0.707,1
1772102233.950,58.82,1,0.707,1
1772102233.967,62.50,1,0.707,1
1772102233.983,58.82,1,0.707,1
1772102234.000,58.82,1,0.707,1
1772102234.016,62.50,1,0.707,1
1772102234.033,62.50,1,0.707,1
1772102234.050,58.82,1,0.707,1
1772102234.066,58.82,1,0.707,1
1772102234.082,62.50,1,0.707,1
1772102234.099,62.50,1,0.707,1
1772102234.115,58.82,1,0.707,1
1772102234.132,58.82,1,0.707,1
1772102234.148,62.50,1,0.707,1
1772102234.166,58.82,1,0.707,1
1772102234.182,58.82,1,0.707,1
1772102234.199,58.82,1,0.707,1
1772102234.216,62.50,1,0.707,1
1772102234.232,58.82,1,0.707,1
1772102234.249,58.82,1,0.707,1
1772102234.266,58.82,1,0.707,1
1772102234.283,62.50,1,0.707,1
1772102234.299,58.82,1,0.707,1
1772102234.316,62.50,1,0.707,1
1772102234.332,58.82,1,0.707,1
1772102234.349,58.82,1,0.707,1
1772102234.365,62.50,1,0.707,1
1772102234.382,58.82,1,0.707,1
1772102234.399,58.82,1,0.707,1
1772102234.416,58.82,1,0.707,1
1772102234.433,58.82,1,0.707,1
1772102234.450,58.82,1,0.707,1
1772102234.467,62.50,1,0.707,1
1772102234.483,58.82,1,0.707,1
1772102234.501,58.82,1,0.707,1
1772102234.517,58.82,1,0.707,1
1772102234.533,62.50,1,0.707,1
1772102234.551,58.82,1,0.707,1
1772102234.569,52.63,1,0.707,1
1772102234.587,55.56,1,0.707,1
1772102234.604,58.82,1,0.707,1
1772102234.621,62.50,1,0.707,1
1772102234.637,58.82,1,0.707,1
1772102234.654,58.82,1,0.707,1
1772102234.670,62.50,1,0.707,1
1772102234.687,58.82,1,0.707,1
1772102234.704,58.82,1,0.707,1
1772102234.721,62.50,1,0.707,1
1772102234.737,58.82,1,0.707,1
1772102234.754,58.82,1,0.707,1
1772102234.770,62.50,1,0.707,1
1772102234.787,58.82,1,0.707,1
1772102234.804,58.82,1,0.707,1
1772102234.821,62.50,1,0.707,1
1772102234.837,58.82,1,0.707,1
1772102234.854,58.82,1,0.707,1
1772102234.870,62.50,1,0.707,1
1772102234.890,50.00,1,0.707,1
1772102234.908,58.82,1,0.707,1
1772102234.925,55.56,1,0.707,1
1772102234.943,55.56,1,0.707,1
1772102234.960,58.82,1,0.707,1
1772102234.977,58.82,1,0.707,1
1772102234.993,62.50,1,0.707,1
1772102235.010,58.82,1,0.707,1
1772102235.027,62.50,1,0.707,1
1772102235.043,58.82,1,0.707,1
1772102235.060,58.82,1,0.707,1
1772102235.076,62.50,1,0.707,1
1772102235.093,58.82,1,0.707,1
1772102235.109,62.50,1,0.707,1
1772102235.126,58.82,1,0.707,1
1772102235.143,58.82,1,0.707,1
1772102235.160,62.50,1,0.707,1
1772102235.176,58.82,1,0.707,1
1772102235.193,58.82,1,0.707,1
1772102235.209,62.50,1,0.707,1
1772102235.226,58.82,1,0.707,1
1772102235.242,62.50,1,0.707,1
1772102235.259,58.82,1,0.707,1
1772102235.275,62.50,1,0.707,1
1772102235.292,58.82,1,0.707,1
1772102235.309,62.50,1,0.707,1
1772102235.325,58.82,1,0.707,1
1772102235.342,58.82,1,0.707,1
1772102235.358,62.50,1,0.707,1
1772102235.375,58.82,1,0.707,1
1772102235.391,62.50,1,0.707,1
1772102235.408,58.82,1,0.707,1
1772102235.425,58.82,1,0.707,1
1772102235.442,62.50,1,0.707,1
1772102235.458,58.82,1,0.707,1
1772102235.477,52.63,1,0.707,1
1772102235.493,62.50,1,0.707,1
1772102235.510,58.82,1,0.707,1
1772102235.527,62.50,1,0.707,1
1772102235.543,58.82,1,0.707,1
1772102235.560,58.82,1,0.707,1
1772102235.581,50.00,1,0.707,1
1772102235.598,55.56,1,0.707,1
1772102235.615,58.82,1,0.707,1
1772102235.631,62.50,1,0.707,1
1772102235.648,58.82,1,0.707,1
1772102235.665,58.82,1,0.707,1
1772102235.682,62.50,1,0.707,1
1772102235.698,58.82,1,0.707,1
1772102235.715,58.82,1,0.707,1
1772102235.732,58.82,1,0.707,1
1772102235.749,62.50,1,0.707,1
1772102235.765,58.82,1,0.707,1
1772102235.782,58.82,1,0.707,1
1772102235.799,62.50,1,0.707,1
1772102235.815,58.82,1,0.707,1
1772102235.832,58.82,1,0.707,1
1772102235.849,58.82,1,0.707,1
1772102235.865,62.50,1,0.707,1
1772102235.882,58.82,1,0.707,1
1772102235.899,62.50,1,0.707,1
1772102235.915,58.82,1,0.707,1
1772102235.932,62.50,1,0.707,1
1772102235.949,55.56,1,0.707,1
1772102235.965,62.50,1,0.707,1
1772102235.982,58.82,1,0.707,1
1772102235.999,58.82,1,0.707,1
1772102236.016,58.82,1,0.707,1
1772102236.033,58.82,1,0.707,1
1772102236.050,58.82,1,0.707,1
1772102236.067,62.50,1,0.707,1
1772102236.083,58.82,1,0.707,1
1772102236.099,62.50,1,0.707,1
1772102236.116,58.82,1,0.707,1
1772102236.133,62.50,1,0.707,1
1772102236.149,58.82,1,0.707,1
1772102236.166,62.50,1,0.707,1
1772102236.182,58.82,1,0.707,1
1772102236.199,58.82,1,0.707,1
1772102236.218,55.56,1,0.707,1
1772102236.234,58.82,1,0.707,1
1772102236.251,58.82,1,0.707,1
1772102236.268,62.50,1,0.707,1
1772102236.284,58.82,1,0.707,1
1772102236.301,58.82,1,0.707,1
1772102236.317,62.50,1,0.707,1
1772102236.334,58.82,1,0.707,1
1772102236.350,62.50,1,0.707,1
1772102236.367,58.82,1,0.707,1
1772102236.383,62.50,1,0.707,1
1772102236.400,58.82,1,0.707,1
1772102236.416,62.50,1,0.707,1
1772102236.433,62.50,1,0.707,1
1772102236.449,58.82,1,0.707,1
1772102236.466,58.82,1,0.707,1
1772102236.482,62.50,1,0.707,1
1772102236.499,58.82,1,0.707,1
1772102236.517,58.82,1,0.707,1
1772102236.533,58.82,1,0.707,1
1772102236.550,58.82,1,0.707,1
1772102236.566,62.50,1,0.707,1
1772102236.583,62.50,1,0.707,1
1772102236.599,58.82,1,0.707,1
1772102236.616,58.82,1,0.707,1
1772102236.633,58.82,1,0.707,1
1772102236.650,62.50,1,0.707,1
1772102236.666,58.82,1,0.707,1
1772102236.683,58.82,1,0.707,1
1772102236.699,62.50,1,0.707,1
1772102236.716,58.82,1,0.707,1
1772102236.732,62.50,1,0.707,1
1772102236.749,58.82,1,0.707,1
1772102236.766,62.50,1,0.707,1
1772102236.782,58.82,1,0.707,1
1772102236.798,62.50,1,0.707,1
1772102236.816,58.82,1,0.707,1
1772102236.832,58.82,1,0.707,1
1772102236.849,58.82,1,0.707,1
1772102236.866,62.50,1,0.707,1
1772102236.882,58.82,1,0.707,1
1772102236.899,58.82,1,0.707,1
1772102236.916,58.82,1,0.707,1
1772102236.933,62.50,1,0.707,1
1772102236.949,58.82,1,0.707,1
1772102236.966,58.82,1,0.707,1
1772102236.982,62.50,1,0.707,1
1772102236.999,58.82,1,0.707,1
1772102237.016,58.82,1,0.707,1
1772102237.033,62.50,1,0.707,1
1772102237.049,58.82,1,0.707,1
1772102237.066,62.50,1,0.707,1
1772102237.082,58.82,1,0.707,1
1772102237.099,62.50,1,0.707,1
1772102237.115,58.82,1,0.707,1
1772102237.132,58.82,1,0.707,1
1772102237.149,62.50,1,0.707,1
1772102237.165,58.82,1,0.707,1
1772102237.182,58.82,1,0.707,1
1772102237.198,62.50,1,0.707,1
1772102237.215,58.82,1,0.707,1
1772102237.232,58.82,1,0.707,1
1772102237.249,62.50,1,0.707,1
1772102237.265,58.82,1,0.707,1
1772102237.282,58.82,1,0.707,1
1772102237.299,58.82,1,0.707,1
1772102237.315,62.50,1,0.707,1
1772102237.332,58.82,1,0.707,1
1772102237.349,58.82,1,0.707,1
1772102237.366,58.82,1,0.707,1
1772102237.382,62.50,1,0.707,1
1772102237.399,58.82,1,0.707,1
1772102237.415,62.50,1,0.707,1
1772102237.432,58.82,1,0.707,1
1772102237.448,62.50,1,0.707,1
1772102237.465,58.82,1,0.707,1
1772102237.482,62.50,1,0.707,1
1772102237.499,55.56,1,0.707,1
1772102237.516,58.82,1,0.707,1
1772102237.532,62.50,1,0.707,1
1772102237.549,62.50,1,0.707,1
1772102237.565,58.82,1,0.707,1
1772102237.582,62.50,1,0.707,1
1772102237.599,58.82,1,0.707,1
1772102237.616,58.82,1,0.707,1
1772102237.632,58.82,1,0.707,1
1772102237.649,62.50,1,0.707,1
1772102237.666,58.82,1,0.707,1
1772102237.682,58.82,1,0.707,1
1772102237.699,62.50,1,0.707,1
1772102237.715,58.82,1,0.707,1
1772102237.732,58.82,1,0.707,1
1772102237.749,58.82,1,0.707,1
1772102237.765,62.50,1,0.707,1
1772102237.782,58.82,1,0.707,1
1772102237.799,62.50,1,0.707,1
1772102237.815,58.82,1,0.707,1
1772102237.832,62.50,1,0.707,1
1772102237.848,58.82,1,0.707,1
1772102237.865,58.82,1,0.707,1
1772102237.882,62.50,1,0.707,1
1772102237.899,55.56,1,0.707,1
1772102237.915,62.50,1,0.707,1
1772102237.932,58.82,1,0.707,1
1772102237.949,62.50,1,0.707,1
1772102237.965,58.82,1,0.707,1
1772102237.982,58.82,1,0.707,1
1772102237.999,62.50,1,0.707,1
1772102238.017,52.63,1,0.707,1
1772102238.034,58.82,1,0.707,1
1772102238.051,62.50,1,0.707,1
1772102238.067,58.82,1,0.707,1
1772102238.084,62.50,1,0.707,1
1772102238.100,58.82,1,0.707,1
1772102238.117,62.50,1,0.707,1
1772102238.133,58.82,1,0.707,1
1772102238.149,62.50,1,0.707,1
1772102238.166,58.82,1,0.707,1
1772102238.182,62.50,1,0.707,1
1772102238.199,58.82,1,0.707,1
1772102238.215,62.50,1,0.707,1
1772102238.233,55.56,1,0.707,1
1772102238.250,58.82,1,0.707,1
1772102238.267,58.82,1,0.707,1
1772102238.283,62.50,1,0.707,1
1772102238.300,58.82,1,0.707,1
1772102238.316,62.50,1,0.707,1
1772102238.333,58.82,1,0.707,1
1772102238.350,58.82,1,0.707,1
1772102238.366,62.50,1,0.707,1
1772102238.383,58.82,1,0.707,1
1772102238.400,62.50,1,0.707,1
1772102238.416,58.82,1,0.707,1
1772102238.433,58.82,1,0.707,1
1772102238.449,62.50,1,0.707,1
1772102238.466,58.82,1,0.707,1
1772102238.483,62.50,1,0.707,1
1772102238.499,58.82,1,0.707,1
1772102238.516,58.82,1,0.707,1
1772102238.532,62.50,1,0.707,1
1772102238.549,58.82,1,0.707,1
1772102238.565,62.50,1,0.707,1
1772102238.582,58.82,1,0.707,1
1772102238.599,58.82,1,0.707,1
1772102238.616,58.82,1,0.707,1
1772102238.632,62.50,1,0.707,1
1772102238.649,58.82,1,0.707,1
1772102238.666,62.50,1,0.707,1
1772102238.683,55.56,1,0.707,1
1772102238.699,62.50,1,0.707,1
1772102238.716,58.82,1,0.707,1
1772102238.732,62.50,1,0.707,1
1772102238.749,58.82,1,0.707,1
1772102238.766,58.82,1,0.707,1
1772102238.783,58.82,1,0.707,1
1772102238.799,62.50,1,0.707,1
1772102238.816,58.82,1,0.707,1
1772102238.833,58.82,1,0.707,1
1772102238.850,62.50,1,0.707,1
1772102238.866,58.82,1,0.707,1
1772102238.883,62.50,1,0.707,1
1772102238.899,58.82,1,0.707,1
1772102238.916,62.50,1,0.707,1
1772102238.933,58.82,1,0.707,1
1772102238.949,58.82,1,0.707,1
1772102238.966,62.50,1,0.707,1
1772102238.983,55.56,1,0.707,1
1772102238.999,62.50,1,0.707,1
1772102239.016,58.82,1,0.707,1
1772102239.033,58.82,1,0.707,1
1772102239.049,62.50,1,0.707,1
1772102239.066,62.50,1,0.707,1
1772102239.082,58.82,1,0.707,1
1772102239.099,62.50,1,0.707,1
1772102239.115,58.82,1,0.707,1
1772102239.132,58.82,1,0.707,1
1772102239.149,62.50,1,0.707,1
1772102239.165,58.82,1,0.707,1
1772102239.182,62.50,1,0.707,1
1772102239.198,58.82,1,0.707,1
1772102239.215,58.82,1,0.707,1
1772102239.232,58.82,1,0.707,1
1772102239.248,62.50,1,0.707,1
1772102239.265,58.82,1,0.707,1
1772102239.282,58.82,1,0.707,1
1772102239.298,62.50,1,0.707,1
1772102239.315,58.82,1,0.707,1
1772102239.332,62.50,1,0.707,1
1772102239.349,58.82,1,0.707,1
1772102239.365,58.82,1,0.707,1
1772102239.382,58.82,1,0.707,1
1772102239.399,62.50,1,0.707,1
1772102239.415,58.82,1,0.707,1
1772102239.432,58.82,1,0.707,1
1772102239.449,58.82,1,0.707,1
1772102239.465,62.50,1,0.707,1
1772102239.482,58.82,1,0.707,1
1772102239.498,62.50,1,0.707,1
1772102239.515,58.82,1,0.707,1
1772102239.532,62.50,1,0.707,1
1772102239.548,58.82,1,0.707,1
1772102239.565,58.82,1,0.707,1
1772102239.582,58.82,1,0.707,1
1772102239.598,62.50,1,0.707,1
1772102239.615,58.82,1,0.707,1
1772102239.632,58.82,1,0.707,1
1772102239.650,55.56,1,0.707,1
1772102239.667,58.82,1,0.707,1
1772102239.684,62.50,1,0.707,1
1772102239.700,58.82,1,0.707,1
1772102239.717,58.82,1,0.707,1
1772102239.734,58.82,1,0.707,1
1772102239.750,62.50,1,0.707,1
1772102239.767,58.82,1,0.707,1
1772102239.784,62.50,1,0.707,1
1772102239.800,58.82,1,0.707,1
1772102239.817,62.50,1,0.707,1
1772102239.833,58.82,1,0.707,1
1772102239.850,58.82,1,0.707,1
1772102239.866,62.50,1,0.707,1
1772102239.883,58.82,1,0.707,1
1772102239.899,62.50,1,0.707,1
1772102239.916,58.82,1,0.707,1
1772102239.932,62.50,1,0.707,1
1772102239.949,58.82,1,0.707,1
1772102239.966,62.50,1,0.707,1
1772102239.982,58.82,1,0.707,1
1772102239.999,58.82,1,0.707,1
1772102240.016,58.82,1,0.707,1
1772102240.033,62.50,1,0.707,1
1772102240.049,58.82,1,0.707,1
1772102240.066,58.82,1,0.707,1
1772102240.083,58.82,1,0.707,1
1772102240.099,62.50,1,0.707,1
1772102240.116,58.82,1,0.707,1
1772102240.132,62.50,1,0.707,1
1772102240.149,58.82,1,0.707,1
1772102240.166,58.82,1,0.707,1
1772102240.182,62.50,1,0.707,1
1772102240.199,58.82,1,0.707,1
1772102240.216,62.50,1,0.707,1
1772102240.232,58.82,1,0.707,1
1772102240.249,62.50,1,0.707,1
1772102240.265,58.82,1,0.707,1
1772102240.283,58.82,1,0.707,1
1772102240.299,58.82,1,0.707,1
1772102240.316,58.82,1,0.707,1
1772102240.332,62.50,1,0.707,1
1772102240.349,58.82,1,0.707,1
1772102240.365,62.50,1,0.707,1
1772102240.382,58.82,1,0.707,1
1772102240.399,58.82,1,0.707,1
1772102240.416,58.82,1,0.707,1
1772102240.433,62.50,1,0.707,1
1772102240.449,58.82,1,0.707,1
1772102240.466,58.82,1,0.707,1
1772102240.483,62.50,1,0.707,1
1772102240.499,58.82,1,0.707,1
1772102240.516,58.82,1,0.707,1
1772102240.533,58.82,1,0.707,1
1772102240.550,58.82,1,0.707,1
1772102240.567,58.82,1,0.707,1
1772102240.583,62.50,1,0.707,1
1772102240.600,58.82,1,0.707,1
1772102240.617,62.50,1,0.707,1
1772102240.633,58.82,1,0.707,1
1772102240.650,58.82,1,0.707,1
1772102240.667,62.50,1,0.707,1
1772102240.683,58.82,1,0.707,1
1772102240.700,58.82,1,0.707,1
1772102240.716,62.50,1,0.707,1
1772102240.733,58.82,1,0.707,1
1772102240.749,62.50,1,0.707,1
1772102240.766,58.82,1,0.707,1
1772102240.783,62.50,1,0.707,1
1772102240.799,58.82,1,0.707,1
1772102240.816,58.82,1,0.707,1
1772102240.832,62.50,1,0.707,1
1772102240.849,58.82,1,0.707,1
1772102240.865,62.50,1,0.707,1
1772102240.882,58.82,1,0.707,1
1772102240.899,58.82,1,0.707,1
1772102240.915,62.50,1,0.707,1
1772102240.932,58.82,1,0.707,1
1772102240.949,58.82,1,0.707,1
1772102240.966,62.50,1,0.707,1
1772102240.982,58.82,1,0.707,1
1772102240.999,62.50,1,0.707,1
1772102241.019,47.62,1,0.707,1
1772102241.036,58.82,1,0.707,1
1772102241.053,58.82,1,0.707,1
1772102241.070,62.50,1,0.707,1
1772102241.086,58.82,1,0.707,1
1772102241.103,58.82,1,0.707,1
1772102241.119,62.50,1,0.707,1
1772102241.136,58.82,1,0.707,1
1772102241.153,62.50,1,0.707,1
1772102241.169,58.82,1,0.707,1
1772102241.186,58.82,1,0.707,1
1772102241.203,62.50,1,0.707,1
1772102241.219,58.82,1,0.707,1
1772102241.236,62.50,1,0.707,1
1772102241.252,58.82,1,0.707,1
1772102241.269,62.50,1,0.707,1
1772102241.285,58.82,1,0.707,1
1772102241.302,58.82,1,0.707,1
1772102241.319,58.82,1,0.707,1
1772102241.335,62.50,1,0.707,1
1772102241.352,58.82,1,0.707,1
1772102241.369,62.50,1,0.707,1
1772102241.385,58.82,1,0.707,1
1772102241.402,62.50,1,0.707,1
1772102241.418,58.82,1,0.707,1
1772102241.435,62.50,1,0.707,1
1772102241.451,58.82,1,0.707,1
1772102241.468,58.82,1,0.707,1
1772102241.484,62.50,1,0.707,1
1772102241.501,58.82,1,0.707,1
1772102241.517,62.50,1,0.707,1
1772102241.534,58.82,1,0.707,1
1772102241.551,58.82,1,0.707,1
1772102241.568,62.50,1,0.707,1
1772102241.584,58.82,1,0.707,1
1772102241.601,62.50,1,0.707,1
1772102241.617,58.82,1,0.707,1
1772102241.634,58.82,1,0.707,1
1772102241.650,62.50,1,0.707,1
1772102241.667,58.82,1,0.707,1
1772102241.685,55.56,1,0.707,1
1772102241.702,58.82,1,0.707,1
1772102241.718,62.50,1,0.707,1
1772102241.735,58.82,1,0.707,1
1772102241.751,62.50,1,0.707,1
1772102241.768,58.82,1,0.707,1
1772102241.785,62.50,1,0.707,1
1772102241.801,58.82,1,0.707,1
1772102241.818,62.50,1,0.707,1
1772102241.834,58.82,1,0.707,1
1772102241.851,58.82,1,0.707,1
1772102241.867,62.50,1,0.707,1
1772102241.884,58.82,1,0.707,1
1772102241.901,58.82,1,0.707,1
1772102241.918,62.50,1,0.707,1
1772102241.934,58.82,1,0.707,1
1772102241.951,58.82,1,0.707,1
1772102241.967,62.50,1,0.707,1
1772102241.984,58.82,1,0.707,1
1772102242.001,62.50,1,0.707,1
1772102242.017,58.82,1,0.707,1
1772102242.034,58.82,1,0.707,1
1772102242.051,62.50,1,0.707,1
1772102242.067,58.82,1,0.707,1
1772102242.084,58.82,1,0.707,1
1772102242.101,62.50,1,0.707,1
1772102242.117,58.82,1,0.707,1
1772102242.134,62.50,1,0.707,1
1772102242.150,58.82,1,0.707,1
1772102242.167,58.82,1,0.707,1
1772102242.183,62.50,1,0.707,1
1772102242.200,58.82,1,0.707,1
1772102242.217,62.50,1,0.707,1
1772102242.233,58.82,1,0.707,1
1772102242.250,62.50,1,0.707,1
1772102242.266,58.82,1,0.707,1
1772102242.283,58.82,1,0.707,1
1772102242.299,62.50,1,0.707,1
1772102242.316,58.82,1,0.707,1
1772102242.333,62.50,1,0.707,1
1772102242.349,58.82,1,0.707,1
1772102242.366,58.82,1,0.707,1
1772102242.383,58.82,1,0.707,1
1772102242.399,62.50,1,0.707,1
1772102242.416,58.82,1,0.707,1
1772102242.433,58.82,1,0.707,1
1772102242.449,62.50,1,0.707,1
1772102242.466,62.50,1,0.707,1
1772102242.482,58.82,1,0.707,1
1772102242.499,62.50,1,0.707,1
1772102242.515,58.82,1,0.707,1
1772102242.532,58.82,1,0.707,1
1772102242.549,62.50,1,0.707,1
1772102242.565,58.82,1,0.707,1
1772102242.582,58.82,1,0.707,1
1772102242.599,62.50,1,0.707,1
1772102242.615,58.82,1,0.707,1
1772102242.632,58.82,1,0.707,1
1772102242.649,62.50,1,0.707,1
1772102242.666,55.56,1,0.707,1
1772102242.683,62.50,1,0.707,1
1772102242.699,58.82,1,0.707,1
1772102242.716,58.82,1,0.707,1
1772102242.732,62.50,1,0.707,1
1772102242.749,58.82,1,0.707,1
1772102242.766,62.50,1,0.707,1
1772102242.783,55.56,1,0.707,1
1772102242.808,40.00,1,0.707,1
1772102242.826,55.56,1,0.707,1
1772102242.845,52.63,1,0.707,1
1772102242.863,55.56,1,0.707,1
1772102242.880,58.82,1,0.707,1
1772102242.897,58.82,1,0.707,1
1772102242.914,62.50,1,0.707,1
1772102242.948,28.57,1,0.707,1
1772102242.965,58.82,1,0.707,1
1772102242.982,58.82,1,0.707,1
1772102242.999,58.82,1,0.707,1
1772102243.016,58.82,1,0.707,1
1772102243.032,62.50,1,0.707,1
1772102243.049,58.82,1,0.707,1
1772102243.066,58.82,1,0.707,1
1772102243.083,62.50,1,0.707,1
1772102243.100,58.82,1,0.707,1
1772102243.116,58.82,1,0.707,1
1772102243.133,58.82,1,0.707,1
1772102243.150,58.82,1,0.707,1
1772102243.167,58.82,1,0.707,1
1772102243.184,58.82,1,0.707,1
1772102243.201,58.82,1,0.707,1
1772102243.220,55.56,1,0.707,1
1772102243.237,58.82,1,0.707,1
1772102243.253,58.82,1,0.707,1
1772102243.270,58.82,1,0.707,1
1772102243.287,58.82,1,0.707,1
1772102243.303,62.50,1,0.707,1
1772102243.320,58.82,1,0.707,1
1772102243.337,58.82,1,0.707,1
1772102243.354,62.50,1,0.707,1
1772102243.370,58.82,1,0.707,1
1772102243.387,58.82,1,0.707,1
1772102243.404,58.82,1,0.707,1
1772102243.421,58.82,1,0.707,1
1772102243.438,58.82,1,0.707,1
1772102243.455,62.50,1,0.707,1
1772102243.471,58.82,1,0.707,1
1772102243.488,58.82,1,0.707,1
1772102243.505,58.82,1,0.707,1
1772102243.521,62.50,1,0.707,1
1772102243.538,58.82,1,0.707,1
1772102243.555,62.50,1,0.707,1
1772102243.572,58.82,1,0.707,1
1772102243.589,58.82,1,0.707,1
1772102243.606,58.82,1,0.707,1
1772102243.622,58.82,1,0.707,1
1772102243.640,58.82,1,0.707,1
1772102243.656,58.82,1,0.707,1
1772102243.673,58.82,1,0.707,1
1772102243.690,58.82,1,0.707,1
1772102243.707,62.50,1,0.707,1
1772102243.723,58.82,1,0.707,1
1772102243.740,58.82,1,0.707,1
1772102243.757,62.50,1,0.707,1
1772102243.773,58.82,1,0.707,1
1772102243.790,58.82,1,0.707,1
1772102243.807,58.82,1,0.707,1
1772102243.824,58.82,1,0.707,1
1772102243.841,58.82,1,0.707,1
1772102243.858,58.82,1,0.707,1
1772102243.875,58.82,1,0.707,1
1772102243.892,58.82,1,0.707,1
1772102243.918,38.46,1,0.707,1
1772102243.937,52.63,1,0.707,1
1772102243.956,52.63,1,0.707,1
1772102243.974,55.56,1,0.707,1
1772102243.993,52.63,1,0.707,1
1772102244.016,43.48,1,0.707,1
1772102244.035,55.56,1,0.707,1
1772102244.052,55.56,1,0.707,1
1772102244.069,62.50,1,0.707,1
1772102244.085,58.82,1,0.707,1
1772102244.102,58.82,1,0.707,1
1772102244.119,58.82,1,0.707,1
1772102244.136,58.82,1,0.707,1
1772102244.154,58.82,1,0.707,1
1772102244.171,58.82,1,0.707,1
1772102244.188,58.82,1,0.707,1
1772102244.204,58.82,1,0.707,1
1772102244.222,58.82,1,0.707,1
1772102244.239,58.82,1,0.707,1
1772102244.256,55.56,1,0.707,1
1772102244.273,58.82,1,0.707,1
1772102244.290,58.82,1,0.707,1
1772102244.307,58.82,1,0.707,1
1772102244.324,58.82,1,0.707,1
1772102244.341,58.82,1,0.707,1
1772102244.358,58.82,1,0.707,1
1772102244.375,58.82,1,0.707,1
1772102244.392,58.82,1,0.707,1
1772102244.409,58.82,1,0.707,1
1772102244.426,58.82,1,0.707,1
1772102244.443,58.82,1,0.707,1
1772102244.460,58.82,1,0.707,1
1772102244.477,62.50,1,0.707,1
1772102244.493,58.82,1,0.707,1
1772102244.510,62.50,1,0.707,1
1772102244.526,58.82,1,0.707,1
1772102244.543,58.82,1,0.707,1
1772102244.559,62.50,1,0.707,1
1772102244.576,58.82,1,0.707,1
1772102244.592,62.50,1,0.707,1
1772102244.609,58.82,1,0.707,1
1772102244.626,58.82,1,0.707,1
1772102244.643,62.50,1,0.707,1
1772102244.660,58.82,1,0.707,1
1772102244.677,58.82,1,0.707,1
1772102244.694,55.56,1,0.707,1
1772102244.711,62.50,1,0.707,1
1772102244.734,41.67,1,0.707,1
1772102244.751,58.82,1,0.707,1
1772102244.768,58.82,1,0.707,1
1772102244.784,62.50,1,0.707,1
1772102244.801,58.82,1,0.707,1
1772102244.818,58.82,1,0.707,1
1772102244.835,58.82,1,0.707,1
1772102244.852,58.82,1,0.707,1
1772102244.869,58.82,1,0.707,1
1772102244.886,62.50,1,0.707,1
1772102244.903,55.56,1,0.707,1
1772102244.920,58.82,1,0.707,1
1772102244.936,62.50,1,0.707,1
1772102244.953,58.82,1,0.707,1
1772102244.970,58.82,1,0.707,1
1772102244.987,58.82,1,0.707,1
1772102245.004,58.82,1,0.707,1
1772102245.021,58.82,1,0.707,1
1772102245.038,58.82,1,0.707,1
1772102245.055,58.82,1,0.707,1
1772102245.073,58.82,1,0.707,1
1772102245.090,58.82,1,0.707,1
1772102245.107,58.82,1,0.707,1
1772102245.123,58.82,1,0.707,1
1772102245.140,58.82,1,0.707,1
1772102245.157,58.82,1,0.707,1
1772102245.173,62.50,1,0.707,1
1772102245.190,58.82,1,0.707,1
1772102245.207,58.82,1,0.707,1
1772102245.224,58.82,1,0.707,1
1772102245.241,58.82,1,0.707,1
1772102245.257,62.50,1,0.707,1
1772102245.274,58.82,1,0.707,1
1772102245.291,58.82,1,0.707,1
1772102245.308,62.50,1,0.707,1
1772102245.324,58.82,1,0.707,1
1772102245.341,58.82,1,0.707,1
1772102245.358,58.82,1,0.707,1
1772102245.375,62.50,1,0.707,1
1772102245.392,58.82,1,0.707,1
1772102245.409,55.56,1,0.707,1
1772102245.426,58.82,1,0.707,1
1772102245.443,58.82,1,0.707,1
1772102245.459,62.50,1,0.707,1
1772102245.476,58.82,1,0.707,1
1772102245.493,58.82,1,0.707,1
1772102245.509,62.50,1,0.707,1
1772102245.526,58.82,1,0.707,1
1772102245.543,58.82,1,0.707,1
1772102245.560,58.82,1,0.707,1
1772102245.576,62.50,1,0.707,1
1772102245.593,58.82,1,0.707,1
1772102245.610,58.82,1,0.707,1
1772102245.626,62.50,1,0.707,1
1772102245.643,58.82,1,0.707,1
1772102245.660,58.82,1,0.707,1
1772102245.682,45.45,1,0.707,1
1772102245.699,58.82,1,0.707,1
1772102245.718,52.63,1,0.707,1
1772102245.735,58.82,1,0.707,1
1772102245.752,58.82,1,0.707,1
1772102245.769,62.50,1,0.707,1
1772102245.785,58.82,1,0.707,1
1772102245.802,58.82,1,0.707,1
1772102245.819,62.50,1,0.707,1
1772102245.835,58.82,1,0.707,1
1772102245.852,58.82,1,0.707,1
1772102245.869,58.82,1,0.707,1
1772102245.886,62.50,1,0.707,1
1772102245.902,58.82,1,0.707,1
1772102245.919,58.82,1,0.707,1
1772102245.936,58.82,1,0.707,1
1772102245.953,62.50,1,0.707,1
1772102245.969,58.82,1,0.707,1
1772102245.986,58.82,1,0.707,1
1772102246.003,58.82,1,0.707,1
1772102246.019,62.50,1,0.707,1
1772102246.036,58.82,1,0.707,1
1772102246.053,58.82,1,0.707,1
1772102246.070,62.50,1,0.707,1
1772102246.087,58.82,1,0.707,1
1772102246.103,58.82,1,0.707,1
1772102246.120,58.82,1,0.707,1
1772102246.137,58.82,1,0.707,1
1772102246.154,58.82,1,0.707,1
1772102246.171,62.50,1,0.707,1
1772102246.187,58.82,1,0.707,1
1772102246.204,58.82,1,0.707,1
1772102246.221,58.82,1,0.707,1
1772102246.238,58.82,1,0.707,1
1772102246.255,58.82,1,0.707,1
1772102246.272,62.50,1,0.707,1
1772102246.288,58.82,1,0.707,1
1772102246.305,62.50,1,0.707,1
1772102246.322,58.82,1,0.707,1
1772102246.339,58.82,1,0.707,1
1772102246.355,58.82,1,0.707,1
1772102246.372,58.82,1,0.707,1
1772102246.389,58.82,1,0.707,1
1772102246.406,62.50,1,0.707,1
1772102246.422,58.82,1,0.707,1
1772102246.439,58.82,1,0.707,1
1772102246.457,58.82,1,0.707,1
1772102246.473,58.82,1,0.707,1
1772102246.490,58.82,1,0.707,1
1772102246.507,58.82,1,0.707,1
1772102246.524,58.82,1,0.707,1
1772102246.541,58.82,1,0.707,1
1772102246.558,58.82,1,0.707,1
1772102246.575,58.82,1,0.707,1
1772102246.592,58.82,1,0.707,1
1772102246.609,58.82,1,0.707,1
1772102246.627,58.82,1,0.707,1
1772102246.643,58.82,1,0.707,1
1772102246.667,41.67,1,0.707,1
1772102246.684,58.82,1,0.707,1
1772102246.702,58.82,1,0.707,1
1772102246.719,58.82,1,0.707,1
1772102246.735,58.82,1,0.707,1
1772102246.752,58.82,1,0.707,1
1772102246.769,58.82,1,0.707,1
1772102246.786,62.50,1,0.707,1
1772102246.802,58.82,1,0.707,1
1772102246.819,58.82,1,0.707,1
1772102246.836,58.82,1,0.707,1
1772102246.853,58.82,1,0.707,1
1772102246.870,62.50,1,0.707,1
1772102246.886,58.82,1,0.707,1
1772102246.903,58.82,1,0.707,1
1772102246.920,58.82,1,0.707,1
1772102246.937,58.82,1,0.707,1
1772102246.954,58.82,1,0.707,1
1772102246.971,58.82,1,0.707,1
1772102246.988,62.50,1,0.707,1
1772102247.004,58.82,1,0.707,1
1772102247.022,58.82,1,0.707,1
1772102247.039,58.82,1,0.707,1
1772102247.055,58.82,1,0.707,1
1772102247.073,55.56,1,0.707,1
1772102247.090,58.82,1,0.707,1
1772102247.107,58.82,1,0.707,1
1772102247.124,58.82,1,0.707,1
1772102247.141,62.50,1,0.707,1
1772102247.157,58.82,1,0.707,1
1772102247.174,58.82,1,0.707,1
1772102247.190,62.50,1,0.707,1
1772102247.207,58.82,1,0.707,1
1772102247.224,62.50,1,0.707,1
1772102247.241,58.82,1,0.707,1
1772102247.257,58.82,1,0.707,1
1772102247.274,58.82,1,0.707,1
1772102247.291,58.82,1,0.707,1
1772102247.308,62.50,1,0.707,1
1772102247.324,58.82,1,0.707,1
1772102247.341,62.50,1,0.707,1
1772102247.357,58.82,1,0.707,1
1772102247.374,62.50,1,0.707,1
1772102247.390,58.82,1,0.707,1
1772102247.407,62.50,1,0.707,1
1772102247.423,58.82,1,0.707,1
1772102247.440,58.82,1,0.707,1
1772102247.457,62.50,1,0.707,1
1772102247.473,58.82,1,0.707,1
1772102247.490,62.50,1,0.707,1
1772102247.506,58.82,1,0.707,1
1772102247.523,62.50,1,0.707,1
1772102247.539,58.82,1,0.707,1
1772102247.556,62.50,1,0.707,1
1772102247.572,58.82,1,0.707,1
1772102247.589,58.82,1,0.707,1
1772102247.605,62.50,1,0.707,1
1772102247.622,62.50,1,0.707,1
1772102247.638,58.82,1,0.707,1
1772102247.655,58.82,1,0.707,1
1772102247.671,62.50,1,0.707,1
1772102247.688,58.82,1,0.707,1
1772102247.704,62.50,1,0.707,1
1772102247.721,62.50,1,0.707,1
1772102247.737,58.82,1,0.707,1
1772102247.754,62.50,1,0.707,1
1772102247.770,58.82,1,0.707,1
1772102247.787,62.50,1,0.707,1
1772102247.803,58.82,1,0.707,1
1772102247.819,62.50,1,0.707,1
1772102247.836,58.82,1,0.707,1
1772102247.852,62.50,1,0.707,1
1772102247.869,58.82,1,0.707,1
1772102247.885,62.50,1,0.707,1
1772102247.902,62.50,1,0.707,1
1772102247.918,58.82,1,0.707,1
1772102247.935,62.50,1,0.707,1
1772102247.951,58.82,1,0.707,1
1772102247.968,58.82,1,0.707,1
1772102247.984,62.50,1,0.707,1
1772102248.001,58.82,1,0.707,1
1772102248.017,62.50,1,0.707,1
1772102248.034,58.82,1,0.707,1
1772102248.051,62.50,1,0.707,1
1772102248.067,58.82,1,0.707,1
1772102248.084,62.50,1,0.707,1
1772102248.100,58.82,1,0.707,1
1772102248.117,58.82,1,0.707,1
1772102248.133,62.50,1,0.707,1
1772102248.150,58.82,1,0.707,1
1772102248.166,62.50,1,0.707,1
1772102248.183,58.82,1,0.707,1
1772102248.199,62.50,1,0.707,1
1772102248.216,58.82,1,0.707,1
1772102248.232,62.50,1,0.707,1
1772102248.253,47.62,1,0.707,1
1772102248.270,62.50,1,0.707,1
1772102248.286,58.82,1,0.707,1
1772102248.303,58.82,1,0.707,1
1772102248.320,58.82,1,0.707,1
1772102248.337,58.82,1,0.707,1
1772102248.354,62.50,1,0.707,1
1772102248.370,58.82,1,0.707,1
1772102248.387,62.50,1,0.707,1
1772102248.403,58.82,1,0.707,1
1772102248.419,62.50,1,0.707,1
1772102248.436,58.82,1,0.707,1
1772102248.470,30.30,1,0.707,1
1772102248.495,38.46,1,0.707,1
1772102248.530,28.57,1,0.707,1
1772102248.561,32.26,1,0.707,1
1772102248.596,29.41,1,0.707,1
1772102248.629,30.30,1,0.707,1
1772102248.662,29.41,1,0.707,1
1772102248.697,28.57,1,0.707,1
1772102248.715,55.56,1,0.707,1
1772102248.732,58.82,1,0.707,1
1772102248.748,62.50,1,0.707,1
1772102248.765,58.82,1,0.707,1
1772102248.782,62.50,1,0.707,1
1772102248.816,28.57,1,0.707,1
1772102248.833,58.82,1,0.707,1
1772102248.850,62.50,1,0.707,1
1772102248.866,58.82,1,0.707,1
1772102248.883,58.82,1,0.707,1
1772102248.900,62.50,1,0.707,1
1772102248.916,58.82,1,0.707,1
1772102248.932,62.50,1,0.707,1
1772102248.948,62.50,1,0.707,1
1772102248.964,62.50,1,0.707,1
1772102248.980,62.50,1,0.707,1
1772102248.997,58.82,1,0.707,1
1772102249.013,62.50,1,0.707,1
1772102249.032,52.63,1,0.707,1
1772102249.049,62.50,1,0.707,1
1772102249.065,58.82,1,0.707,1
1772102249.081,62.50,1,0.707,1
1772102249.097,62.50,1,0.707,1
1772102249.114,58.82,1,0.707,1
1772102249.131,62.50,1,0.707,1
1772102249.147,58.82,1,0.707,1
1772102249.164,58.82,1,0.707,1
1772102249.180,62.50,1,0.707,1
1772102249.197,62.50,1,0.707,1
1772102249.215,52.63,1,0.707,1
1772102249.231,62.50,1,0.707,1
1772102249.248,62.50,1,0.707,1
1772102249.264,58.82,1,0.707,1
1772102249.280,62.50,1,0.707,1
1772102249.296,62.50,1,0.707,1
1772102249.313,58.82,1,0.707,1
1772102249.329,62.50,1,0.707,1
1772102249.346,58.82,1,0.707,1
1772102249.362,62.50,1,0.707,1
1772102249.379,58.82,1,0.707,1
1772102249.396,62.50,1,0.707,1
1772102249.414,55.56,1,0.707,1
1772102249.431,58.82,1,0.707,1
1772102249.447,58.82,1,0.707,1
1772102249.464,58.82,1,0.707,1
1772102249.481,58.82,1,0.707,1
1772102249.498,62.50,1,0.707,1
1772102249.514,58.82,1,0.707,1
1772102249.531,58.82,1,0.707,1
1772102249.548,58.82,1,0.707,1
1772102249.565,58.82,1,0.707,1
1772102249.581,62.50,1,0.707,1
1772102249.598,62.50,1,0.707,1
1772102249.614,58.82,1,0.707,1
1772102249.631,58.82,1,0.707,1
1772102249.648,58.82,1,0.707,1
1772102249.665,58.82,1,0.707,1
1772102249.682,58.82,1,0.707,1
1772102249.699,62.50,1,0.707,1
1772102249.715,58.82,1,0.707,1
1772102249.732,58.82,1,0.707,1
1772102249.749,58.82,1,0.707,1
1772102249.765,62.50,1,0.707,1
1772102249.782,58.82,1,0.707,1
1772102249.798,62.50,1,0.707,1
1772102249.815,62.50,1,0.707,1
1772102249.831,58.82,1,0.707,1
1772102249.848,58.82,1,0.707,1
1772102249.866,58.82,1,0.707,1
1772102249.882,58.82,1,0.707,1
1772102249.898,62.50,1,0.707,1
1772102249.914,62.50,1,0.707,1
1772102249.932,58.82,1,0.707,1
1772102249.948,58.82,1,0.707,1
1772102249.965,58.82,1,0.707,1
1772102249.981,62.50,1,0.707,1
1772102249.998,58.82,1,0.707,1
1772102250.015,62.50,1,0.707,1
1772102250.031,58.82,1,0.707,1
1772102250.049,58.82,1,0.707,1
1772102250.065,58.82,1,0.707,1
1772102250.082,58.82,1,0.707,1
1772102250.099,62.50,1,0.707,1
1772102250.115,58.82,1,0.707,1
1772102250.131,62.50,1,0.707,1
1772102250.151,50.00,1,0.707,1
1772102250.168,58.82,1,0.707,1
1772102250.185,62.50,1,0.707,1
1772102250.201,58.82,1,0.707,1
1772102250.220,55.56,1,0.707,1
1772102250.236,58.82,1,0.707,1
1772102250.252,62.50,1,0.707,1
1772102250.268,62.50,1,0.707,1
1772102250.285,62.50,1,0.707,1
1772102250.301,62.50,1,0.707,1
1772102250.317,58.82,1,0.707,1
1772102250.335,55.56,1,0.707,1
1772102250.352,58.82,1,0.707,1
1772102250.368,62.50,1,0.707,1
1772102250.384,62.50,1,0.707,1
1772102250.401,58.82,1,0.707,1
1772102250.417,62.50,1,0.707,1
1772102250.434,62.50,1,0.707,1
1772102250.450,58.82,1,0.707,1
1772102250.466,62.50,1,0.707,1
1772102250.483,62.50,1,0.707,1
1772102250.499,58.82,1,0.707,1
1772102250.516,62.50,1,0.707,1
1772102250.535,50.00,1,0.707,1
1772102250.552,58.82,1,0.707,1
1772102250.569,62.50,1,0.707,1
1772102250.585,58.82,1,0.707,1
1772102250.601,62.50,1,0.707,1
1772102250.618,58.82,1,0.707,1
1772102250.635,58.82,1,0.707,1
1772102250.651,62.50,1,0.707,1
1772102250.667,62.50,1,0.707,1
1772102250.683,62.50,1,0.707,1
1772102250.699,62.50,1,0.707,1
1772102250.715,62.50,1,0.707,1
1772102250.731,62.50,1,0.707,1
1772102250.748,62.50,1,0.707,1
1772102250.765,58.82,1,0.707,1
1772102250.781,58.82,1,0.707,1
1772102250.798,58.82,1,0.707,1
1772102250.815,62.50,1,0.707,1
1772102250.832,58.82,1,0.707,1
1772102250.848,58.82,1,0.707,1
1772102250.865,62.50,1,0.707,1
1772102250.881,58.82,1,0.707,1
1772102250.902,47.62,1,0.707,1
1772102250.918,62.50,1,0.707,1
1772102250.934,62.50,1,0.707,1
1772102250.951,58.82,1,0.707,1
1772102250.967,62.50,1,0.707,1
1772102250.983,62.50,1,0.707,1
1772102250.999,62.50,1,0.707,1
1772102251.015,62.50,1,0.707,1
1772102251.032,62.50,1,0.707,1
1772102251.048,62.50,1,0.707,1
1772102251.065,55.56,1,0.707,1
1772102251.081,62.50,1,0.707,1
1772102251.098,58.82,1,0.707,1
1772102251.115,58.82,1,0.707,1
1772102251.133,58.82,1,0.707,1
1772102251.149,62.50,1,0.707,1
1772102251.165,58.82,1,0.707,1
1772102251.182,62.50,1,0.707,1
1772102251.198,62.50,1,0.707,1
1772102251.215,55.56,1,0.707,1
1772102251.232,58.82,1,0.707,1
1772102251.249,58.82,1,0.707,1
1772102251.266,58.82,1,0.707,1
1772102251.282,62.50,1,0.707,1
1772102251.298,62.50,1,0.707,1
1772102251.315,58.82,1,0.707,1
1772102251.332,58.82,1,0.707,1
1772102251.349,62.50,1,0.707,1
1772102251.364,62.50,1,0.707,1
1772102251.382,58.82,1,0.707,1
1772102251.398,58.82,1,0.707,1
1772102251.415,62.50,1,0.707,1
1772102251.431,58.82,1,0.707,1
1772102251.448,58.82,1,0.707,1
1772102251.465,58.82,1,0.707,1
1772102251.482,58.82,1,0.707,1
1772102251.499,62.50,1,0.707,1
1772102251.515,58.82,1,0.707,1
1772102251.531,62.50,1,0.707,1
1772102251.548,58.82,1,0.707,1
1772102251.565,58.82,1,0.707,1
1772102251.581,62.50,1,0.707,1
1772102251.598,58.82,1,0.707,1
1772102251.614,62.50,1,0.707,1
1772102251.632,58.82,1,0.707,1
1772102251.648,58.82,1,0.707,1
1772102251.665,58.82,1,0.707,1
1772102251.681,62.50,1,0.707,1
1772102251.697,62.50,1,0.707,1
1772102251.715,58.82,1,0.707,1
1772102251.732,58.82,1,0.707,1
1772102251.748,58.82,1,0.707,1
1772102251.771,45.45,1,0.707,1
1772102251.787,62.50,1,0.707,1
1772102251.803,62.50,1,0.707,1
1772102251.819,58.82,1,0.707,1
1772102251.835,62.50,1,0.707,1
1772102251.851,62.50,1,0.707,1
1772102251.868,62.50,1,0.707,1
1772102251.884,62.50,1,0.707,1
1772102251.903,50.00,1,0.707,1
1772102251.920,62.50,1,0.707,1
1772102251.936,58.82,1,0.707,1
1772102251.953,62.50,1,0.707,1
1772102251.968,62.50,1,0.707,1
1772102251.984,62.50,1,0.707,1
1772102252.000,62.50,1,0.707,1
1772102252.017,62.50,1,0.707,1
1772102252.032,62.50,1,0.707,1
1772102252.048,62.50,1,0.707,1
1772102252.064,62.50,1,0.707,1
1772102252.082,55.56,1,0.707,1
1772102252.099,58.82,1,0.707,1
1772102252.115,62.50,1,0.707,1
1772102252.131,62.50,1,0.707,1
1772102252.148,58.82,1,0.707,1
1772102252.165,58.82,1,0.707,1
1772102252.181,62.50,1,0.707,1
1772102252.198,58.82,1,0.707,1
1772102252.216,55.56,1,0.707,1
1772102252.233,62.50,1,0.707,1
1772102252.249,58.82,1,0.707,1
1772102252.265,62.50,1,0.707,1
1772102252.281,62.50,1,0.707,1
1772102252.298,58.82,1,0.707,1
1772102252.314,62.50,1,0.707,1
1772102252.332,58.82,1,0.707,1
1772102252.348,58.82,1,0.707,1
1772102252.368,50.00,1,0.707,1
1772102252.385,58.82,1,0.707,1
1772102252.401,62.50,1,0.707,1
1772102252.418,58.82,1,0.707,1
1772102252.434,62.50,1,0.707,1
1772102252.450,62.50,1,0.707,1
1772102252.467,62.50,1,0.707,1
1772102252.483,58.82,1,0.707,1
1772102252.500,62.50,1,0.707,1
1772102252.516,58.82,1,0.707,1
1772102252.532,62.50,1,0.707,1
1772102252.549,62.50,1,0.707,1
1772102252.565,58.82,1,0.707,1
1772102252.581,62.50,1,0.707,1
1772102252.598,58.82,1,0.707,1
1772102252.616,55.56,1,0.707,1
1772102252.632,62.50,1,0.707,1
1772102252.649,62.50,1,0.707,1
1772102252.665,58.82,1,0.707,1
1772102252.681,62.50,1,0.707,1
1772102252.703,47.62,1,0.707,1
1772102252.719,62.50,1,0.707,1
1772102252.735,62.50,1,0.707,1
1772102252.751,62.50,1,0.707,1
1772102252.767,62.50,1,0.707,1
1772102252.782,62.50,1,0.707,1
1772102252.799,58.82,1,0.707,1
1772102252.815,62.50,1,0.707,1
1772102252.831,62.50,1,0.707,1
1772102252.848,58.82,1,0.707,1
1772102252.865,62.50,1,0.707,1
1772102252.881,58.82,1,0.707,1
1772102252.898,58.82,1,0.707,1
1772102252.919,47.62,1,0.707,1
1772102252.935,62.50,1,0.707,1
1772102252.951,62.50,1,0.707,1
1772102252.967,62.50,1,0.707,1
1772102252.983,62.50,1,0.707,1
1772102252.999,62.50,1,0.707,1
1772102253.016,62.50,1,0.707,1
1772102253.031,62.50,1,0.707,1
1772102253.048,58.82,1,0.707,1
1772102253.065,58.82,1,0.707,1
1772102253.081,62.50,1,0.707,1
1772102253.098,58.82,1,0.707,1
1772102253.119,47.62,1,0.707,1
1772102253.135,62.50,1,0.707,1
1772102253.152,62.50,1,0.707,1
1772102253.167,62.50,1,0.707,1
1772102253.183,62.50,1,0.707,1
1772102253.200,62.50,1,0.707,1
1772102253.215,62.50,1,0.707,1
1772102253.236,47.62,1,0.707,1
1772102253.252,62.50,1,0.707,1
1772102253.268,62.50,1,0.707,1
1772102253.284,62.50,1,0.707,1
1772102253.301,62.50,1,0.707,1
1772102253.317,62.50,1,0.707,1
1772102253.332,62.50,1,0.707,1
1772102253.348,62.50,1,0.707,1
1772102253.370,47.62,1,0.707,1
1772102253.385,62.50,1,0.707,1
1772102253.401,62.50,1,0.707,1
1772102253.417,62.50,1,0.707,1
1772102253.433,62.50,1,0.707,1
1772102253.449,62.50,1,0.707,1
1772102253.466,58.82,1,0.707,1
1772102253.483,58.82,1,0.707,1
1772102253.499,62.50,1,0.707,1
1772102253.516,62.50,1,0.707,1
1772102253.532,62.50,1,0.707,1
1772102253.548,58.82,1,0.707,1
1772102253.566,58.82,1,0.707,1
1772102253.581,62.50,1,0.707,1
1772102253.598,58.82,1,0.707,1
1772102253.615,62.50,1,0.707,1
1772102253.636,47.62,1,0.707,1
1772102253.652,58.82,1,0.707,1
1772102253.669,58.82,1,0.707,1
1772102253.685,62.50,1,0.707,1
1772102253.701,62.50,1,0.707,1
1772102253.718,62.50,1,0.707,1
1772102253.734,58.82,1,0.707,1
1772102253.751,62.50,1,0.707,1
1772102253.767,62.50,1,0.707,1
1772102253.783,58.82,1,0.707,1
1772102253.799,62.50,1,0.707,1
1772102253.816,62.50,1,0.707,1
1772102253.832,62.50,1,0.707,1
1772102253.848,58.82,1,0.707,1
1772102253.865,58.82,1,0.707,1
1772102253.885,52.63,1,0.707,1
1772102253.901,58.82,1,0.707,1
1772102253.917,62.50,1,0.707,1
1772102253.933,62.50,1,0.707,1
1772102253.950,58.82,1,0.707,1
1772102253.966,62.50,1,0.707,1
1772102253.982,62.50,1,0.707,1
1772102254.002,52.63,1,0.707,1
1772102254.017,62.50,1,0.707,1
1772102254.034,58.82,1,0.707,1
1772102254.050,62.50,1,0.707,1
1772102254.066,62.50,1,0.707,1
1772102254.084,55.56,1,0.707,1
1772102254.101,62.50,1,0.707,1
1772102254.117,58.82,1,0.707,1
1772102254.134,62.50,1,0.707,1
1772102254.150,62.50,1,0.707,1
1772102254.165,62.50,1,0.707,1
1772102254.181,62.50,1,0.707,1
1772102254.198,58.82,1,0.707,1
1772102254.214,62.50,1,0.707,1
1772102254.232,55.56,1,0.707,1
1772102254.248,62.50,1,0.707,1
1772102254.265,62.50,1,0.707,1
1772102254.281,58.82,1,0.707,1
1772102254.298,62.50,1,0.707,1
1772102254.315,55.56,1,0.707,1
1772102254.332,58.82,1,0.707,1
1772102254.348,62.50,1,0.707,1
1772102254.365,58.82,1,0.707,1
1772102254.381,62.50,1,0.707,1
1772102254.402,47.62,1,0.707,1
1772102254.418,62.50,1,0.707,1
1772102254.435,62.50,1,0.707,1
1772102254.451,58.82,1,0.707,1
1772102254.468,58.82,1,0.707,1
1772102254.484,62.50,1,0.707,1
1772102254.501,58.82,1,0.707,1
1772102254.518,62.50,1,0.707,1
1772102254.534,62.50,1,0.707,1
1772102254.549,62.50,1,0.707,1
1772102254.565,62.50,1,0.707,1
1772102254.582,62.50,1,0.707,1
1772102254.598,58.82,1,0.707,1
1772102254.614,62.50,1,0.707,1
1772102254.632,58.82,1,0.707,1
1772102254.648,58.82,1,0.707,1
1772102254.668,50.00,1,0.707,1
1772102254.686,55.56,1,0.707,1
1772102254.702,62.50,1,0.707,1
1772102254.718,62.50,1,0.707,1
1772102254.735,62.50,1,0.707,1
1772102254.750,62.50,1,0.707,1
1772102254.766,62.50,1,0.707,1
1772102254.782,62.50,1,0.707,1
1772102254.798,62.50,1,0.707,1
1772102254.815,58.82,1,0.707,1
1772102254.832,58.82,1,0.707,1
1772102254.848,62.50,1,0.707,1
1772102254.865,58.82,1,0.707,1
1772102254.887,47.62,1,0.707,1
1772102254.904,58.82,1,0.707,1
1772102254.920,62.50,1,0.707,1
1772102254.936,62.50,1,0.707,1
1772102254.951,62.50,1,0.707,1
1772102254.968,58.82,1,0.707,1
1772102254.984,62.50,1,0.707,1
1772102255.000,62.50,1,0.707,1
1772102255.016,62.50,1,0.707,1
1772102255.033,62.50,1,0.707,1
1772102255.048,62.50,1,0.707,1
1772102255.065,58.82,1,0.707,1
1772102255.081,62.50,1,0.707,1
1772102255.102,47.62,1,0.707,1
1772102255.118,62.50,1,0.707,1
1772102255.135,62.50,1,0.707,1
1772102255.151,58.82,1,0.707,1
1772102255.167,62.50,1,0.707,1
1772102255.183,62.50,1,0.707,1
1772102255.200,58.82,1,0.707,1
1772102255.216,62.50,1,0.707,1
1772102255.236,50.00,1,0.707,1
1772102255.252,62.50,1,0.707,1
1772102255.268,62.50,1,0.707,1
1772102255.284,62.50,1,0.707,1
1772102255.300,62.50,1,0.707,1
1772102255.316,62.50,1,0.707,1
1772102255.333,58.82,1,0.707,1
1772102255.350,62.50,1,0.707,1
1772102255.366,58.82,1,0.707,1
1772102255.383,58.82,1,0.707,1
1772102255.399,62.50,1,0.707,1
1772102255.415,62.50,1,0.707,1
1772102255.432,58.82,1,0.707,1
1772102255.448,62.50,1,0.707,1
1772102255.465,58.82,1,0.707,1
1772102255.482,62.50,1,0.707,1
1772102255.499,58.82,1,0.707,1
1772102255.515,58.82,1,0.707,1
1772102255.531,62.50,1,0.707,1
1772102255.548,62.50,1,0.707,1
1772102255.564,58.82,1,0.707,1
1772102255.581,58.82,1,0.707,1
1772102255.598,58.82,1,0.707,1
1772102255.615,58.82,1,0.707,1
1772102255.632,58.82,1,0.707,1
1772102255.649,62.50,1,0.707,1
1772102255.665,58.82,1,0.707,1
1772102255.681,62.50,1,0.707,1
1772102255.702,47.62,1,0.707,1
1772102255.718,62.50,1,0.707,1
1772102255.734,62.50,1,0.707,1
1772102255.750,62.50,1,0.707,1
1772102255.767,62.50,1,0.707,1
1772102255.782,62.50,1,0.707,1
1772102255.798,62.50,1,0.707,1
1772102255.815,62.50,1,0.707,1
1772102255.832,55.56,1,0.707,1
1772102255.848,62.50,1,0.707,1
1772102255.866,58.82,1,0.707,1
1772102255.882,58.82,1,0.707,1
1772102255.898,62.50,1,0.707,1
1772102255.915,58.82,1,0.707,1
1772102255.932,58.82,1,0.707,1
1772102255.949,58.82,1,0.707,1
1772102255.965,62.50,1,0.707,1
1772102255.985,50.00,1,0.707,1
1772102256.001,62.50,1,0.707,1
1772102256.017,62.50,1,0.707,1
1772102256.033,62.50,1,0.707,1
1772102256.050,58.82,1,0.707,1
1772102256.067,62.50,1,0.707,1
1772102256.082,62.50,1,0.707,1
1772102256.098,62.50,1,0.707,1
1772102256.115,58.82,1,0.707,1
1772102256.132,58.82,1,0.707,1
1772102256.148,62.50,1,0.707,1
1772102256.165,58.82,1,0.707,1
1772102256.182,58.82,1,0.707,1
1772102256.198,62.50,1,0.707,1
1772102256.214,62.50,1,0.707,1
1772102256.231,58.82,1,0.707,1
1772102256.248,58.82,1,0.707,1
1772102256.264,62.50,1,0.707,1
1772102256.282,55.56,1,0.707,1
1772102256.299,58.82,1,0.707,1
1772102256.315,62.50,1,0.707,1
1772102256.336,47.62,1,0.707,1
1772102256.352,62.50,1,0.707,1
1772102256.368,62.50,1,0.707,1
1772102256.384,62.50,1,0.707,1
1772102256.400,62.50,1,0.707,1
1772102256.417,58.82,1,0.707,1
1772102256.434,58.82,1,0.707,1
1772102256.451,58.82,1,0.707,1
1772102256.468,58.82,1,0.707,1
1772102256.485,58.82,1,0.707,1
1772102256.501,62.50,1,0.707,1
1772102256.517,62.50,1,0.707,1
1772102256.533,62.50,1,0.707,1
1772102256.550,62.50,1,0.707,1
1772102256.566,62.50,1,0.707,1
1772102256.581,62.50,1,0.707,1
1772102256.598,58.82,1,0.707,1
1772102256.618,50.00,1,0.707,1
1772102256.634,62.50,1,0.707,1
1772102256.650,62.50,1,0.707,1
1772102256.666,62.50,1,0.707,1
1772102256.686,50.00,1,0.707,1
1772102256.702,62.50,1,0.707,1
1772102256.719,62.50,1,0.707,1
1772102256.735,62.50,1,0.707,1
1772102256.750,62.50,1,0.707,1
1772102256.768,55.56,1,0.707,1
1772102256.785,58.82,1,0.707,1
1772102256.802,62.50,1,0.707,1
1772102256.817,62.50,1,0.707,1
1772102256.833,62.50,1,0.707,1
1772102256.849,62.50,1,0.707,1
1772102256.869,50.00,1,0.707,1
1772102256.885,62.50,1,0.707,1
1772102256.902,62.50,1,0.707,1
1772102256.918,58.82,1,0.707,1
1772102256.934,62.50,1,0.707,1
1772102256.951,58.82,1,0.707,1
1772102256.968,58.82,1,0.707,1
1772102256.985,62.50,1,0.707,1
1772102257.000,62.50,1,0.707,1
1772102257.017,58.82,1,0.707,1
1772102257.033,62.50,1,0.707,1
1772102257.050,62.50,1,0.707,1
1772102257.066,58.82,1,0.707,1
1772102257.083,62.50,1,0.707,1
1772102257.103,47.62,1,0.707,1
1772102257.119,62.50,1,0.707,1
1772102257.135,62.50,1,0.707,1
1772102257.151,62.50,1,0.707,1
1772102257.167,62.50,1,0.707,1
1772102257.183,62.50,1,0.707,1
1772102257.199,62.50,1,0.707,1
1772102257.216,58.82,1,0.707,1
1772102257.233,62.50,1,0.707,1
1772102257.249,58.82,1,0.707,1
1772102257.266,62.50,1,0.707,1
1772102257.282,62.50,1,0.707,1
1772102257.297,62.50,1,0.707,1
1772102257.314,58.82,1,0.707,1
1772102257.331,58.82,1,0.707,1
1772102257.348,58.82,1,0.707,1
1772102257.365,58.82,1,0.707,1
1772102257.382,62.50,1,0.707,1
1772102257.398,58.82,1,0.707,1
1772102257.416,55.56,1,0.707,1
1772102257.432,62.50,1,0.707,1
1772102257.448,62.50,1,0.707,1
1772102257.464,62.50,1,0.707,1
1772102257.481,58.82,1,0.707,1
1772102257.498,58.82,1,0.707,1
1772102257.515,58.82,1,0.707,1
1772102257.533,58.82,1,0.707,1
1772102257.549,62.50,1,0.707,1
1772102257.565,58.82,1,0.707,1
1772102257.582,58.82,1,0.707,1
1772102257.598,62.50,1,0.707,1
1772102257.615,58.82,1,0.707,1
1772102257.632,62.50,1,0.707,1
1772102257.649,55.56,1,0.707,1
1772102257.665,62.50,1,0.707,1
1772102257.681,62.50,1,0.707,1
1772102257.697,62.50,1,0.707,1
1772102257.714,58.82,1,0.707,1
1772102257.731,62.50,1,0.707,1
1772102257.749,52.63,1,0.707,1
1772102257.765,62.50,1,0.707,1
1772102257.782,62.50,1,0.707,1
1772102257.797,62.50,1,0.707,1
1772102257.814,58.82,1,0.707,1
1772102257.831,58.82,1,0.707,1
1772102257.849,58.82,1,0.707,1
1772102257.865,58.82,1,0.707,1
1772102257.882,58.82,1,0.707,1
1772102257.898,62.50,1,0.707,1
1772102257.915,58.82,1,0.707,1
1772102257.932,58.82,1,0.707,1
1772102257.949,58.82,1,0.707,1
1772102257.965,62.50,1,0.707,1
1772102257.981,62.50,1,0.707,1
1772102257.998,62.50,1,0.707,1
1772102258.015,55.56,1,0.707,1
1772102258.032,58.82,1,0.707,1
1772102258.049,62.50,1,0.707,1
1772102258.065,58.82,1,0.707,1
1772102258.082,58.82,1,0.707,1
1772102258.104,45.45,1,0.707,1
1772102258.120,62.50,1,0.707,1
1772102258.136,62.50,1,0.707,1
1772102258.153,58.82,1,0.707,1
1772102258.170,62.50,1,0.707,1
1772102258.185,62.50,1,0.707,1
1772102258.201,62.50,1,0.707,1
1772102258.217,62.50,1,0.707,1
1772102258.234,62.50,1,0.707,1
1772102258.252,52.63,1,0.707,1
1772102258.268,62.50,1,0.707,1
1772102258.284,62.50,1,0.707,1
1772102258.300,62.50,1,0.707,1
1772102258.316,62.50,1,0.707,1
1772102258.332,62.50,1,0.707,1
1772102258.348,62.50,1,0.707,1
1772102258.365,62.50,1,0.707,1
1772102258.381,58.82,1,0.707,1
1772102258.398,58.82,1,0.707,1
1772102258.416,55.56,1,0.707,1
1772102258.432,62.50,1,0.707,1
1772102258.449,58.82,1,0.707,1
1772102258.465,62.50,1,0.707,1
1772102258.481,62.50,1,0.707,1
1772102258.498,58.82,1,0.707,1
1772102258.514,62.50,1,0.707,1
1772102258.535,47.62,1,0.707,1
1772102258.552,62.50,1,0.707,1
1772102258.568,58.82,1,0.707,1
1772102258.585,58.82,1,0.707,1
1772102258.601,62.50,1,0.707,1
1772102258.618,62.50,1,0.707,1
1772102258.634,58.82,1,0.707,1
1772102258.651,58.82,1,0.707,1
1772102258.668,62.50,1,0.707,1
1772102258.685,58.82,1,0.707,1
1772102258.701,58.82,1,0.707,1
1772102258.717,62.50,1,0.707,1
1772102258.733,62.50,1,0.707,1
1772102258.750,58.82,1,0.707,1
1772102258.768,55.56,1,0.707,1
1772102258.785,62.50,1,0.707,1
1772102258.801,58.82,1,0.707,1
1772102258.817,62.50,1,0.707,1
1772102258.833,62.50,1,0.707,1
1772102258.850,58.82,1,0.707,1
1772102258.866,62.50,1,0.707,1
1772102258.885,55.56,1,0.707,1
1772102258.901,58.82,1,0.707,1
1772102258.918,62.50,1,0.707,1
1772102258.934,58.82,1,0.707,1
1772102258.950,62.50,1,0.707,1
1772102258.966,62.50,1,0.707,1
1772102258.982,62.50,1,0.707,1
1772102258.999,62.50,1,0.707,1
1772102259.015,58.82,1,0.707,1
1772102259.032,62.50,1,0.707,1
1772102259.049,58.82,1,0.707,1
1772102259.065,62.50,1,0.707,1
1772102259.082,55.56,1,0.707,1
1772102259.099,62.50,1,0.707,1
1772102259.115,58.82,1,0.707,1
1772102259.131,62.50,1,0.707,1
1772102259.152,47.62,1,0.707,1
1772102259.169,62.50,1,0.707,1
1772102259.185,58.82,1,0.707,1
1772102259.201,62.50,1,0.707,1
1772102259.217,62.50,1,0.707,1
1772102259.233,62.50,1,0.707,1
1772102259.250,58.82,1,0.707,1
1772102259.266,62.50,1,0.707,1
1772102259.282,62.50,1,0.707,1
1772102259.303,50.00,1,0.707,1
1772102259.319,58.82,1,0.707,1
1772102259.335,62.50,1,0.707,1
1772102259.352,62.50,1,0.707,1
1772102259.368,58.82,1,0.707,1
1772102259.384,62.50,1,0.707,1
1772102259.400,62.50,1,0.707,1
1772102259.417,62.50,1,0.707,1
1772102259.432,62.50,1,0.707,1
1772102259.448,62.50,1,0.707,1
1772102259.465,58.82,1,0.707,1
1772102259.481,62.50,1,0.707,1
1772102259.498,58.82,1,0.707,1
1772102259.515,58.82,1,0.707,1
1772102259.532,62.50,1,0.707,1
1772102259.548,58.82,1,0.707,1
1772102259.565,62.50,1,0.707,1
1772102259.581,58.82,1,0.707,1
1772102259.598,58.82,1,0.707,1
1772102259.615,58.82,1,0.707,1
1772102259.632,58.82,1,0.707,1
1772102259.648,62.50,1,0.707,1
1772102259.665,62.50,1,0.707,1
1772102259.682,58.82,1,0.707,1
1772102259.698,58.82,1,0.707,1
1772102259.715,58.82,1,0.707,1
1772102259.732,62.50,1,0.707,1
1772102259.750,52.63,1,0.707,1
1772102259.768,55.56,1,0.707,1
1772102259.786,55.56,1,0.707,1
1772102259.804,55.56,1,0.707,1
1772102259.838,30.30,1,0.707,1
1772102259.856,52.63,1,0.707,1
1772102259.874,55.56,1,0.707,1
1772102259.891,58.82,1,0.707,1
1772102259.909,58.82,1,0.707,1
1772102259.926,55.56,1,0.707,1
1772102259.944,58.82,1,0.707,1
1772102259.965,45.45,1,0.707,1
1772102259.983,55.56,1,0.707,1
1772102260.000,58.82,1,0.707,1
1772102260.018,55.56,1,0.707,1
1772102260.035,58.82,1,0.707,1
1772102260.052,58.82,1,0.707,1
1772102260.069,58.82,1,0.707,1
1772102260.086,58.82,1,0.707,1
1772102260.103,58.82,1,0.707,1
1772102260.120,62.50,1,0.707,1
1772102260.136,58.82,1,0.707,1
1772102260.153,62.50,1,0.707,1
1772102260.169,58.82,1,0.707,1
1772102260.185,62.50,1,0.707,1
1772102260.202,62.50,1,0.707,1
1772102260.218,58.82,1,0.707,1
1772102260.235,58.82,1,0.707,1
1772102260.251,62.50,1,0.707,1
1772102260.268,58.82,1,0.707,1
1772102260.284,62.50,1,0.707,1
1772102260.300,62.50,1,0.707,1
1772102260.317,62.50,1,0.707,1
1772102260.333,58.82,1,0.707,1
1772102260.349,62.50,1,0.707,1
1772102260.369,50.00,1,0.707,1
1772102260.385,62.50,1,0.707,1
1772102260.402,58.82,1,0.707,1
1772102260.418,62.50,1,0.707,1
1772102260.434,62.50,1,0.707,1
1772102260.451,62.50,1,0.707,1
1772102260.469,52.63,1,0.707,1
1772102260.486,58.82,1,0.707,1
1772102260.502,62.50,1,0.707,1
1772102260.518,62.50,1,0.707,1
1772102260.534,62.50,1,0.707,1
1772102260.550,62.50,1,0.707,1
1772102260.567,62.50,1,0.707,1
1772102260.583,62.50,1,0.707,1
1772102260.599,58.82,1,0.707,1
1772102260.615,62.50,1,0.707,1
1772102260.632,58.82,1,0.707,1
1772102260.650,55.56,1,0.707,1
1772102260.667,62.50,1,0.707,1
1772102260.683,58.82,1,0.707,1
1772102260.699,62.50,1,0.707,1
1772102260.715,62.50,1,0.707,1
1772102260.736,47.62,1,0.707,1
1772102260.752,62.50,1,0.707,1
1772102260.768,62.50,1,0.707,1
1772102260.784,62.50,1,0.707,1
1772102260.800,62.50,1,0.707,1
1772102260.817,62.50,1,0.707,1
1772102260.833,58.82,1,0.707,1
1772102260.850,62.50,1,0.707,1
1772102260.867,55.56,1,0.707,1
1772102260.884,62.50,1,0.707,1
1772102260.900,58.82,1,0.707,1
1772102260.916,62.50,1,0.707,1
1772102260.933,62.50,1,0.707,1
1772102260.949,58.82,1,0.707,1
1772102260.965,62.50,1,0.707,1
1772102260.982,58.82,1,0.707,1
1772102260.999,62.50,1,0.707,1
1772102261.015,58.82,1,0.707,1
1772102261.032,58.82,1,0.707,1
1772102261.048,62.50,1,0.707,1
1772102261.065,58.82,1,0.707,1
1772102261.082,62.50,1,0.707,1
1772102261.098,58.82,1,0.707,1
1772102261.115,58.82,1,0.707,1
1772102261.132,58.82,1,0.707,1
1772102261.149,62.50,1,0.707,1
1772102261.165,58.82,1,0.707,1
1772102261.182,58.82,1,0.707,1
1772102261.203,47.62,1,0.707,1
1772102261.219,62.50,1,0.707,1
1772102261.235,62.50,1,0.707,1
1772102261.251,62.50,1,0.707,1
1772102261.267,62.50,1,0.707,1
1772102261.284,58.82,1,0.707,1
1772102261.301,58.82,1,0.707,1
1772102261.318,58.82,1,0.707,1
1772102261.335,58.82,1,0.707,1
1772102261.351,62.50,1,0.707,1
1772102261.367,62.50,1,0.707,1
1772102261.383,62.50,1,0.707,1
1772102261.399,62.50,1,0.707,1
1772102261.415,62.50,1,0.707,1
1772102261.433,58.82,1,0.707,1
1772102261.449,58.82,1,0.707,1
1772102261.466,62.50,1,0.707,1
1772102261.482,58.82,1,0.707,1
1772102261.499,62.50,1,0.707,1
1772102261.515,58.82,1,0.707,1
1772102261.531,62.50,1,0.707,1
1772102261.548,58.82,1,0.707,1
1772102261.565,62.50,1,0.707,1
1772102261.582,58.82,1,0.707,1
1772102261.599,55.56,1,0.707,1
1772102261.615,62.50,1,0.707,1
1772102261.632,58.82,1,0.707,1
1772102261.648,62.50,1,0.707,1
1772102261.665,58.82,1,0.707,1
1772102261.682,62.50,1,0.707,1
1772102261.698,58.82,1,0.707,1
1772102261.716,58.82,1,0.707,1
1772102261.732,58.82,1,0.707,1
1772102261.748,62.50,1,0.707,1
1772102261.765,58.82,1,0.707,1
1772102261.781,62.50,1,0.707,1
1772102261.798,58.82,1,0.707,1
1772102261.815,58.82,1,0.707,1
1772102261.831,62.50,1,0.707,1
1772102261.848,58.82,1,0.707,1
1772102261.866,55.56,1,0.707,1
1772102261.884,55.56,1,0.707,1
1772102261.900,62.50,1,0.707,1
1772102261.916,62.50,1,0.707,1
1772102261.932,62.50,1,0.707,1
1772102261.949,58.82,1,0.707,1
1772102261.965,62.50,1,0.707,1
1772102261.982,58.82,1,0.707,1
1772102261.998,62.50,1,0.707,1
1772102262.016,58.82,1,0.707,1
1772102262.032,58.82,1,0.707,1
1772102262.049,58.82,1,0.707,1
1772102262.066,62.50,1,0.707,1
1772102262.082,58.82,1,0.707,1
1772102262.103,47.62,1,0.707,1
1772102262.120,62.50,1,0.707,1
1772102262.136,62.50,1,0.707,1
1772102262.152,62.50,1,0.707,1
1772102262.167,62.50,1,0.707,1
1772102262.183,62.50,1,0.707,1
1772102262.199,62.50,1,0.707,1
1772102262.216,62.50,1,0.707,1
1772102262.232,58.82,1,0.707,1
1772102262.250,58.82,1,0.707,1
1772102262.266,58.82,1,0.707,1
1772102262.283,62.50,1,0.707,1
1772102262.299,58.82,1,0.707,1
1772102262.315,62.50,1,0.707,1
1772102262.332,58.82,1,0.707,1
1772102262.349,62.50,1,0.707,1
1772102262.366,58.82,1,0.707,1
1772102262.382,58.82,1,0.707,1
1772102262.399,58.82,1,0.707,1
1772102262.416,58.82,1,0.707,1
1772102262.432,62.50,1,0.707,1
1772102262.449,58.82,1,0.707,1
1772102262.466,58.82,1,0.707,1
1772102262.483,62.50,1,0.707,1
1772102262.499,58.82,1,0.707,1
1772102262.519,52.63,1,0.707,1
1772102262.535,58.82,1,0.707,1
1772102262.552,58.82,1,0.707,1
1772102262.568,62.50,1,0.707,1
1772102262.584,62.50,1,0.707,1
1772102262.602,58.82,1,0.707,1
1772102262.617,62.50,1,0.707,1
1772102262.634,62.50,1,0.707,1
1772102262.650,62.50,1,0.707,1
1772102262.666,58.82,1,0.707,1
1772102262.682,62.50,1,0.707,1
1772102262.699,62.50,1,0.707,1
1772102262.716,58.82,1,0.707,1
1772102262.732,58.82,1,0.707,1
1772102262.749,58.82,1,0.707,1
1772102262.766,58.82,1,0.707,1
1772102262.782,62.50,1,0.707,1
1772102262.799,58.82,1,0.707,1
1772102262.816,58.82,1,0.707,1
1772102262.833,62.50,1,0.707,1
1772102262.849,58.82,1,0.707,1
1772102262.866,58.82,1,0.707,1
1772102262.882,62.50,1,0.707,1
1772102262.898,62.50,1,0.707,1
1772102262.915,58.82,1,0.707,1
1772102262.933,58.82,1,0.707,1
1772102262.949,58.82,1,0.707,1
1772102262.967,58.82,1,0.707,1
1772102262.983,58.82,1,0.707,1
1772102262.999,62.50,1,0.707,1
1772102263.016,58.82,1,0.707,1
1772102263.033,62.50,1,0.707,1
1772102263.049,58.82,1,0.707,1
1772102263.066,58.82,1,0.707,1
1772102263.082,62.50,1,0.707,1
1772102263.099,58.82,1,0.707,1
1772102263.116,58.82,1,0.707,1
1772102263.133,62.50,1,0.707,1
1772102263.149,58.82,1,0.707,1
1772102263.166,62.50,1,0.707,1
1772102263.183,58.82,1,0.707,1
1772102263.200,55.56,1,0.707,1
1772102263.217,62.50,1,0.707,1
1772102263.233,62.50,1,0.707,1
1772102263.249,58.82,1,0.707,1
1772102263.265,62.50,1,0.707,1
1772102263.281,62.50,1,0.707,1
1772102263.298,58.82,1,0.707,1
1772102263.314,62.50,1,0.707,1
1772102263.334,50.00,1,0.707,1
1772102263.350,62.50,1,0.707,1
1772102263.368,55.56,1,0.707,1
1772102263.385,58.82,1,0.707,1
1772102263.401,62.50,1,0.707,1
1772102263.417,62.50,1,0.707,1
1772102263.433,62.50,1,0.707,1
1772102263.449,62.50,1,0.707,1
1772102263.465,62.50,1,0.707,1
1772102263.481,62.50,1,0.707,1
1772102263.502,47.62,1,0.707,1
1772102263.518,62.50,1,0.707,1
1772102263.535,62.50,1,0.707,1
1772102263.551,58.82,1,0.707,1
1772102263.568,58.82,1,0.707,1
1772102263.584,62.50,1,0.707,1
1772102263.601,58.82,1,0.707,1
1772102263.617,62.50,1,0.707,1
1772102263.633,62.50,1,0.707,1
1772102263.650,58.82,1,0.707,1
1772102263.667,58.82,1,0.707,1
1772102263.683,62.50,1,0.707,1
1772102263.699,62.50,1,0.707,1
1772102263.715,62.50,1,0.707,1
1772102263.732,58.82,1,0.707,1
1772102263.751,55.56,1,0.707,1
1772102263.767,58.82,1,0.707,1
1772102263.783,62.50,1,0.707,1
1772102263.799,62.50,1,0.707,1
1772102263.815,62.50,1,0.707,1
1772102263.831,62.50,1,0.707,1
1772102263.848,58.82,1,0.707,1
1772102263.865,58.82,1,0.707,1
1772102263.881,62.50,1,0.707,1
1772102263.898,58.82,1,0.707,1
1772102263.915,62.50,1,0.707,1
1772102263.932,55.56,0,0.707,1
1772102263.948,62.50,0,0.707,1
1772102263.966,55.56,0,0.707,1
1772102263.982,62.50,0,0.707,1
1772102263.998,62.50,0,0.707,1
1772102264.015,62.50,0,0.707,1
1772102264.031,58.82,0,0.707,1
1772102264.048,58.82,0,0.707,1
1772102264.065,58.82,0,0.707,1
1772102264.082,62.50,0,0.707,1
1772102264.098,58.82,0,0.707,1
1772102264.115,62.50,0,0.707,1
1772102264.132,55.56,0,0.707,1
1772102264.148,62.50,0,0.707,1
1772102264.165,58.82,0,0.707,1
1772102264.182,58.82,0,0.707,1
1772102264.199,62.50,0,0.707,1
1772102264.215,58.82,0,0.707,1
1772102264.231,62.50,0,0.707,1
1772102264.248,58.82,0,0.707,1
1772102264.266,55.56,0,0.707,1
1772102264.282,62.50,0,0.707,1
1772102264.298,62.50,0,0.707,1
1772102264.315,58.82,0,0.707,1
1772102264.331,62.50,0,0.707,1
1772102264.348,58.82,0,0.707,1
1772102264.364,62.50,0,0.707,1
1772102264.382,58.82,0,0.707,1
1772102264.398,58.82,0,0.707,1
1772102264.415,58.82,0,0.707,1
1772102264.432,58.82,0,0.707,1
1772102264.449,58.82,0,0.707,1
1772102264.465,62.50,0,0.707,1
1772102264.482,58.82,0,0.707,1
1772102264.503,47.62,0,0.707,1
1772102264.520,58.82,0,0.707,1
1772102264.536,62.50,0,0.707,1
1772102264.552,62.50,0,0.707,1
1772102264.568,62.50,0,0.707,1
1772102264.584,62.50,0,0.707,1
1772102264.600,62.50,0,0.707,1
1772102264.616,62.50,0,0.707,1
1772102264.632,62.50,0,0.707,1
1772102264.648,62.50,0,0.707,1
1772102264.665,58.82,0,0.707,1
1772102264.682,58.82,0,0.707,1
1772102264.699,58.82,0,0.707,1
1772102264.716,58.82,0,0.707,1
1772102264.732,62.50,0,0.707,1
1772102264.748,62.50,0,0.707,1
1772102264.765,58.82,0,0.707,1
1772102264.782,58.82,0,0.707,1
1772102264.798,62.50,0,0.707,1
1772102264.816,58.82,0,0.707,1
1772102264.835,52.63,0,0.707,1
1772102264.851,58.82,0,0.707,1
1772102264.867,62.50,0,0.707,1
1772102264.884,58.82,0,0.707,1
1772102264.901,58.82,0,0.707,1
1772102264.917,62.50,0,0.707,1
1772102264.933,62.50,0,0.707,1
1772102264.949,62.50,0,0.707,1
1772102264.965,62.50,0,0.707,1
1772102264.981,62.50,0,0.707,1
1772102264.998,62.50,0,0.707,1
1772102265.015,55.56,0,0.707,1
1772102265.032,58.82,0,0.707,1
1772102265.049,58.82,0,0.707,1
1772102265.065,62.50,0,0.707,1
1772102265.081,62.50,0,0.707,1
1772102265.098,58.82,0,0.707,1
1772102265.115,58.82,0,0.707,1
1772102265.132,58.82,0,0.707,1
1772102265.149,62.50,0,0.707,1
1772102265.165,58.82,0,0.707,1
1772102265.181,62.50,0,0.707,1
1772102265.198,62.50,0,0.707,1
1772102265.215,55.56,0,0.707,1
1772102265.231,62.50,0,0.707,1
1772102265.248,58.82,0,0.707,1
1772102265.265,62.50,0,0.707,1
1772102265.284,52.63,0,0.707,1
1772102265.300,58.82,0,0.707,1
1772102265.317,58.82,0,0.707,1
1772102265.333,62.50,0,0.707,1
1772102265.349,62.50,0,0.707,1
1772102265.366,62.50,0,0.707,1
1772102265.382,58.82,0,0.707,1
1772102265.399,58.82,0,0.707,1
1772102265.415,62.50,0,0.707,1
1772102265.432,58.82,0,0.707,1
1772102265.449,58.82,0,0.707,1
1772102265.466,62.50,0,0.707,1
1772102265.483,55.56,0,0.707,1
1772102265.499,62.50,0,0.707,1
1772102265.517,58.82,0,0.707,1
1772102265.533,58.82,0,0.707,1
1772102265.549,62.50,0,0.707,1
1772102265.566,58.82,0,0.707,1
1772102265.583,58.82,0,0.707,1
1772102265.599,62.50,0,0.707,1
1772102265.616,62.50,0,0.707,1
1772102265.632,58.82,0,0.707,1
1772102265.649,58.82,0,0.707,1
1772102265.666,58.82,0,0.707,1
1772102265.682,62.50,0,0.707,1
1772102265.699,58.82,0,0.707,1
1772102265.716,62.50,0,0.707,1
1772102265.732,58.82,0,0.707,1
1772102265.750,58.82,0,0.707,1
1772102265.766,58.82,0,0.707,1
1772102265.783,58.82,0,0.707,1
1772102265.801,58.82,0,0.707,1
1772102265.817,58.82,0,0.707,1
1772102265.837,50.00,0,0.707,1
1772102265.853,62.50,0,0.707,1
1772102265.869,62.50,0,0.707,1
1772102265.885,62.50,0,0.707,1
1772102265.901,62.50,0,0.707,1
1772102265.918,58.82,0,0.707,1
1772102265.935,62.50,0,0.707,1
1772102265.951,62.50,0,0.707,1
1772102265.967,58.82,0,0.707,1
1772102265.983,62.50,0,0.707,1
1772102266.000,58.82,0,0.707,1
1772102266.017,62.50,0,0.707,1
1772102266.032,62.50,0,0.707,1
1772102266.049,58.82,0,0.707,1
1772102266.066,62.50,0,0.707,1
1772102266.082,58.82,0,0.707,1
1772102266.099,62.50,0,0.707,1
1772102266.120,47.62,0,0.707,1
1772102266.135,62.50,0,0.707,1
1772102266.152,62.50,0,0.707,1
1772102266.168,58.82,0,0.707,1
1772102266.184,62.50,0,0.707,1
1772102266.200,62.50,0,0.707,1
1772102266.217,62.50,0,0.707,1
1772102266.232,62.50,0,0.707,1
1772102266.249,58.82,0,0.707,1
1772102266.266,58.82,0,0.707,1
1772102266.282,62.50,0,0.707,1
1772102266.299,62.50,0,0.707,1
1772102266.315,58.82,0,0.707,1
1772102266.332,62.50,0,0.707,1
1772102266.348,58.82,0,0.707,1
1772102266.364,62.50,0,0.707,1
1772102266.382,55.56,0,0.707,1
1772102266.398,62.50,0,0.707,1
1772102266.415,58.82,0,0.707,1
1772102266.432,62.50,0,0.707,1
1772102266.448,58.82,0,0.707,1
1772102266.465,58.82,0,0.707,1
1772102266.481,62.50,0,0.707,1
1772102266.498,58.82,0,0.707,1
1772102266.515,58.82,0,0.707,1
1772102266.532,58.82,0,0.707,1
1772102266.548,62.50,0,0.707,1
1772102266.565,62.50,0,0.707,1
1772102266.582,58.82,0,0.707,1
1772102266.598,58.82,0,0.707,1
1772102266.615,58.82,0,0.707,1
1772102266.631,62.50,0,0.707,1
1772102266.648,58.82,0,0.707,1
1772102266.665,58.82,0,0.707,1
1772102266.682,58.82,0,0.707,1
1772102266.699,58.82,0,0.707,1
1772102266.715,62.50,0,0.707,1
1772102266.731,62.50,0,0.707,1
1772102266.748,58.82,0,0.707,1
1772102266.765,58.82,0,0.707,1
1772102266.782,58.82,0,0.707,1
1772102266.798,62.50,0,0.707,1
1772102266.815,58.82,0,0.707,1
1772102266.832,58.82,0,0.707,1
1772102266.849,58.82,0,0.707,1
1772102266.865,62.50,0,0.707,1
1772102266.881,62.50,0,0.707,1
1772102266.898,58.82,0,0.707,1
1772102266.915,58.82,0,0.707,1
1772102266.932,62.50,0,0.707,1
1772102266.949,58.82,0,0.707,1
1772102266.965,58.82,0,0.707,1
1772102266.982,58.82,0,0.707,1
1772102266.998,62.50,0,0.707,1
1772102267.015,58.82,0,0.707,1
1772102267.032,62.50,0,0.707,1
1772102267.048,62.50,0,0.707,1
1772102267.065,55.56,0,0.707,1
1772102267.082,58.82,0,0.707,1
1772102267.098,62.50,0,0.707,1
1772102267.121,43.48,0,0.707,1
1772102267.137,62.50,0,0.707,1
1772102267.153,62.50,0,0.707,1
1772102267.170,62.50,0,0.707,1
1772102267.186,62.50,0,0.707,1
1772102267.201,62.50,0,0.707,1
1772102267.217,62.50,0,0.707,1
1772102267.233,62.50,0,0.707,1
1772102267.249,62.50,0,0.707,1
1772102267.266,58.82,0,0.707,1
1772102267.282,62.50,0,0.707,1
1772102267.298,62.50,0,0.707,1
1772102267.316,55.56,0,0.707,1
1772102267.333,62.50,0,0.707,1
1772102267.348,62.50,0,0.707,1
1772102267.365,58.82,0,0.707,1
1772102267.381,62.50,0,0.707,1
1772102267.398,58.82,0,0.707,1
1772102267.415,58.82,0,0.707,1
1772102267.432,58.82,0,0.707,1
1772102267.448,62.50,0,0.707,1
1772102267.465,58.82,0,0.707,1
1772102267.482,62.50,0,0.707,1
1772102267.498,58.82,0,0.707,1
1772102267.515,58.82,0,0.707,1
1772102267.531,62.50,0,0.707,1
1772102267.547,62.50,0,0.707,1
1772102267.565,58.82,0,0.707,1
1772102267.581,58.82,0,0.707,1
1772102267.599,55.56,0,0.707,1
1772102267.616,62.50,0,0.707,1
1772102267.631,62.50,0,0.707,1
1772102267.648,58.82,0,0.707,1
1772102267.664,62.50,0,0.707,1
1772102267.682,58.82,0,0.707,1
1772102267.699,55.56,0,0.707,1
1772102267.715,62.50,0,0.707,1
1772102267.731,62.50,0,0.707,1
1772102267.749,58.82,0,0.707,1
1772102267.765,58.82,0,0.707,1
1772102267.781,62.50,0,0.707,1
1772102267.799,58.82,0,0.707,1
1772102267.815,58.82,0,0.707,1
1772102267.831,62.50,0,0.707,1
1772102267.848,58.82,0,0.707,1
1772102267.865,58.82,0,0.707,1
1772102267.882,58.82,0,0.707,1
1772102267.899,58.82,0,0.707,1
1772102267.915,62.50,0,0.707,1
1772102267.932,58.82,0,0.707,1
1772102267.948,62.50,0,0.707,1
1772102267.964,62.50,0,0.707,1
1772102267.982,58.82,0,0.707,1
1772102267.998,58.82,0,0.707,1
1772102268.016,55.56,0,0.707,1
1772102268.033,58.82,0,0.707,1
1772102268.049,62.50,0,0.707,1
1772102268.065,62.50,0,0.707,1
1772102268.082,62.50,0,0.707,1
1772102268.099,55.56,0,0.707,1
1772102268.115,62.50,0,0.707,1
1772102268.132,62.50,0,0.707,1
1772102268.148,58.82,0,0.707,1
1772102268.165,62.50,0,0.707,1
1772102268.182,55.56,0,0.707,1
1772102268.199,58.82,0,0.707,1
1772102268.216,62.50,0,0.707,1
1772102268.232,58.82,0,0.707,1
1772102268.249,58.82,0,0.707,1
1772102268.266,58.82,0,0.707,1
1772102268.283,58.82,0,0.707,1
1772102268.300,58.82,0,0.707,1
1772102268.317,58.82,0,0.707,1
1772102268.333,62.50,0,0.707,1
1772102268.349,62.50,0,0.707,1
1772102268.366,58.82,0,0.707,1
1772102268.383,62.50,0,0.707,1
1772102268.399,58.82,0,0.707,1
1772102268.415,62.50,0,0.707,1
1772102268.432,58.82,0,0.707,1
1772102268.449,58.82,0,0.707,1
1772102268.465,62.50,0,0.707,1
1772102268.482,62.50,0,0.707,1
1772102268.498,58.82,0,0.707,1
1772102268.515,58.82,0,0.707,1
1772102268.532,62.50,0,0.707,1
1772102268.548,58.82,0,0.707,1
1772102268.565,58.82,0,0.707,1
1772102268.582,62.50,0,0.707,1
1772102268.598,58.82,0,0.707,1
1772102268.615,58.82,0,0.707,1
1772102268.631,62.50,0,0.707,1
1772102268.648,58.82,0,0.707,1
1772102268.666,58.82,0,0.707,1
1772102268.683,58.82,0,0.707,1
1772102268.699,58.82,0,0.707,1
1772102268.716,62.50,0,0.707,1
1772102268.732,58.82,0,0.707,1
1772102268.748,62.50,0,0.707,1
1772102268.770,45.45,0,0.707,1
1772102268.787,58.82,0,0.707,1
1772102268.804,58.82,0,0.707,1
1772102268.820,62.50,0,0.707,1
1772102268.836,62.50,0,0.707,1
1772102268.853,62.50,0,0.707,1
1772102268.869,62.50,0,0.707,1
1772102268.885,58.82,0,0.707,1
1772102268.901,62.50,0,0.707,1
1772102268.917,62.50,0,0.707,1
1772102268.934,62.50,0,0.707,1
1772102268.950,62.50,0,0.707,1
1772102268.966,58.82,0,0.707,1
1772102268.982,62.50,0,0.707,1
1772102268.999,62.50,0,0.707,1
1772102269.015,58.82,0,0.707,1
1772102269.032,58.82,0,0.707,1
1772102269.048,62.50,0,0.707,1
1772102269.064,62.50,0,0.707,1
1772102269.082,58.82,0,0.707,1
1772102269.098,58.82,0,0.707,1
1772102269.116,58.82,0,0.707,1
1772102269.132,58.82,0,0.707,1
1772102269.148,62.50,0,0.707,1
1772102269.164,62.50,0,0.707,1
1772102269.182,55.56,0,0.707,1
1772102269.199,58.82,0,0.707,1
1772102269.215,62.50,0,0.707,1
1772102269.232,58.82,0,0.707,1
1772102269.248,62.50,0,0.707,1
1772102269.265,58.82,0,0.707,1
1772102269.282,62.50,0,0.707,1
1772102269.298,58.82,0,0.707,1
1772102269.316,55.56,0,0.707,1
1772102269.333,58.82,0,0.707,1
1772102269.349,62.50,0,0.707,1
1772102269.365,62.50,0,0.707,1
1772102269.382,62.50,0,0.707,1
1772102269.398,58.82,0,0.707,1
1772102269.414,62.50,0,0.707,1
1772102269.432,58.82,0,0.707,1
1772102269.448,58.82,0,0.707,1
1772102269.465,58.82,0,0.707,1
1772102269.482,58.82,0,0.707,1
1772102269.499,58.82,0,0.707,1
1772102269.515,62.50,0,0.707,1
1772102269.531,62.50,0,0.707,1
1772102269.549,55.56,0,0.707,1
1772102269.565,62.50,0,0.707,1
1772102269.582,58.82,0,0.707,1
1772102269.598,62.50,0,0.707,1
1772102269.615,58.82,0,0.707,1
1772102269.633,55.56,0,0.707,1
1772102269.649,62.50,0,0.707,1
1772102269.665,62.50,0,0.707,1
1772102269.682,58.82,0,0.707,1
1772102269.699,58.82,0,0.707,1
1772102269.715,62.50,0,0.707,1
1772102269.732,58.82,0,0.707,1
1772102269.749,62.50,0,0.707,1
1772102269.771,43.48,0,0.707,1
1772102269.787,62.50,0,0.707,1
1772102269.803,62.50,0,0.707,1
1772102269.819,62.50,0,0.707,1
1772102269.835,62.50,0,0.707,1
1772102269.851,62.50,0,0.707,1
1772102269.867,62.50,0,0.707,1
1772102269.883,62.50,0,0.707,1
1772102269.899,62.50,0,0.707,1
1772102269.916,62.50,0,0.707,1
1772102269.932,58.82,0,0.707,1
1772102269.948,62.50,0,0.707,1
1772102269.965,58.82,0,0.707,1
1772102269.982,58.82,0,0.707,1
1772102269.998,62.50,0,0.707,1
1772102270.016,58.82,0,0.707,1
1772102270.032,62.50,0,0.707,1
1772102270.048,58.82,0,0.707,1
1772102270.065,58.82,0,0.707,1
1772102270.082,58.82,0,0.707,1
1772102270.099,58.82,0,0.707,1
1772102270.115,62.50,0,0.707,1
1772102270.132,58.82,0,0.707,1
1772102270.148,62.50,0,0.707,1
1772102270.165,58.82,0,0.707,1
1772102270.182,58.82,0,0.707,1
1772102270.198,62.50,0,0.707,1
1772102270.215,58.82,0,0.707,1
1772102270.231,62.50,0,0.707,1
1772102270.248,58.82,0,0.707,1
1772102270.265,58.82,0,0.707,1
1772102270.281,62.50,0,0.707,1
1772102270.298,58.82,0,0.707,1
1772102270.315,62.50,0,0.707,1
1772102270.332,58.82,0,0.707,1
1772102270.349,55.56,0,0.707,1
1772102270.365,62.50,0,0.707,1
1772102270.382,58.82,0,0.707,1
1772102270.399,62.50,0,0.707,1
1772102270.415,58.82,0,0.707,1
1772102270.432,62.50,0,0.707,1
1772102270.448,58.82,0,0.707,1
1772102270.465,58.82,0,0.707,1
1772102270.481,62.50,0,0.707,1
1772102270.499,58.82,0,0.707,1
1772102270.515,58.82,0,0.707,1
1772102270.532,62.50,0,0.707,1
1772102270.548,62.50,0,0.707,1
1772102270.564,58.82,0,0.707,1
1772102270.581,58.82,0,0.707,1
1772102270.602,47.62,0,0.707,1
1772102270.618,62.50,0,0.707,1
1772102270.636,55.56,0,0.707,1
1772102270.653,58.82,0,0.707,1
1772102270.669,62.50,0,0.707,1
1772102270.685,62.50,0,0.707,1
1772102270.701,62.50,0,0.707,1
1772102270.717,62.50,0,0.707,1
1772102270.733,62.50,0,0.707,1
1772102270.750,62.50,0,0.707,1
1772102270.766,62.50,0,0.707,1
1772102270.782,58.82,0,0.707,1
1772102270.799,62.50,0,0.707,1
1772102270.816,58.82,0,0.707,1
1772102270.832,62.50,0,0.707,1
1772102270.849,58.82,0,0.707,1
1772102270.865,62.50,0,0.707,1
1772102270.882,55.56,0,0.707,1
1772102270.898,62.50,0,0.707,1
1772102270.915,58.82,0,0.707,1
1772102270.932,62.50,0,0.707,1
1772102270.948,58.82,0,0.707,1
1772102270.965,58.82,0,0.707,1
1772102270.981,62.50,0,0.707,1
1772102270.998,58.82,0,0.707,1
1772102271.015,58.82,0,0.707,1
1772102271.032,58.82,0,0.707,1
1772102271.048,62.50,0,0.707,1
1772102271.065,62.50,0,0.707,1
1772102271.082,55.56,0,0.707,1
1772102271.099,62.50,0,0.707,1
1772102271.115,58.82,0,0.707,1
1772102271.132,62.50,0,0.707,1
1772102271.149,58.82,0,0.707,1
1772102271.165,62.50,0,0.707,1
1772102271.182,55.56,0,0.707,1
1772102271.199,62.50,0,0.707,1
1772102271.215,58.82,0,0.707,1
1772102271.232,58.82,0,0.707,1
1772102271.248,62.50,0,0.707,1
1772102271.269,50.00,0,0.707,1
1772102271.284,62.50,0,0.707,1
1772102271.300,62.50,0,0.707,1
1772102271.316,62.50,0,0.707,1
1772102271.333,58.82,0,0.707,1
1772102271.350,62.50,0,0.707,1
1772102271.365,62.50,0,0.707,1
1772102271.381,62.50,0,0.707,1
1772102271.398,58.82,0,0.707,1
1772102271.415,62.50,0,0.707,1
1772102271.431,58.82,0,0.707,1
1772102271.449,55.56,0,0.707,1
1772102271.466,58.82,0,0.707,1
1772102271.482,62.50,0,0.707,1
1772102271.498,62.50,0,0.707,1
1772102271.515,58.82,0,0.707,1
1772102271.532,58.82,0,0.707,1
1772102271.548,62.50,0,0.707,1
1772102271.566,55.56,0,0.707,1
1772102271.582,62.50,0,0.707,1
1772102271.599,58.82,0,0.707,1
1772102271.616,62.50,0,0.707,1
1772102271.632,62.50,0,0.707,1
1772102271.649,58.82,0,0.707,1
1772102271.665,58.82,0,0.707,1
1772102271.682,58.82,0,0.707,1
1772102271.698,62.50,0,0.707,1
1772102271.715,58.82,0,0.707,1
1772102271.731,62.50,0,0.707,1
1772102271.749,58.82,0,0.707,1
1772102271.765,58.82,0,0.707,1
1772102271.782,62.50,0,0.707,1
1772102271.798,62.50,0,0.707,1
1772102271.815,55.56,0,0.707,1
1772102271.832,62.50,0,0.707,1
1772102271.848,58.82,0,0.707,1
1772102271.865,58.82,0,0.707,1
1772102271.882,58.82,0,0.707,1
1772102271.899,58.82,0,0.707,1
1772102271.916,58.82,0,0.707,1
1772102271.933,62.50,0,0.707,1
1772102271.948,62.50,0,0.707,1
1772102271.966,58.82,0,0.707,1
1772102271.983,55.56,0,0.707,1
1772102271.999,62.50,0,0.707,1
1772102272.015,62.50,0,0.707,1
1772102272.032,58.82,0,0.707,1
1772102272.050,55.56,0,0.707,1
1772102272.066,62.50,0,0.707,1
1772102272.083,62.50,0,0.707,1
1772102272.100,55.56,0,0.707,1
1772102272.117,58.82,0,0.707,1
1772102272.133,62.50,0,0.707,1
1772102272.149,62.50,0,0.707,1
1772102272.165,62.50,0,0.707,1
1772102272.182,58.82,0,0.707,1
1772102272.199,58.82,0,0.707,1
1772102272.216,58.82,0,0.707,1
1772102272.233,58.82,0,0.707,1
1772102272.249,62.50,0,0.707,1
1772102272.271,47.62,0,0.707,1
1772102272.286,62.50,0,0.707,1
1772102272.302,62.50,0,0.707,1
1772102272.318,62.50,0,0.707,1
1772102272.334,62.50,0,0.707,1
1772102272.351,62.50,0,0.707,1
1772102272.366,62.50,0,0.707,1
1772102272.382,62.50,0,0.707,1
1772102272.399,58.82,0,0.707,1
1772102272.416,62.50,0,0.707,1
1772102272.432,58.82,0,0.707,1
1772102272.449,58.82,0,0.707,1
1772102272.466,58.82,0,0.707,1
1772102272.483,58.82,0,0.707,1
1772102272.499,62.50,0,0.707,1
1772102272.516,58.82,0,0.707,1
1772102272.533,62.50,0,0.707,1
1772102272.549,58.82,0,0.707,1
1772102272.565,62.50,0,0.707,1
1772102272.582,58.82,0,0.707,1
1772102272.600,58.82,0,0.707,1
1772102272.616,58.82,0,0.707,1
1772102272.635,52.63,0,0.707,1
1772102272.652,58.82,0,0.707,1
1772102272.669,62.50,0,0.707,1
1772102272.685,62.50,0,0.707,1
1772102272.701,62.50,0,0.707,1
1772102272.719,52.63,0,0.707,1
1772102272.736,62.50,0,0.707,1
1772102272.751,62.50,0,0.707,1
1772102272.768,58.82,0,0.707,1
1772102272.785,62.50,0,0.707,1
1772102272.805,47.62,0,0.707,1
1772102272.822,58.82,0,0.707,1
1772102272.840,58.82,0,0.707,1
1772102272.856,58.82,0,0.707,1
1772102272.873,58.82,0,0.707,1
1772102272.890,58.82,0,0.707,1
1772102272.907,62.50,0,0.707,1
1772102272.923,58.82,0,0.707,1
1772102272.939,62.50,0,0.707,1
1772102272.956,62.50,0,0.707,1
1772102272.971,62.50,0,0.707,1
1772102272.993,45.45,0,0.707,1
1772102273.010,62.50,0,0.707,1
1772102273.026,62.50,0,0.707,1
1772102273.042,62.50,0,0.707,1
1772102273.058,62.50,0,0.707,1
1772102273.074,62.50,0,0.707,1
1772102273.090,62.50,0,0.707,1
1772102273.105,62.50,0,0.707,1
1772102273.121,62.50,0,0.707,1
1772102273.137,62.50,0,0.707,1
1772102273.153,62.50,0,0.707,1
1772102273.169,62.50,0,0.707,1
1772102273.185,62.50,0,0.707,1
1772102273.201,62.50,0,0.707,1
1772102273.217,62.50,0,0.707,1
1772102273.234,58.82,0,0.707,1
1772102273.250,62.50,0,0.707,1
1772102273.267,58.82,0,0.707,1
1772102273.287,52.63,0,0.707,1
1772102273.302,62.50,0,0.707,1
1772102273.318,62.50,0,0.707,1
1772102273.334,62.50,0,0.707,1
1772102273.351,62.50,0,0.707,1
1772102273.366,62.50,0,0.707,1
1772102273.382,62.50,0,0.707,1
1772102273.398,62.50,0,0.707,1
1772102273.415,62.50,0,0.707,1
1772102273.432,58.82,0,0.707,1
1772102273.448,58.82,0,0.707,1
1772102273.465,58.82,0,0.707,1
1772102273.483,55.56,0,0.707,1
1772102273.500,62.50,0,0.707,1
1772102273.516,58.82,0,0.707,1
1772102273.533,58.82,0,0.707,1
1772102273.550,58.82,0,0.707,1
1772102273.566,62.50,0,0.707,1
1772102273.583,62.50,0,0.707,1
1772102273.598,62.50,0,0.707,1
1772102273.615,58.82,0,0.707,1
1772102273.632,62.50,0,0.707,1
1772102273.649,58.82,0,0.707,1
1772102273.666,55.56,0,0.707,1
1772102273.682,62.50,0,0.707,1
1772102273.699,62.50,0,0.707,1
1772102273.715,58.82,0,0.707,1
1772102273.731,62.50,0,0.707,1
1772102273.749,55.56,0,0.707,1
1772102273.765,62.50,0,0.707,1
1772102273.783,58.82,0,0.707,1
1772102273.799,62.50,0,0.707,1
1772102273.816,55.56,0,0.707,1
1772102273.832,62.50,0,0.707,1
1772102273.849,58.82,0,0.707,1
1772102273.865,62.50,0,0.707,1
1772102273.881,62.50,0,0.707,1
1772102273.899,58.82,0,0.707,1
1772102273.916,58.82,0,0.707,1
1772102273.932,58.82,0,0.707,1
1772102273.949,62.50,0,0.707,1
1772102273.965,62.50,0,0.707,1
1772102273.982,58.82,0,0.707,1
1772102273.998,58.82,0,0.707,1
1772102274.015,58.82,0,0.707,1
1772102274.032,58.82,0,0.707,1
1772102274.049,58.82,0,0.707,1
1772102274.065,62.50,0,0.707,1
1772102274.082,62.50,0,0.707,1
1772102274.098,58.82,0,0.707,1
1772102274.116,58.82,0,0.707,1
1772102274.132,62.50,0,0.707,1
1772102274.149,55.56,0,0.707,1
1772102274.166,58.82,0,0.707,1
1772102274.182,62.50,0,0.707,1
1772102274.198,62.50,0,0.707,1
1772102274.215,58.82,0,0.707,1
1772102274.232,58.82,0,0.707,1
1772102274.249,58.82,0,0.707,1
1772102274.265,62.50,0,0.707,1
1772102274.288,43.48,0,0.707,1
1772102274.304,62.50,0,0.707,1
1772102274.320,62.50,0,0.707,1
1772102274.336,62.50,0,0.707,1
1772102274.352,62.50,0,0.707,1
1772102274.368,62.50,0,0.707,1
1772102274.385,58.82,0,0.707,1
1772102274.402,62.50,0,0.707,1
1772102274.418,62.50,0,0.707,1
1772102274.434,62.50,0,0.707,1
1772102274.450,58.82,0,0.707,1
1772102274.467,62.50,0,0.707,1
1772102274.483,62.50,0,0.707,1
1772102274.499,62.50,0,0.707,1
1772102274.515,58.82,0,0.707,1
1772102274.532,58.82,0,0.707,1
1772102274.549,62.50,0,0.707,1
1772102274.566,55.56,0,0.707,1
1772102274.582,62.50,0,0.707,1
1772102274.598,62.50,0,0.707,1
1772102274.615,62.50,0,0.707,1
1772102274.631,62.50,0,0.707,1
1772102274.659,35.71,0,0.707,1
1772102274.677,55.56,0,0.707,1
1772102274.694,58.82,0,0.707,1
1772102274.711,55.56,0,0.707,1
1772102274.731,52.63,0,0.707,1
1772102274.749,52.63,0,0.707,1
1772102274.765,62.50,0,0.707,1
1772102274.782,58.82,0,0.707,1
1772102274.798,62.50,0,0.707,1
1772102274.817,52.63,0,0.707,1
1772102274.833,62.50,0,0.707,1
1772102274.852,52.63,0,0.707,1
1772102274.868,62.50,0,0.707,1
1772102274.885,62.50,0,0.707,1
1772102274.901,58.82,0,0.707,1
1772102274.918,62.50,0,0.707,1
1772102274.934,58.82,0,0.707,1
1772102274.950,62.50,0,0.707,1
1772102274.967,58.82,0,0.707,1
1772102274.984,58.82,0,0.707,1
1772102275.001,62.50,0,0.707,1
1772102275.017,58.82,0,0.707,1
1772102275.034,62.50,0,0.707,1
1772102275.050,62.50,0,0.707,1
1772102275.068,55.56,0,0.707,1
1772102275.084,58.82,0,0.707,1
1772102275.102,55.56,0,0.707,1
1772102275.118,62.50,0,0.707,1
1772102275.135,58.82,0,0.707,1
1772102275.151,62.50,0,0.707,1
1772102275.168,58.82,0,0.707,1
1772102275.184,62.50,0,0.707,1
1772102275.201,58.82,0,0.707,1
1772102275.218,58.82,0,0.707,1
1772102275.234,62.50,0,0.707,1
1772102275.251,58.82,0,0.707,1
