Timestamp,Framerate,Active_Entities,Memory_MB,Active_Quadtree_Nodes
1772102398.689,0.84,1,0.707,1
1772102398.720,32.26,1,0.707,1
1772102398.745,40.00,1,0.707,1
1772102398.767,45.45,1,0.707,1
1772102398.791,41.67,1,0.707,1
1772102398.813,45.45,1,0.707,1
1772102398.833,50.00,1,0.707,1
1772102398.852,52.63,1,0.707,1
1772102398.873,47.62,1,0.707,1
1772102398.903,33.33,1,0.707,1
1772102398.933,33.33,1,0.707,1
1772102398.953,50.00,1,0.707,1
1772102398.971,55.56,1,0.707,1
1772102398.989,55.56,1,0.707,1
1772102399.008,52.63,1,0.707,1
1772102399.026,55.56,1,0.707,1
1772102399.043,58.82,1,0.707,1
1772102399.061,55.56,1,0.707,1
1772102399.078,58.82,1,0.707,1
1772102399.095,58.82,1,0.707,1
1772102399.113,55.56,1,0.707,1
1772102399.130,58.82,1,0.707,1
1772102399.147,58.82,1,0.707,1
1772102399.164,58.82,1,0.707,1
1772102399.181,58.82,1,0.707,1
1772102399.198,58.82,1,0.707,1
1772102399.215,58.82,1,0.707,1
1772102399.231,62.50,1,0.707,1
1772102399.248,58.82,1,0.707,1
1772102399.265,58.82,1,0.707,1
1772102399.281,58.82,1,0.707,1
1772102399.298,62.50,1,0.707,1
1772102399.315,58.82,1,0.707,1
1772102399.331,62.50,1,0.707,1
1772102399.348,58.82,1,0.707,1
1772102399.365,58.82,1,0.707,1
1772102399.382,58.82,1,0.707,1
1772102399.398,62.50,1,0.707,1
1772102399.415,58.82,1,0.707,1
1772102399.431,62.50,1,0.707,1
1772102399.448,58.82,1,0.707,1
1772102399.465,58.82,1,0.707,1
1772102399.482,58.82,1,0.707,1
1772102399.498,62.50,1,0.707,1
1772102399.515,58.82,1,0.707,1
1772102399.532,58.82,1,0.707,1
1772102399.549,58.82,1,0.707,1
1772102399.566,58.82,1,0.707,1
1772102399.582,62.50,1,0.707,1
1772102399.599,58.82,1,0.707,1
1772102399.616,58.82,1,0.707,1
1772102399.632,62.50,1,0.707,1
1772102399.649,58.82,1,0.707,1
1772102399.666,58.82,1,0.707,1
1772102399.682,62.50,1,0.707,1
1772102399.699,58.82,1,0.707,1
1772102399.716,58.82,1,0.707,1
1772102399.733,58.82,1,0.707,1
1772102399.749,62.50,1,0.707,1
1772102399.766,58.82,1,0.707,1
1772102399.783,58.82,1,0.707,1
1772102399.800,58.82,1,0.707,1
1772102399.816,62.50,1,0.707,1
1772102399.833,58.82,1,0.707,1
1772102399.850,58.82,1,0.707,1
1772102399.867,58.82,1,0.707,1
1772102399.884,58.82,1,0.707,1
1772102399.900,62.50,1,0.707,1
1772102399.917,58.82,1,0.707,1
1772102399.934,58.82,1,0.707,1
1772102399.950,62.50,1,0.707,1
1772102399.967,58.82,1,0.707,1
1772102399.984,58.82,1,0.707,1
1772102400.000,62.50,1,0.707,1
1772102400.017,58.82,1,0.707,1
1772102400.034,58.82,1,0.707,1
1772102400.050,62.50,1,0.707,1
1772102400.067,58.82,1,0.707,1
1772102400.084,58.82,1,0.707,1
1772102400.101,58.82,1,0.707,1
1772102400.117,62.50,1,0.707,1
1772102400.134,58.82,1,0.707,1
1772102400.151,58.82,1,0.707,1
1772102400.168,58.82,1,0.707,1
1772102400.184,62.50,1,0.707,1
1772102400.201,58.82,1,0.707,1
1772102400.218,58.82,1,0.707,1
1772102400.235,58.82,1,0.707,1
1772102400.251,62.50,1,0.707,1
1772102400.268,58.82,1,0.707,1
1772102400.285,58.82,1,0.707,1
1772102400.302,58.82,1,0.707,1
1772102400.318,62.50,1,0.707,1
1772102400.335,58.82,1,0.707,1
1772102400.352,58.82,1,0.707,1
1772102400.368,62.50,1,0.707,1
1772102400.385,58.82,1,0.707,1
1772102400.402,58.82,1,0.707,1
1772102400.418,62.50,1,0.707,1
1772102400.435,58.82,1,0.707,1
1772102400.452,58.82,1,0.707,1
1772102400.468,62.50,1,0.707,1
1772102400.485,58.82,1,0.707,1
1772102400.502,58.82,1,0.707,1
1772102400.519,58.82,1,0.707,1
1772102400.535,62.50,1,0.707,1
1772102400.552,58.82,1,0.707,1
1772102400.569,58.82,1,0.707,1
1772102400.586,58.82,1,0.707,1
1772102400.603,58.82,1,0.707,1
1772102400.620,58.82,1,0.707,1
1772102400.636,62.50,1,0.707,1
1772102400.653,58.82,1,0.707,1
1772102400.670,58.82,1,0.707,1
1772102400.687,58.82,1,0.707,1
1772102400.703,62.50,1,0.707,1
1772102400.720,58.82,1,0.707,1
1772102400.737,58.82,1,0.707,1
1772102400.753,62.50,1,0.707,1
1772102400.770,58.82,1,0.707,1
1772102400.787,58.82,1,0.707,1
1772102400.804,58.82,1,0.707,1
1772102400.820,62.50,1,0.707,1
1772102400.837,58.82,1,0.707,1
1772102400.853,62.50,1,0.707,1
1772102400.870,58.82,1,0.707,1
1772102400.886,58.82,1,0.707,1
1772102400.903,62.50,1,0.707,1
1772102400.920,58.82,1,0.707,1
1772102400.936,62.50,1,0.707,1
1772102400.953,58.82,1,0.707,1
1772102400.969,62.50,1,0.707,1
1772102400.986,58.82,1,0.707,1
1772102401.003,58.82,1,0.707,1
1772102401.019,62.50,1,0.707,1
1772102401.036,58.82,1,0.707,1
1772102401.053,58.82,1,0.707,1
1772102401.070,58.82,1,0.707,1
1772102401.086,62.50,1,0.707,1
1772102401.103,58.82,1,0.707,1
1772102401.120,58.82,1,0.707,1
1772102401.136,62.50,1,0.707,1
1772102401.153,58.82,1,0.707,1
1772102401.170,58.82,1,0.707,1
1772102401.186,62.50,1,0.707,1
1772102401.203,58.82,1,0.707,1
1772102401.220,58.82,1,0.707,1
1772102401.236,62.50,1,0.707,1
1772102401.253,58.82,1,0.707,1
1772102401.270,58.82,1,0.707,1
1772102401.286,62.50,1,0.707,1
1772102401.303,58.82,1,0.707,1
1772102401.320,58.82,1,0.707,1
1772102401.336,62.50,1,0.707,1
1772102401.353,58.82,1,0.707,1
1772102401.370,58.82,1,0.707,1
1772102401.386,62.50,1,0.707,1
1772102401.403,58.82,1,0.707,1
1772102401.420,58.82,1,0.707,1
1772102401.436,62.50,1,0.707,1
1772102401.453,58.82,1,0.707,1
1772102401.471,55.56,1,0.707,1
1772102401.488,58.82,1,0.707,1
1772102401.505,58.82,1,0.707,1
1772102401.522,58.82,1,0.707,1
1772102401.544,45.45,1,0.707,1
1772102401.563,52.63,1,0.707,1
1772102401.581,55.56,1,0.707,1
1772102401.600,52.63,1,0.707,1
1772102401.618,55.56,1,0.707,1
1772102401.636,55.56,1,0.707,1
1772102401.654,55.56,1,0.707,1
1772102401.671,58.82,1,0.707,1
1772102401.688,58.82,1,0.707,1
1772102401.705,58.82,1,0.707,1
1772102401.721,62.50,1,0.707,1
1772102401.738,58.82,1,0.707,1
1772102401.754,62.50,1,0.707,1
1772102401.771,58.82,1,0.707,1
1772102401.787,62.50,1,0.707,1
1772102401.804,58.82,1,0.707,1
1772102401.821,58.82,1,0.707,1
1772102401.839,55.56,1,0.707,1
1772102401.861,45.45,1,0.707,1
1772102401.878,58.82,1,0.707,1
1772102401.895,58.82,1,0.707,1
1772102401.912,58.82,1,0.707,1
1772102401.928,62.50,1,0.707,1
1772102401.945,58.82,1,0.707,1
1772102401.962,58.82,1,0.707,1
1772102401.978,62.50,1,0.707,1
1772102401.995,58.82,1,0.707,1
1772102402.012,58.82,1,0.707,1
1772102402.029,58.82,1,0.707,1
1772102402.046,58.82,1,0.707,1
1772102402.062,62.50,1,0.707,1
1772102402.079,58.82,1,0.707,1
1772102402.095,62.50,1,0.707,1
1772102402.112,58.82,1,0.707,1
1772102402.129,58.82,1,0.707,1
1772102402.146,58.82,1,0.707,1
1772102402.163,58.82,1,0.707,1
1772102402.179,62.50,1,0.707,1
1772102402.196,58.82,1,0.707,1
1772102402.213,58.82,1,0.707,1
1772102402.229,62.50,1,0.707,1
1772102402.246,58.82,1,0.707,1
1772102402.262,62.50,1,0.707,1
1772102402.279,58.82,1,0.707,1
1772102402.296,58.82,1,0.707,1
1772102402.312,62.50,1,0.707,1
1772102402.329,58.82,1,0.707,1
1772102402.345,62.50,1,0.707,1
1772102402.362,58.82,1,0.707,1
1772102402.379,58.82,1,0.707,1
1772102402.395,62.50,1,0.707,1
1772102402.412,58.82,1,0.707,1
1772102402.428,62.50,1,0.707,1
1772102402.445,58.82,1,0.707,1
1772102402.461,62.50,1,0.707,1
1772102402.478,58.82,1,0.707,1
1772102402.495,58.82,1,0.707,1
1772102402.512,58.82,1,0.707,1
1772102402.529,58.82,1,0.707,1
1772102402.546,58.82,1,0.707,1
1772102402.562,62.50,1,0.707,1
1772102402.579,58.82,1,0.707,1
1772102402.596,58.82,1,0.707,1
1772102402.613,58.82,1,0.707,1
1772102402.629,62.50,1,0.707,1
1772102402.646,58.82,1,0.707,1
1772102402.663,58.82,1,0.707,1
1772102402.680,58.82,1,0.707,1
1772102402.696,62.50,1,0.707,1
1772102402.713,58.82,1,0.707,1
1772102402.729,62.50,1,0.707,1
1772102402.746,58.82,1,0.707,1
1772102402.763,58.82,1,0.707,1
1772102402.779,62.50,1,0.707,1
1772102402.796,58.82,1,0.707,1
1772102402.813,58.82,1,0.707,1
1772102402.829,62.50,1,0.707,1
1772102402.846,58.82,1,0.707,1
1772102402.863,58.82,1,0.707,1
1772102402.879,62.50,1,0.707,1
1772102402.896,58.82,1,0.707,1
1772102402.913,58.82,1,0.707,1
1772102402.930,58.82,1,0.707,1
1772102402.946,62.50,1,0.707,1
1772102402.963,58.82,1,0.707,1
1772102402.980,58.82,1,0.707,1
1772102402.996,62.50,1,0.707,1
1772102403.013,58.82,1,0.707,1
1772102403.030,58.82,1,0.707,1
1772102403.047,58.82,1,0.707,1
1772102403.064,58.82,1,0.707,1
1772102403.081,58.82,1,0.707,1
1772102403.097,62.50,1,0.707,1
1772102403.114,58.82,1,0.707,1
1772102403.131,58.82,1,0.707,1
1772102403.148,58.82,1,0.707,1
1772102403.165,58.82,1,0.707,1
1772102403.181,62.50,1,0.707,1
1772102403.198,58.82,1,0.707,1
1772102403.215,58.82,1,0.707,1
1772102403.231,62.50,1,0.707,1
1772102403.248,58.82,1,0.707,1
1772102403.265,58.82,1,0.707,1
1772102403.281,62.50,1,0.707,1
1772102403.298,58.82,1,0.707,1
1772102403.315,58.82,1,0.707,1
1772102403.331,62.50,1,0.707,1
1772102403.348,58.82,1,0.707,1
1772102403.365,58.82,1,0.707,1
1772102403.382,58.82,1,0.707,1
1772102403.398,62.50,1,0.707,1
1772102403.415,58.82,1,0.707,1
1772102403.432,58.82,1,0.707,1
1772102403.449,58.82,1,0.707,1
1772102403.465,62.50,1,0.707,1
1772102403.482,58.82,1,0.707,1
1772102403.499,58.82,1,0.707,1
1772102403.516,58.82,1,0.707,1
1772102403.533,58.82,1,0.707,1
1772102403.549,62.50,1,0.707,1
1772102403.566,58.82,1,0.707,1
1772102403.583,58.82,1,0.707,1
1772102403.600,58.82,1,0.707,1
1772102403.617,58.82,1,0.707,1
1772102403.633,62.50,1,0.707,1
1772102403.650,58.82,1,0.707,1
1772102403.666,62.50,1,0.707,1
1772102403.683,58.82,1,0.707,1
1772102403.700,58.82,1,0.707,1
1772102403.716,62.50,1,0.707,1
1772102403.733,58.82,1,0.707,1
1772102403.750,58.82,1,0.707,1
1772102403.766,62.50,1,0.707,1
1772102403.783,58.82,1,0.707,1
1772102403.800,58.82,1,0.707,1
1772102403.816,62.50,1,0.707,1
1772102403.833,58.82,1,0.707,1
1772102403.850,58.82,1,0.707,1
1772102403.867,58.82,1,0.707,1
1772102403.883,62.50,1,0.707,1
1772102403.900,58.82,1,0.707,1
1772102403.917,58.82,1,0.707,1
1772102403.933,62.50,1,0.707,1
1772102403.950,58.82,1,0.707,1
1772102403.967,58.82,1,0.707,1
1772102403.983,62.50,1,0.707,1
1772102404.000,58.82,1,0.707,1
1772102404.016,62.50,1,0.707,1
1772102404.033,58.82,1,0.707,1
1772102404.050,58.82,1,0.707,1
1772102404.066,62.50,1,0.707,1
1772102404.083,58.82,1,0.707,1
1772102404.099,62.50,1,0.707,1
1772102404.116,58.82,1,0.707,1
1772102404.133,58.82,1,0.707,1
1772102404.150,58.82,1,0.707,1
1772102404.166,62.50,1,0.707,1
1772102404.183,58.82,1,0.707,1
1772102404.200,58.82,1,0.707,1
1772102404.217,58.82,1,0.707,1
1772102404.233,62.50,1,0.707,1
1772102404.250,58.82,1,0.707,1
1772102404.267,58.82,1,0.707,1
1772102404.284,58.82,1,0.707,1
1772102404.300,62.50,1,0.707,1
1772102404.317,58.82,1,0.707,1
1772102404.333,62.50,1,0.707,1
1772102404.350,58.82,1,0.707,1
1772102404.367,58.82,1,0.707,1
1772102404.384,58.82,1,0.707,1
1772102404.400,62.50,1,0.707,1
1772102404.417,58.82,1,0.707,1
1772102404.433,62.50,1,0.707,1
1772102404.450,58.82,1,0.707,1
1772102404.467,58.82,1,0.707,1
1772102404.483,62.50,1,0.707,1
1772102404.500,58.82,1,0.707,1
1772102404.517,58.82,1,0.707,1
1772102404.533,62.50,1,0.707,1
1772102404.551,55.56,1,0.707,1
1772102404.567,62.50,1,0.707,1
1772102404.584,58.82,1,0.707,1
1772102404.601,58.82,1,0.707,1
1772102404.617,62.50,1,0.707,1
1772102404.634,58.82,1,0.707,1
1772102404.651,58.82,1,0.707,1
1772102404.667,62.50,1,0.707,1
1772102404.684,58.82,1,0.707,1
1772102404.701,58.82,1,0.707,1
1772102404.717,62.50,1,0.707,1
1772102404.734,58.82,1,0.707,1
1772102404.750,62.50,1,0.707,1
1772102404.767,58.82,1,0.707,1
1772102404.784,58.82,1,0.707,1
1772102404.801,58.82,1,0.707,1
1772102404.817,62.50,1,0.707,1
1772102404.834,58.82,1,0.707,1
1772102404.850,62.50,1,0.707,1
1772102404.867,58.82,1,0.707,1
1772102404.884,58.82,1,0.707,1
1772102404.900,62.50,1,0.707,1
1772102404.917,58.82,1,0.707,1
1772102404.933,62.50,1,0.707,1
1772102404.950,58.82,1,0.707,1
1772102404.967,58.82,1,0.707,1
1772102404.983,62.50,1,0.707,1
1772102405.000,58.82,1,0.707,1
1772102405.016,62.50,1,0.707,1
1772102405.033,58.82,1,0.707,1
1772102405.049,62.50,1,0.707,1
1772102405.066,58.82,1,0.707,1
1772102405.083,58.82,1,0.707,1
1772102405.099,62.50,1,0.707,1
1772102405.116,58.82,1,0.707,1
1772102405.132,62.50,1,0.707,1
1772102405.149,58.82,1,0.707,1
1772102405.166,58.82,1,0.707,1
1772102405.183,58.82,1,0.707,1
1772102405.199,62.50,1,0.707,1
1772102405.216,58.82,1,0.707,1
1772102405.233,58.82,1,0.707,1
1772102405.250,58.82,1,0.707,1
1772102405.267,58.82,1,0.707,1
1772102405.283,62.50,1,0.707,1
1772102405.300,58.82,1,0.707,1
1772102405.317,58.82,1,0.707,1
1772102405.333,62.50,1,0.707,1
1772102405.350,58.82,1,0.707,1
1772102405.367,58.82,1,0.707,1
1772102405.383,62.50,1,0.707,1
1772102405.400,58.82,1,0.707,1
1772102405.417,58.82,1,0.707,1
1772102405.433,62.50,1,0.707,1
1772102405.450,58.82,1,0.707,1
1772102405.467,58.82,1,0.707,1
1772102405.483,62.50,1,0.707,1
1772102405.500,58.82,1,0.707,1
1772102405.517,58.82,1,0.707,1
1772102405.534,58.82,1,0.707,1
1772102405.551,58.82,1,0.707,1
1772102405.567,62.50,1,0.707,1
1772102405.584,58.82,1,0.707,1
1772102405.601,58.82,1,0.707,1
1772102405.617,62.50,1,0.707,1
1772102405.634,58.82,1,0.707,1
1772102405.651,58.82,1,0.707,1
1772102405.668,58.82,1,0.707,1
1772102405.685,58.82,1,0.707,1
1772102405.702,58.82,1,0.707,1
1772102405.718,62.50,1,0.707,1
1772102405.735,58.82,1,0.707,1
1772102405.751,62.50,1,0.707,1
1772102405.768,58.82,1,0.707,1
1772102405.785,58.82,1,0.707,1
1772102405.801,62.50,1,0.707,1
1772102405.818,58.82,1,0.707,1
1772102405.834,62.50,1,0.707,1
1772102405.851,58.82,1,0.707,1
1772102405.868,58.82,1,0.707,1
1772102405.884,62.50,1,0.707,1
1772102405.901,58.82,1,0.707,1
1772102405.917,62.50,1,0.707,1
1772102405.934,58.82,1,0.707,1
1772102405.951,58.82,1,0.707,1
1772102405.968,58.82,1,0.707,1
1772102405.984,62.50,1,0.707,1
1772102406.001,58.82,1,0.707,1
1772102406.017,62.50,1,0.707,1
1772102406.034,58.82,1,0.707,1
1772102406.050,62.50,1,0.707,1
1772102406.067,58.82,1,0.707,1
1772102406.084,58.82,1,0.707,1
1772102406.100,62.50,1,0.707,1
1772102406.117,58.82,1,0.707,1
1772102406.133,62.50,1,0.707,1
1772102406.150,58.82,1,0.707,1
1772102406.167,58.82,1,0.707,1
1772102406.183,62.50,1,0.707,1
1772102406.200,58.82,1,0.707,1
1772102406.217,58.82,1,0.707,1
1772102406.233,62.50,1,0.707,1
1772102406.250,58.82,1,0.707,1
1772102406.267,58.82,1,0.707,1
1772102406.283,62.50,1,0.707,1
1772102406.300,58.82,1,0.707,1
1772102406.316,62.50,1,0.707,1
1772102406.333,58.82,1,0.707,1
1772102406.349,62.50,1,0.707,1
1772102406.366,58.82,1,0.707,1
1772102406.383,58.82,1,0.707,1
1772102406.400,58.82,1,0.707,1
1772102406.416,62.50,1,0.707,1
1772102406.433,58.82,1,0.707,1
1772102406.449,62.50,1,0.707,1
1772102406.466,58.82,1,0.707,1
1772102406.483,58.82,1,0.707,1
1772102406.500,58.82,1,0.707,1
1772102406.516,62.50,1,0.707,1
1772102406.533,58.82,1,0.707,1
1772102406.550,58.82,1,0.707,1
1772102406.566,62.50,1,0.707,1
1772102406.583,58.82,1,0.707,1
1772102406.599,62.50,1,0.707,1
1772102406.616,58.82,1,0.707,1
1772102406.633,58.82,1,0.707,1
1772102406.649,62.50,1,0.707,1
1772102406.666,58.82,1,0.707,1
1772102406.683,58.82,1,0.707,1
1772102406.700,58.82,1,0.707,1
1772102406.717,58.82,1,0.707,1
1772102406.733,62.50,1,0.707,1
1772102406.750,58.82,1,0.707,1
1772102406.767,58.82,1,0.707,1
1772102406.783,62.50,1,0.707,1
1772102406.800,58.82,1,0.707,1
1772102406.817,58.82,1,0.707,1
1772102406.834,58.82,1,0.707,1
1772102406.850,62.50,1,0.707,1
1772102406.867,58.82,1,0.707,1
1772102406.884,58.82,1,0.707,1
1772102406.900,62.50,1,0.707,1
1772102406.917,58.82,1,0.707,1
1772102406.934,58.82,1,0.707,1
1772102406.950,62.50,1,0.707,1
1772102406.967,58.82,1,0.707,1
1772102406.984,58.82,1,0.707,1
1772102407.000,62.50,1,0.707,1
1772102407.017,58.82,1,0.707,1
1772102407.034,58.82,1,0.707,1
1772102407.050,62.50,1,0.707,1
1772102407.067,58.82,1,0.707,1
1772102407.084,58.82,1,0.707,1
1772102407.100,62.50,1,0.707,1
1772102407.117,58.82,1,0.707,1
1772102407.133,62.50,1,0.707,1
1772102407.150,58.82,1,0.707,1
1772102407.167,58.82,1,0.707,1
1772102407.183,62.50,1,0.707,1
1772102407.200,58.82,1,0.707,1
1772102407.217,58.82,1,0.707,1
1772102407.234,58.82,1,0.707,1
1772102407.250,62.50,1,0.707,1
1772102407.267,58.82,1,0.707,1
1772102407.284,58.82,1,0.707,1
1772102407.300,62.50,1,0.707,1
1772102407.317,58.82,1,0.707,1
1772102407.333,62.50,1,0.707,1
1772102407.350,58.82,1,0.707,1
1772102407.367,58.82,1,0.707,1
1772102407.383,62.50,1,0.707,1
1772102407.400,58.82,1,0.707,1
1772102407.417,58.82,1,0.707,1
1772102407.433,62.50,1,0.707,1
1772102407.450,58.82,1,0.707,1
1772102407.467,58.82,1,0.707,1
1772102407.483,62.50,1,0.707,1
1772102407.500,58.82,1,0.707,1
1772102407.516,62.50,1,0.707,1
1772102407.533,58.82,1,0.707,1
1772102407.550,58.82,1,0.707,1
1772102407.566,62.50,1,0.707,1
1772102407.583,58.82,1,0.707,1
1772102407.600,58.82,1,0.707,1
1772102407.616,62.50,1,0.707,1
1772102407.633,58.82,1,0.707,1
1772102407.650,58.82,1,0.707,1
1772102407.666,62.50,1,0.707,1
1772102407.683,58.82,1,0.707,1
1772102407.700,58.82,1,0.707,1
1772102407.716,62.50,1,0.707,1
1772102407.733,58.82,1,0.707,1
1772102407.750,58.82,1,0.707,1
1772102407.766,62.50,1,0.707,1
1772102407.783,58.82,1,0.707,1
1772102407.800,58.82,1,0.707,1
1772102407.816,62.50,1,0.707,1
1772102407.833,58.82,1,0.707,1
1772102407.850,58.82,1,0.707,1
1772102407.866,62.50,1,0.707,1
1772102407.883,58.82,1,0.707,1
1772102407.900,58.82,1,0.707,1
1772102407.916,62.50,1,0.707,1
1772102407.933,58.82,1,0.707,1
1772102407.950,58.82,1,0.707,1
1772102407.967,58.82,1,0.707,1
1772102407.983,62.50,1,0.707,1
1772102408.000,58.82,1,0.707,1
1772102408.017,58.82,1,0.707,1
1772102408.033,62.50,1,0.707,1
1772102408.050,58.82,1,0.707,1
1772102408.067,58.82,1,0.707,1
1772102408.083,62.50,1,0.707,1
1772102408.100,58.82,1,0.707,1
1772102408.117,58.82,1,0.707,1
1772102408.134,58.82,1,0.707,1
1772102408.150,62.50,1,0.707,1
1772102408.167,58.82,1,0.707,1
1772102408.184,58.82,1,0.707,1
1772102408.200,62.50,1,0.707,1
1772102408.217,58.82,1,0.707,1
1772102408.233,62.50,1,0.707,1
1772102408.250,58.82,1,0.707,1
1772102408.267,58.82,1,0.707,1
1772102408.283,62.50,1,0.707,1
1772102408.300,58.82,1,0.707,1
1772102408.317,58.82,1,0.707,1
1772102408.333,62.50,1,0.707,1
1772102408.350,58.82,1,0.707,1
1772102408.367,58.82,1,0.707,1
1772102408.383,62.50,1,0.707,1
1772102408.400,58.82,1,0.707,1
1772102408.417,58.82,1,0.707,1
1772102408.433,62.50,1,0.707,1
1772102408.450,58.82,1,0.707,1
1772102408.467,58.82,1,0.707,1
1772102408.483,62.50,1,0.707,1
1772102408.500,58.82,1,0.707,1
1772102408.517,58.82,1,0.707,1
1772102408.534,58.82,1,0.707,1
1772102408.550,62.50,1,0.707,1
1772102408.567,58.82,1,0.707,1
1772102408.584,58.82,1,0.707,1
1772102408.600,62.50,1,0.707,1
1772102408.617,58.82,1,0.707,1
1772102408.634,58.82,1,0.707,1
1772102408.650,62.50,1,0.707,1
1772102408.667,58.82,1,0.707,1
1772102408.684,58.82,1,0.707,1
1772102408.700,62.50,1,0.707,1
1772102408.717,58.82,1,0.707,1
1772102408.733,62.50,1,0.707,1
1772102408.750,58.82,1,0.707,1
1772102408.767,58.82,1,0.707,1
1772102408.783,62.50,1,0.707,1
1772102408.800,58.82,1,0.707,1
1772102408.817,58.82,1,0.707,1
1772102408.833,62.50,1,0.707,1
1772102408.850,58.82,1,0.707,1
1772102408.867,62.50,1,0.707,1
1772102408.883,58.82,1,0.707,1
1772102408.900,58.82,1,0.707,1
1772102408.917,58.82,1,0.707,1
1772102408.933,62.50,1,0.707,1
1772102408.950,58.82,1,0.707,1
1772102408.966,62.50,1,0.707,1
1772102408.983,58.82,1,0.707,1
1772102409.000,58.82,1,0.707,1
1772102409.016,62.50,1,0.707,1
1772102409.033,58.82,1,0.707,1
1772102409.050,58.82,1,0.707,1
1772102409.066,62.50,1,0.707,1
1772102409.083,58.82,1,0.707,1
1772102409.100,58.82,1,0.707,1
1772102409.116,62.50,1,0.707,1
1772102409.133,58.82,1,0.707,1
1772102409.150,58.82,1,0.707,1
1772102409.167,58.82,1,0.707,1
1772102409.183,62.50,1,0.707,1
1772102409.200,58.82,1,0.707,1
1772102409.216,62.50,1,0.707,1
1772102409.233,58.82,1,0.707,1
1772102409.250,58.82,1,0.707,1
1772102409.266,62.50,1,0.707,1
1772102409.283,58.82,1,0.707,1
1772102409.299,62.50,1,0.707,1
1772102409.316,58.82,1,0.707,1
1772102409.333,58.82,1,0.707,1
1772102409.349,62.50,1,0.707,1
1772102409.366,58.82,1,0.707,1
1772102409.383,58.82,1,0.707,1
1772102409.399,62.50,1,0.707,1
1772102409.416,58.82,1,0.707,1
1772102409.433,58.82,1,0.707,1
1772102409.449,62.50,1,0.707,1
1772102409.466,58.82,1,0.707,1
1772102409.482,62.50,1,0.707,1
1772102409.499,58.82,1,0.707,1
1772102409.515,62.50,1,0.707,1
1772102409.532,58.82,1,0.707,1
1772102409.549,58.82,1,0.707,1
1772102409.565,62.50,1,0.707,1
1772102409.582,58.82,1,0.707,1
1772102409.599,58.82,1,0.707,1
1772102409.616,58.82,1,0.707,1
1772102409.633,58.82,1,0.707,1
1772102409.649,62.50,1,0.707,1
1772102409.666,58.82,1,0.707,1
1772102409.683,58.82,1,0.707,1
1772102409.699,62.50,1,0.707,1
1772102409.716,58.82,1,0.707,1
1772102409.733,58.82,1,0.707,1
1772102409.749,62.50,1,0.707,1
1772102409.766,58.82,1,0.707,1
1772102409.782,62.50,1,0.707,1
1772102409.799,58.82,1,0.707,1
1772102409.816,58.82,1,0.707,1
1772102409.833,58.82,1,0.707,1
1772102409.849,62.50,1,0.707,1
1772102409.866,58.82,1,0.707,1
1772102409.883,58.82,1,0.707,1
1772102409.899,62.50,1,0.707,1
1772102409.916,58.82,1,0.707,1
1772102409.933,58.82,1,0.707,1
1772102409.950,58.82,1,0.707,1
1772102409.967,58.82,1,0.707,1
1772102409.983,62.50,1,0.707,1
1772102410.000,58.82,1,0.707,1
1772102410.016,62.50,1,0.707,1
1772102410.033,58.82,1,0.707,1
1772102410.050,58.82,1,0.707,1
1772102410.066,62.50,1,0.707,1
1772102410.083,58.82,1,0.707,1
1772102410.099,62.50,1,0.707,1
1772102410.116,58.82,1,0.707,1
1772102410.133,58.82,1,0.707,1
1772102410.149,62.50,1,0.707,1
1772102410.166,58.82,1,0.707,1
1772102410.182,62.50,1,0.707,1
1772102410.199,58.82,1,0.707,1
1772102410.216,58.82,1,0.707,1
1772102410.233,58.82,1,0.707,1
1772102410.249,62.50,1,0.707,1
1772102410.266,58.82,1,0.707,1
1772102410.283,58.82,1,0.707,1
1772102410.299,62.50,1,0.707,1
1772102410.316,58.82,1,0.707,1
1772102410.333,58.82,1,0.707,1
1772102410.349,62.50,1,0.707,1
1772102410.366,58.82,1,0.707,1
1772102410.383,58.82,1,0.707,1
1772102410.399,62.50,1,0.707,1
1772102410.416,58.82,1,0.707,1
1772102410.432,62.50,1,0.707,1
1772102410.449,58.82,1,0.707,1
1772102410.465,62.50,1,0.707,1
1772102410.482,58.82,1,0.707,1
1772102410.498,62.50,1,0.707,1
1772102410.515,58.82,1,0.707,1
1772102410.532,58.82,1,0.707,1
1772102410.548,62.50,1,0.707,1
1772102410.565,58.82,1,0.707,1
1772102410.582,58.82,1,0.707,1
1772102410.598,62.50,1,0.707,1
1772102410.615,58.82,1,0.707,1
1772102410.631,62.50,1,0.707,1
1772102410.648,58.82,1,0.707,1
1772102410.665,58.82,1,0.707,1
1772102410.681,62.50,1,0.707,1
1772102410.698,58.82,1,0.707,1
1772102410.714,62.50,1,0.707,1
1772102410.731,58.82,1,0.707,1
1772102410.747,62.50,1,0.707,1
1772102410.764,58.82,1,0.707,1
1772102410.780,62.50,1,0.707,1
1772102410.797,58.82,1,0.707,1
1772102410.813,62.50,1,0.707,1
1772102410.830,58.82,1,0.707,1
1772102410.846,62.50,1,0.707,1
1772102410.863,58.82,1,0.707,1
1772102410.879,62.50,1,0.707,1
1772102410.896,58.82,1,0.707,1
1772102410.913,58.82,1,0.707,1
1772102410.929,62.50,1,0.707,1
1772102410.946,58.82,1,0.707,1
1772102410.962,62.50,1,0.707,1
1772102410.979,58.82,1,0.707,1
1772102410.995,62.50,1,0.707,1
1772102411.012,58.82,1,0.707,1
1772102411.028,62.50,1,0.707,1
1772102411.045,58.82,1,0.707,1
1772102411.061,62.50,1,0.707,1
1772102411.078,58.82,1,0.707,1
1772102411.095,58.82,1,0.707,1
1772102411.111,62.50,1,0.707,1
1772102411.128,58.82,1,0.707,1
1772102411.145,58.82,1,0.707,1
1772102411.161,62.50,1,0.707,1
1772102411.178,58.82,1,0.707,1
1772102411.195,62.50,1,0.707,1
1772102411.211,58.82,1,0.707,1
1772102411.228,58.82,1,0.707,1
1772102411.245,58.82,1,0.707,1
1772102411.261,62.50,1,0.707,1
1772102411.278,58.82,1,0.707,1
1772102411.295,58.82,1,0.707,1
1772102411.311,62.50,1,0.707,1
1772102411.328,58.82,1,0.707,1
1772102411.345,58.82,1,0.707,1
1772102411.361,62.50,1,0.707,1
1772102411.378,58.82,1,0.707,1
1772102411.395,58.82,1,0.707,1
1772102411.412,58.82,1,0.707,1
1772102411.428,62.50,1,0.707,1
1772102411.445,58.82,1,0.707,1
1772102411.462,58.82,1,0.707,1
1772102411.478,62.50,1,0.707,1
1772102411.495,58.82,1,0.707,1
1772102411.512,58.82,1,0.707,1
1772102411.528,62.50,1,0.707,1
1772102411.545,58.82,1,0.707,1
1772102411.562,58.82,1,0.707,1
1772102411.578,62.50,1,0.707,1
1772102411.595,58.82,1,0.707,1
1772102411.611,62.50,1,0.707,1
1772102411.628,58.82,1,0.707,1
1772102411.645,58.82,1,0.707,1
1772102411.662,58.82,1,0.707,1
1772102411.679,58.82,1,0.707,1
1772102411.695,62.50,1,0.707,1
1772102411.712,58.82,1,0.707,1
1772102411.729,58.82,1,0.707,1
1772102411.745,62.50,1,0.707,1
1772102411.762,58.82,1,0.707,1
1772102411.779,58.82,1,0.707,1
1772102411.795,62.50,1,0.707,1
1772102411.812,58.82,1,0.707,1
1772102411.828,62.50,1,0.707,1
1772102411.845,58.82,1,0.707,1
1772102411.862,58.82,1,0.707,1
1772102411.879,58.82,1,0.707,1
1772102411.896,58.82,1,0.707,1
1772102411.912,62.50,1,0.707,1
1772102411.929,58.82,1,0.707,1
1772102411.946,58.82,1,0.707,1
1772102411.962,62.50,1,0.707,1
1772102411.979,58.82,1,0.707,1
1772102411.995,62.50,1,0.707,1
1772102412.012,58.82,1,0.707,1
1772102412.029,58.82,1,0.707,1
1772102412.045,62.50,1,0.707,1
1772102412.062,58.82,1,0.707,1
1772102412.079,58.82,1,0.707,1
1772102412.095,62.50,1,0.707,1
1772102412.112,58.82,1,0.707,1
1772102412.129,58.82,1,0.707,1
1772102412.145,62.50,1,0.707,1
1772102412.162,58.82,1,0.707,1
1772102412.179,58.82,1,0.707,1
1772102412.195,62.50,1,0.707,1
1772102412.212,58.82,1,0.707,1
1772102412.229,58.82,1,0.707,1
1772102412.245,62.50,1,0.707,1
1772102412.262,58.82,1,0.707,1
1772102412.279,58.82,1,0.707,1
1772102412.295,62.50,1,0.707,1
1772102412.312,58.82,1,0.707,1
1772102412.329,58.82,1,0.707,1
1772102412.345,62.50,1,0.707,1
1772102412.362,58.82,1,0.707,1
1772102412.378,62.50,1,0.707,1
1772102412.395,58.82,1,0.707,1
1772102412.412,58.82,1,0.707,1
1772102412.428,62.50,1,0.707,1
1772102412.445,58.82,1,0.707,1
1772102412.462,58.82,1,0.707,1
1772102412.479,58.82,1,0.707,1
1772102412.496,58.82,1,0.707,1
1772102412.512,62.50,1,0.707,1
1772102412.529,58.82,1,0.707,1
1772102412.546,58.82,1,0.707,1
1772102412.562,62.50,1,0.707,1
1772102412.579,58.82,1,0.707,1
1772102412.596,58.82,1,0.707,1
1772102412.612,62.50,1,0.707,1
1772102412.629,58.82,1,0.707,1
1772102412.646,58.82,1,0.707,1
1772102412.662,62.50,1,0.707,1
1772102412.679,58.82,1,0.707,1
1772102412.696,58.82,1,0.707,1
1772102412.712,62.50,1,0.707,1
1772102412.729,58.82,1,0.707,1
1772102412.746,58.82,1,0.707,1
1772102412.762,62.50,1,0.707,1
1772102412.779,58.82,1,0.707,1
1772102412.796,58.82,1,0.707,1
1772102412.813,58.82,1,0.707,1
1772102412.829,62.50,1,0.707,1
1772102412.846,58.82,1,0.707,1
1772102412.863,58.82,1,0.707,1
1772102412.880,58.82,1,0.707,1
1772102412.897,58.82,1,0.707,1
1772102412.913,62.50,1,0.707,1
1772102412.930,58.82,1,0.707,1
1772102412.947,58.82,1,0.707,1
1772102412.963,62.50,1,0.707,1
1772102412.980,58.82,1,0.707,1
1772102412.997,58.82,1,0.707,1
1772102413.013,62.50,1,0.707,1
1772102413.030,58.82,1,0.707,1
1772102413.047,58.82,1,0.707,1
1772102413.063,62.50,1,0.707,1
1772102413.080,58.82,1,0.707,1
1772102413.097,58.82,1,0.707,1
1772102413.113,62.50,1,0.707,1
1772102413.130,58.82,1,0.707,1
1772102413.147,58.82,1,0.707,1
1772102413.163,62.50,1,0.707,1
1772102413.180,58.82,1,0.707,1
1772102413.196,62.50,1,0.707,1
1772102413.213,58.82,1,0.707,1
1772102413.230,58.82,1,0.707,1
1772102413.246,62.50,1,0.707,1
1772102413.263,58.82,1,0.707,1
1772102413.280,58.82,1,0.707,1
1772102413.297,58.82,1,0.707,1
1772102413.313,62.50,1,0.707,1
1772102413.330,58.82,1,0.707,1
1772102413.346,62.50,1,0.707,1
1772102413.363,58.82,1,0.707,1
1772102413.380,58.82,1,0.707,1
1772102413.397,58.82,1,0.707,1
1772102413.413,62.50,1,0.707,1
1772102413.430,58.82,1,0.707,1
1772102413.447,58.82,1,0.707,1
1772102413.463,62.50,1,0.707,1
1772102413.480,58.82,1,0.707,1
1772102413.497,62.50,1,0.707,1
1772102413.513,58.82,1,0.707,1
1772102413.530,58.82,1,0.707,1
1772102413.546,62.50,1,0.707,1
1772102413.563,58.82,1,0.707,1
1772102413.580,58.82,1,0.707,1
1772102413.597,62.50,1,0.707,1
1772102413.613,58.82,1,0.707,1
1772102413.630,58.82,1,0.707,1
1772102413.647,58.82,1,0.707,1
1772102413.663,62.50,1,0.707,1
1772102413.680,58.82,1,0.707,1
1772102413.697,58.82,1,0.707,1
1772102413.713,62.50,1,0.707,1
1772102413.730,58.82,1,0.707,1
1772102413.747,58.82,1,0.707,1
1772102413.763,62.50,1,0.707,1
1772102413.780,58.82,1,0.707,1
1772102413.797,58.82,1,0.707,1
1772102413.814,58.82,1,0.707,1
1772102413.830,62.50,1,0.707,1
1772102413.847,58.82,1,0.707,1
1772102413.864,58.82,1,0.707,1
1772102413.880,62.50,1,0.707,1
1772102413.897,58.82,1,0.707,1
1772102413.914,58.82,1,0.707,1
1772102413.930,62.50,1,0.707,1
1772102413.947,58.82,1,0.707,1
1772102413.964,58.82,1,0.707,1
1772102413.981,58.82,1,0.707,1
1772102413.998,58.82,1,0.707,1
1772102414.014,62.50,1,0.707,1
1772102414.031,58.82,1,0.707,1
1772102414.047,62.50,1,0.707,1
1772102414.064,58.82,1,0.707,1
1772102414.081,58.82,1,0.707,1
1772102414.097,62.50,1,0.707,1
1772102414.114,58.82,1,0.707,1
1772102414.131,58.82,1,0.707,1
1772102414.147,62.50,1,0.707,1
1772102414.164,58.82,1,0.707,1
1772102414.181,58.82,1,0.707,1
1772102414.198,58.82,1,0.707,1
1772102414.214,62.50,1,0.707,1
1772102414.231,58.82,1,0.707,1
1772102414.248,58.82,1,0.707,1
1772102414.264,62.50,1,0.707,1
1772102414.281,58.82,1,0.707,1
1772102414.298,58.82,1,0.707,1
1772102414.314,62.50,1,0.707,1
1772102414.331,58.82,1,0.707,1
1772102414.348,58.82,1,0.707,1
1772102414.365,58.82,1,0.707,1
1772102414.381,62.50,1,0.707,1
1772102414.398,58.82,1,0.707,1
1772102414.415,58.82,1,0.707,1
1772102414.431,62.50,1,0.707,1
1772102414.448,58.82,1,0.707,1
1772102414.465,58.82,1,0.707,1
1772102414.482,58.82,1,0.707,1
1772102414.498,62.50,1,0.707,1
1772102414.515,58.82,1,0.707,1
1772102414.532,58.82,1,0.707,1
1772102414.548,62.50,1,0.707,1
1772102414.565,58.82,1,0.707,1
1772102414.582,58.82,1,0.707,1
1772102414.599,58.82,1,0.707,1
1772102414.616,58.82,1,0.707,1
1772102414.632,62.50,1,0.707,1
1772102414.649,58.82,1,0.707,1
1772102414.666,58.82,1,0.707,1
1772102414.683,58.82,1,0.707,1
1772102414.700,58.82,1,0.707,1
1772102414.716,62.50,1,0.707,1
1772102414.733,58.82,1,0.707,1
1772102414.750,58.82,1,0.707,1
1772102414.766,62.50,1,0.707,1
1772102414.783,58.82,1,0.707,1
1772102414.799,62.50,1,0.707,1
1772102414.816,58.82,1,0.707,1
1772102414.833,58.82,1,0.707,1
1772102414.850,58.82,1,0.707,1
1772102414.866,62.50,1,0.707,1
1772102414.883,58.82,1,0.707,1
1772102414.900,58.82,1,0.707,1
1772102414.916,62.50,1,0.707,1
1772102414.933,58.82,1,0.707,1
1772102414.950,58.82,1,0.707,1
1772102414.966,62.50,1,0.707,1
1772102414.983,58.82,1,0.707,1
1772102415.000,58.82,1,0.707,1
1772102415.016,62.50,1,0.707,1
1772102415.033,58.82,1,0.707,1
1772102415.050,58.82,1,0.707,1
1772102415.066,62.50,1,0.707,1
1772102415.083,58.82,1,0.707,1
1772102415.099,62.50,1,0.707,1
1772102415.116,58.82,1,0.707,1
1772102415.133,58.82,1,0.707,1
1772102415.149,62.50,1,0.707,1
1772102415.166,58.82,1,0.707,1
1772102415.183,58.82,1,0.707,1
1772102415.199,62.50,1,0.707,1
1772102415.216,58.82,1,0.707,1
1772102415.233,58.82,1,0.707,1
1772102415.249,62.50,1,0.707,1
1772102415.266,58.82,1,0.707,1
1772102415.283,58.82,1,0.707,1
1772102415.299,62.50,1,0.707,1
1772102415.316,58.82,1,0.707,1
1772102415.333,58.82,1,0.707,1
1772102415.350,62.50,1,0.707,1
1772102415.366,58.82,1,0.707,1
1772102415.383,58.82,1,0.707,1
1772102415.400,58.82,1,0.707,1
1772102415.416,62.50,1,0.707,1
1772102415.433,58.82,1,0.707,1
1772102415.450,58.82,1,0.707,1
1772102415.467,58.82,1,0.707,1
1772102415.483,62.50,1,0.707,1
1772102415.500,58.82,1,0.707,1
1772102415.516,62.50,1,0.707,1
1772102415.533,58.82,1,0.707,1
1772102415.550,58.82,1,0.707,1
1772102415.566,62.50,1,0.707,1
1772102415.583,58.82,1,0.707,1
1772102415.600,62.50,1,0.707,1
1772102415.616,58.82,1,0.707,1
1772102415.633,58.82,1,0.707,1
1772102415.650,58.82,1,0.707,1
1772102415.666,62.50,1,0.707,1
1772102415.683,58.82,1,0.707,1
1772102415.700,58.82,1,0.707,1
1772102415.716,62.50,1,0.707,1
1772102415.733,58.82,1,0.707,1
1772102415.749,62.50,1,0.707,1
1772102415.766,58.82,1,0.707,1
1772102415.783,58.82,1,0.707,1
1772102415.800,58.82,1,0.707,1
1772102415.816,62.50,1,0.707,1
1772102415.833,58.82,1,0.707,1
1772102415.850,58.82,1,0.707,1
1772102415.867,58.82,1,0.707,1
1772102415.883,62.50,1,0.707,1
1772102415.900,58.82,1,0.707,1
1772102415.917,58.82,1,0.707,1
1772102415.933,62.50,1,0.707,1
1772102415.950,58.82,1,0.707,1
1772102415.966,62.50,1,0.707,1
1772102415.983,58.82,1,0.707,1
1772102415.999,62.50,1,0.707,1
1772102416.016,58.82,1,0.707,1
1772102416.033,58.82,1,0.707,1
1772102416.049,62.50,1,0.707,1
1772102416.066,58.82,1,0.707,1
1772102416.082,62.50,1,0.707,1
1772102416.099,58.82,1,0.707,1
1772102416.116,58.82,1,0.707,1
1772102416.132,62.50,1,0.707,1
1772102416.149,58.82,1,0.707,1
1772102416.165,62.50,1,0.707,1
1772102416.182,58.82,1,0.707,1
1772102416.199,62.50,1,0.707,1
1772102416.215,58.82,1,0.707,1
1772102416.232,58.82,1,0.707,1
1772102416.248,62.50,1,0.707,1
1772102416.265,58.82,1,0.707,1
1772102416.282,58.82,1,0.707,1
1772102416.299,58.82,1,0.707,1
1772102416.315,62.50,1,0.707,1
1772102416.332,58.82,1,0.707,1
1772102416.348,62.50,1,0.707,1
1772102416.365,58.82,1,0.707,1
1772102416.381,62.50,1,0.707,1
1772102416.398,58.82,1,0.707,1
1772102416.414,62.50,1,0.707,1
1772102416.431,58.82,1,0.707,1
1772102416.447,62.50,1,0.707,1
1772102416.464,58.82,1,0.707,1
1772102416.481,58.82,1,0.707,1
1772102416.497,62.50,1,0.707,1
1772102416.514,58.82,1,0.707,1
1772102416.531,62.50,1,0.707,1
1772102416.547,58.82,1,0.707,1
1772102416.564,58.82,1,0.707,1
1772102416.580,62.50,1,0.707,1
1772102416.597,58.82,1,0.707,1
1772102416.613,62.50,1,0.707,1
1772102416.630,58.82,1,0.707,1
1772102416.646,62.50,1,0.707,1
1772102416.663,58.82,1,0.707,1
1772102416.680,58.82,1,0.707,1
1772102416.696,62.50,1,0.707,1
1772102416.713,58.82,1,0.707,1
1772102416.730,58.82,1,0.707,1
1772102416.746,62.50,1,0.707,1
1772102416.763,58.82,1,0.707,1
1772102416.780,58.82,1,0.707,1
1772102416.796,62.50,1,0.707,1
1772102416.813,58.82,1,0.707,1
1772102416.829,62.50,1,0.707,1
1772102416.846,58.82,1,0.707,1
1772102416.863,58.82,1,0.707,1
1772102416.879,62.50,1,0.707,1
1772102416.896,58.82,1,0.707,1
1772102416.912,62.50,1,0.707,1
1772102416.929,58.82,1,0.707,1
1772102416.945,62.50,1,0.707,1
1772102416.962,58.82,1,0.707,1
1772102416.979,62.50,1,0.707,1
1772102416.995,58.82,1,0.707,1
1772102417.012,58.82,1,0.707,1
1772102417.028,62.50,1,0.707,1
1772102417.045,58.82,1,0.707,1
1772102417.061,62.50,1,0.707,1
1772102417.078,58.82,1,0.707,1
1772102417.096,55.56,1,0.707,1
1772102417.112,62.50,1,0.707,1
1772102417.129,58.82,1,0.707,1
1772102417.146,58.82,1,0.707,1
1772102417.162,62.50,1,0.707,1
1772102417.179,58.82,1,0.707,1
1772102417.195,62.50,1,0.707,1
1772102417.212,58.82,1,0.707,1
1772102417.228,62.50,1,0.707,1
1772102417.245,58.82,1,0.707,1
1772102417.262,58.82,1,0.707,1
1772102417.278,62.50,1,0.707,1
1772102417.295,58.82,1,0.707,1
1772102417.312,58.82,1,0.707,1
1772102417.328,62.50,1,0.707,1
1772102417.345,58.82,1,0.707,1
1772102417.361,62.50,1,0.707,1
1772102417.378,58.82,1,0.707,1
1772102417.395,58.82,1,0.707,1
1772102417.412,62.50,1,0.707,1
1772102417.429,55.56,1,0.707,1
1772102417.446,58.82,1,0.707,1
1772102417.463,58.82,1,0.707,1
1772102417.479,62.50,1,0.707,1
1772102417.496,58.82,1,0.707,1
1772102417.513,58.82,1,0.707,1
1772102417.529,62.50,1,0.707,1
1772102417.546,58.82,1,0.707,1
1772102417.562,62.50,1,0.707,1
1772102417.579,58.82,1,0.707,1
1772102417.596,58.82,1,0.707,1
1772102417.612,62.50,1,0.707,1
1772102417.629,58.82,1,0.707,1
1772102417.645,62.50,1,0.707,1
1772102417.662,58.82,1,0.707,1
1772102417.679,58.82,1,0.707,1
1772102417.695,62.50,1,0.707,1
1772102417.712,58.82,1,0.707,1
1772102417.728,62.50,1,0.707,1
1772102417.745,58.82,1,0.707,1
1772102417.762,58.82,1,0.707,1
1772102417.779,62.50,1,0.707,1
1772102417.796,55.56,1,0.707,1
1772102417.813,58.82,1,0.707,1
1772102417.830,58.82,1,0.707,1
1772102417.846,62.50,1,0.707,1
1772102417.863,58.82,1,0.707,1
1772102417.879,62.50,1,0.707,1
1772102417.896,58.82,1,0.707,1
1772102417.913,58.82,1,0.707,1
1772102417.929,62.50,1,0.707,1
1772102417.946,58.82,1,0.707,1
1772102417.962,62.50,1,0.707,1
1772102417.979,58.82,1,0.707,1
1772102417.995,62.50,1,0.707,1
1772102418.012,58.82,1,0.707,1
1772102418.029,58.82,1,0.707,1
1772102418.045,62.50,1,0.707,1
1772102418.062,58.82,1,0.707,1
1772102418.078,62.50,1,0.707,1
1772102418.095,58.82,1,0.707,1
1772102418.112,58.82,1,0.707,1
1772102418.128,62.50,1,0.707,1
1772102418.145,58.82,1,0.707,1
1772102418.162,58.82,1,0.707,1
1772102418.178,62.50,1,0.707,1
1772102418.195,58.82,1,0.707,1
1772102418.211,62.50,1,0.707,1
1772102418.228,58.82,1,0.707,1
1772102418.245,58.82,1,0.707,1
1772102418.262,58.82,1,0.707,1
1772102418.279,58.82,1,0.707,1
1772102418.295,62.50,1,0.707,1
1772102418.312,58.82,1,0.707,1
1772102418.329,58.82,1,0.707,1
1772102418.345,62.50,1,0.707,1
1772102418.362,58.82,1,0.707,1
1772102418.378,62.50,1,0.707,1
1772102418.395,58.82,1,0.707,1
1772102418.411,62.50,1,0.707,1
1772102418.428,58.82,1,0.707,1
1772102418.445,58.82,1,0.707,1
1772102418.461,62.50,1,0.707,1
1772102418.478,58.82,1,0.707,1
1772102418.495,58.82,1,0.707,1
1772102418.512,62.50,1,0.707,1
1772102418.528,58.82,1,0.707,1
1772102418.545,58.82,1,0.707,1
1772102418.562,58.82,1,0.707,1
1772102418.579,58.82,1,0.707,1
1772102418.596,58.82,1,0.707,1
1772102418.612,62.50,1,0.707,1
1772102418.629,58.82,1,0.707,1
1772102418.645,62.50,1,0.707,1
1772102418.662,58.82,1,0.707,1
1772102418.678,62.50,1,0.707,1
1772102418.695,58.82,1,0.707,1
1772102418.711,62.50,1,0.707,1
1772102418.728,58.82,1,0.707,1
1772102418.745,58.82,1,0.707,1
1772102418.762,58.82,1,0.707,1
1772102418.778,62.50,1,0.707,1
1772102418.795,58.82,1,0.707,1
1772102418.811,62.50,1,0.707,1
1772102418.828,58.82,1,0.707,1
1772102418.845,58.82,1,0.707,1
1772102418.861,62.50,1,0.707,1
1772102418.878,58.82,1,0.707,1
1772102418.895,58.82,1,0.707,1
1772102418.912,58.82,1,0.707,1
1772102418.928,62.50,1,0.707,1
1772102418.945,58.82,1,0.707,1
1772102418.961,62.50,1,0.707,1
1772102418.978,58.82,1,0.707,1
1772102418.995,58.82,1,0.707,1
1772102419.012,58.82,1,0.707,1
1772102419.029,58.82,1,0.707,1
1772102419.046,58.82,1,0.707,1
1772102419.063,58.82,1,0.707,1
1772102419.079,62.50,1,0.707,1
1772102419.096,58.82,1,0.707,1
1772102419.113,58.82,1,0.707,1
1772102419.129,62.50,1,0.707,1
1772102419.146,58.82,1,0.707,1
1772102419.162,62.50,1,0.707,1
1772102419.179,58.82,1,0.707,1
1772102419.196,58.82,1,0.707,1
1772102419.212,62.50,1,0.707,1
1772102419.229,58.82,1,0.707,1
1772102419.246,62.50,1,0.707,1
1772102419.262,58.82,1,0.707,1
1772102419.279,58.82,1,0.707,1
1772102419.295,62.50,1,0.707,1
1772102419.312,58.82,1,0.707,1
1772102419.328,62.50,1,0.707,1
1772102419.345,58.82,1,0.707,1
1772102419.361,62.50,1,0.707,1
1772102419.378,58.82,1,0.707,1
1772102419.395,58.82,1,0.707,1
1772102419.412,58.82,1,0.707,1
1772102419.429,58.82,1,0.707,1
1772102419.446,62.50,1,0.707,1
1772102419.462,58.82,1,0.707,1
1772102419.479,58.82,1,0.707,1
1772102419.495,62.50,1,0.707,1
1772102419.512,58.82,1,0.707,1
1772102419.528,62.50,1,0.707,1
1772102419.545,58.82,1,0.707,1
1772102419.561,62.50,1,0.707,1
1772102419.578,58.82,1,0.707,1
1772102419.595,58.82,1,0.707,1
1772102419.612,58.82,1,0.707,1
1772102419.628,62.50,1,0.707,1
1772102419.646,58.82,1,0.707,1
1772102419.662,58.82,1,0.707,1
1772102419.679,58.82,1,0.707,1
1772102419.696,58.82,1,0.707,1
1772102419.712,62.50,1,0.707,1
1772102419.729,58.82,1,0.707,1
1772102419.745,62.50,1,0.707,1
1772102419.762,58.82,1,0.707,1
1772102419.778,62.50,1,0.707,1
1772102419.795,58.82,1,0.707,1
1772102419.812,58.82,1,0.707,1
1772102419.828,62.50,1,0.707,1
1772102419.845,58.82,1,0.707,1
1772102419.861,62.50,1,0.707,1
1772102419.878,58.82,1,0.707,1
1772102419.895,58.82,1,0.707,1
1772102419.913,55.56,1,0.707,1
1772102419.929,62.50,1,0.707,1
1772102419.946,58.82,1,0.707,1
1772102419.962,62.50,1,0.707,1
1772102419.979,58.82,1,0.707,1
1772102419.996,58.82,1,0.707,1
1772102420.012,62.50,1,0.707,1
1772102420.029,58.82,1,0.707,1
1772102420.045,62.50,1,0.707,1
1772102420.062,58.82,1,0.707,1
1772102420.078,62.50,1,0.707,1
1772102420.095,58.82,1,0.707,1
1772102420.111,62.50,1,0.707,1
1772102420.128,58.82,1,0.707,1
1772102420.145,58.82,1,0.707,1
1772102420.162,62.50,1,0.707,1
1772102420.178,58.82,1,0.707,1
1772102420.195,58.82,1,0.707,1
1772102420.212,58.82,1,0.707,1
1772102420.228,62.50,1,0.707,1
1772102420.245,58.82,1,0.707,1
1772102420.262,58.82,1,0.707,1
1772102420.278,62.50,1,0.707,1
1772102420.295,58.82,1,0.707,1
1772102420.312,58.82,1,0.707,1
1772102420.328,62.50,1,0.707,1
1772102420.345,58.82,1,0.707,1
1772102420.362,58.82,1,0.707,1
1772102420.379,62.50,1,0.707,1
1772102420.395,58.82,1,0.707,1
1772102420.413,55.56,1,0.707,1
1772102420.429,62.50,1,0.707,1
1772102420.446,58.82,1,0.707,1
1772102420.462,62.50,1,0.707,1
1772102420.479,58.82,1,0.707,1
1772102420.496,58.82,1,0.707,1
1772102420.512,62.50,1,0.707,1
1772102420.529,58.82,1,0.707,1
1772102420.546,58.82,1,0.707,1
1772102420.563,58.82,1,0.707,1
1772102420.579,62.50,1,0.707,1
1772102420.596,58.82,1,0.707,1
1772102420.613,58.82,1,0.707,1
1772102420.630,58.82,1,0.707,1
1772102420.646,62.50,1,0.707,1
1772102420.663,58.82,1,0.707,1
1772102420.680,58.82,1,0.707,1
1772102420.696,62.50,1,0.707,1
1772102420.713,58.82,1,0.707,1
1772102420.730,58.82,1,0.707,1
1772102420.746,62.50,1,0.707,1
1772102420.763,58.82,1,0.707,1
1772102420.779,62.50,1,0.707,1
1772102420.796,58.82,1,0.707,1
1772102420.812,62.50,1,0.707,1
1772102420.829,58.82,1,0.707,1
1772102420.846,58.82,1,0.707,1
1772102420.862,62.50,1,0.707,1
1772102420.879,58.82,1,0.707,1
1772102420.895,62.50,1,0.707,1
1772102420.912,58.82,1,0.707,1
1772102420.929,58.82,1,0.707,1
1772102420.945,62.50,1,0.707,1
1772102420.962,58.82,1,0.707,1
1772102420.979,62.50,1,0.707,1
1772102420.995,58.82,1,0.707,1
1772102421.012,58.82,1,0.707,1
1772102421.028,62.50,1,0.707,1
1772102421.045,58.82,1,0.707,1
1772102421.061,62.50,1,0.707,1
1772102421.078,58.82,1,0.707,1
1772102421.095,58.82,1,0.707,1
1772102421.112,58.82,1,0.707,1
1772102421.128,62.50,1,0.707,1
1772102421.145,58.82,1,0.707,1
1772102421.161,62.50,1,0.707,1
1772102421.178,58.82,1,0.707,1
1772102421.195,58.82,1,0.707,1
1772102421.211,62.50,1,0.707,1
1772102421.228,58.82,1,0.707,1
1772102421.245,58.82,1,0.707,1
1772102421.261,62.50,1,0.707,1
1772102421.278,58.82,1,0.707,1
1772102421.295,58.82,1,0.707,1
1772102421.311,62.50,1,0.707,1
1772102421.328,58.82,1,0.707,1
1772102421.345,58.82,1,0.707,1
1772102421.361,62.50,1,0.707,1
1772102421.378,58.82,1,0.707,1
1772102421.395,58.82,1,0.707,1
1772102421.411,62.50,1,0.707,1
1772102421.428,58.82,1,0.707,1
1772102421.445,62.50,1,0.707,1
1772102421.461,58.82,1,0.707,1
1772102421.478,58.82,1,0.707,1
1772102421.494,62.50,1,0.707,1
1772102421.511,58.82,1,0.707,1
1772102421.528,62.50,1,0.707,1
1772102421.544,58.82,1,0.707,1
1772102421.561,58.82,1,0.707,1
1772102421.578,58.82,1,0.707,1
1772102421.594,62.50,1,0.707,1
1772102421.611,58.82,1,0.707,1
1772102421.628,58.82,1,0.707,1
1772102421.644,62.50,1,0.707,1
1772102421.661,58.82,1,0.707,1
1772102421.678,58.82,1,0.707,1
1772102421.695,62.50,1,0.707,1
1772102421.711,58.82,1,0.707,1
1772102421.728,58.82,1,0.707,1
1772102421.745,58.82,1,0.707,1
1772102421.761,62.50,1,0.707,1
1772102421.778,58.82,1,0.707,1
1772102421.795,58.82,1,0.707,1
1772102421.811,62.50,1,0.707,1
1772102421.828,58.82,1,0.707,1
1772102421.845,58.82,1,0.707,1
1772102421.861,62.50,1,0.707,1
1772102421.878,58.82,1,0.707,1
1772102421.895,58.82,1,0.707,1
1772102421.912,58.82,1,0.707,1
1772102421.928,62.50,1,0.707,1
1772102421.945,58.82,1,0.707,1
1772102421.962,58.82,1,0.707,1
1772102421.979,58.82,1,0.707,1
1772102421.995,62.50,1,0.707,1
1772102422.012,58.82,1,0.707,1
1772102422.028,62.50,1,0.707,1
1772102422.045,58.82,1,0.707,1
1772102422.062,58.82,1,0.707,1
1772102422.079,62.50,1,0.707,1
1772102422.095,58.82,1,0.707,1
1772102422.112,58.82,1,0.707,1
1772102422.129,58.82,1,0.707,1
1772102422.146,62.50,1,0.707,1
1772102422.162,58.82,1,0.707,1
1772102422.179,58.82,1,0.707,1
1772102422.195,62.50,1,0.707,1
1772102422.212,58.82,1,0.707,1
1772102422.228,62.50,1,0.707,1
1772102422.245,58.82,1,0.707,1
1772102422.262,62.50,1,0.707,1
1772102422.278,58.82,1,0.707,1
1772102422.295,58.82,1,0.707,1
1772102422.311,62.50,1,0.707,1
1772102422.328,58.82,1,0.707,1
1772102422.345,58.82,1,0.707,1
1772102422.362,58.82,1,0.707,1
1772102422.378,62.50,1,0.707,1
1772102422.395,58.82,1,0.707,1
1772102422.412,58.82,1,0.707,1
1772102422.429,58.82,1,0.707,1
1772102422.446,58.82,1,0.707,1
1772102422.462,62.50,1,0.707,1
1772102422.479,58.82,1,0.707,1
1772102422.495,62.50,1,0.707,1
1772102422.512,58.82,1,0.707,1
1772102422.529,62.50,1,0.707,1
1772102422.545,58.82,1,0.707,1
1772102422.562,58.82,1,0.707,1
1772102422.578,62.50,1,0.707,1
1772102422.595,58.82,1,0.707,1
1772102422.612,58.82,1,0.707,1
1772102422.628,62.50,1,0.707,1
1772102422.645,58.82,1,0.707,1
1772102422.662,58.82,1,0.707,1
1772102422.678,62.50,1,0.707,1
1772102422.695,58.82,1,0.707,1
1772102422.712,58.82,1,0.707,1
1772102422.729,58.82,1,0.707,1
1772102422.746,58.82,1,0.707,1
1772102422.762,62.50,1,0.707,1
1772102422.779,58.82,1,0.707,1
1772102422.796,58.82,1,0.707,1
1772102422.812,62.50,1,0.707,1
1772102422.829,58.82,1,0.707,1
1772102422.845,62.50,1,0.707,1
1772102422.862,58.82,1,0.707,1
1772102422.879,58.82,1,0.707,1
1772102422.895,62.50,1,0.707,1
1772102422.912,58.82,1,0.707,1
1772102422.929,58.82,1,0.707,1
1772102422.945,62.50,1,0.707,1
1772102422.962,58.82,1,0.707,1
1772102422.979,58.82,1,0.707,1
1772102422.995,62.50,1,0.707,1
1772102423.012,58.82,1,0.707,1
1772102423.028,62.50,1,0.707,1
1772102423.045,58.82,1,0.707,1
1772102423.061,62.50,1,0.707,1
1772102423.078,58.82,1,0.707,1
1772102423.095,58.82,1,0.707,1
1772102423.112,58.82,1,0.707,1
1772102423.128,62.50,1,0.707,1
1772102423.145,58.82,1,0.707,1
1772102423.162,58.82,1,0.707,1
1772102423.178,62.50,1,0.707,1
1772102423.195,58.82,1,0.707,1
1772102423.212,58.82,1,0.707,1
1772102423.229,62.50,1,0.707,1
1772102423.245,58.82,1,0.707,1
1772102423.262,58.82,1,0.707,1
1772102423.278,62.50,1,0.707,1
1772102423.295,58.82,1,0.707,1
1772102423.312,58.82,1,0.707,1
1772102423.328,62.50,1,0.707,1
1772102423.345,58.82,1,0.707,1
1772102423.362,58.82,1,0.707,1
1772102423.378,62.50,1,0.707,1
1772102423.395,58.82,1,0.707,1
1772102423.412,58.82,1,0.707,1
1772102423.428,62.50,1,0.707,1
1772102423.445,58.82,1,0.707,1
1772102423.461,62.50,1,0.707,1
1772102423.478,58.82,1,0.707,1
1772102423.495,58.82,1,0.707,1
1772102423.511,62.50,1,0.707,1
1772102423.529,55.56,1,0.707,1
1772102423.545,62.50,1,0.707,1
1772102423.562,58.82,1,0.707,1
1772102423.579,58.82,1,0.707,1
1772102423.595,62.50,1,0.707,1
1772102423.612,58.82,1,0.707,1
1772102423.629,58.82,1,0.707,1
1772102423.645,62.50,1,0.707,1
1772102423.662,58.82,1,0.707,1
1772102423.679,58.82,1,0.707,1
1772102423.695,62.50,1,0.707,1
1772102423.712,58.82,1,0.707,1
1772102423.729,58.82,1,0.707,1
1772102423.745,62.50,1,0.707,1
1772102423.762,58.82,1,0.707,1
1772102423.779,58.82,1,0.707,1
1772102423.795,62.50,1,0.707,1
1772102423.812,58.82,1,0.707,1
1772102423.828,62.50,1,0.707,1
1772102423.845,58.82,1,0.707,1
1772102423.861,62.50,1,0.707,1
1772102423.878,58.82,1,0.707,1
1772102423.895,58.82,1,0.707,1
1772102423.912,58.82,1,0.707,1
1772102423.929,58.82,1,0.707,1
1772102423.945,62.50,1,0.707,1
1772102423.962,58.82,1,0.707,1
1772102423.979,62.50,1,0.707,1
1772102423.995,58.82,1,0.707,1
1772102424.012,58.82,1,0.707,1
1772102424.028,62.50,1,0.707,1
1772102424.045,58.82,1,0.707,1
1772102424.063,55.56,1,0.707,1
1772102424.080,58.82,1,0.707,1
1772102424.096,62.50,1,0.707,1
1772102424.113,58.82,1,0.707,1
1772102424.130,62.50,1,0.707,1
1772102424.146,58.82,1,0.707,1
1772102424.163,58.82,1,0.707,1
1772102424.179,62.50,1,0.707,1
1772102424.196,58.82,1,0.707,1
1772102424.213,58.82,1,0.707,1
1772102424.229,62.50,1,0.707,1
1772102424.246,58.82,1,0.707,1
1772102424.263,58.82,1,0.707,1
1772102424.279,62.50,1,0.707,1
1772102424.296,58.82,1,0.707,1
1772102424.312,62.50,1,0.707,1
1772102424.329,58.82,1,0.707,1
1772102424.345,62.50,1,0.707,1
1772102424.362,58.82,1,0.707,1
1772102424.378,62.50,1,0.707,1
1772102424.395,58.82,1,0.707,1
1772102424.412,58.82,1,0.707,1
1772102424.429,58.82,1,0.707,1
1772102424.446,58.82,1,0.707,1
1772102424.462,62.50,1,0.707,1
1772102424.479,58.82,1,0.707,1
1772102424.496,58.82,1,0.707,1
1772102424.512,62.50,1,0.707,1
1772102424.529,58.82,1,0.707,1
1772102424.545,62.50,1,0.707,1
1772102424.562,58.82,1,0.707,1
1772102424.578,62.50,1,0.707,1
1772102424.595,58.82,1,0.707,1
1772102424.612,58.82,1,0.707,1
1772102424.628,62.50,1,0.707,1
1772102424.645,58.82,1,0.707,1
1772102424.662,58.82,1,0.707,1
1772102424.679,58.82,1,0.707,1
1772102424.696,58.82,1,0.707,1
1772102424.712,62.50,1,0.707,1
1772102424.729,58.82,1,0.707,1
1772102424.746,58.82,1,0.707,1
1772102424.762,62.50,1,0.707,1
1772102424.779,58.82,1,0.707,1
1772102424.796,58.82,1,0.707,1
1772102424.812,62.50,1,0.707,1
1772102424.829,58.82,1,0.707,1
1772102424.845,62.50,1,0.707,1
1772102424.862,58.82,1,0.707,1
1772102424.879,58.82,1,0.707,1
1772102424.895,62.50,1,0.707,1
1772102424.912,58.82,1,0.707,1
1772102424.928,62.50,1,0.707,1
1772102424.945,58.82,1,0.707,1
1772102424.962,58.82,1,0.707,1
1772102424.978,62.50,1,0.707,1
1772102424.995,58.82,1,0.707,1
1772102425.012,58.82,1,0.707,1
1772102425.028,62.50,1,0.707,1
1772102425.045,58.82,1,0.707,1
1772102425.061,62.50,1,0.707,1
1772102425.078,58.82,1,0.707,1
1772102425.095,58.82,1,0.707,1
1772102425.112,58.82,1,0.707,1
1772102425.128,62.50,1,0.707,1
1772102425.145,58.82,1,0.707,1
1772102425.161,62.50,1,0.707,1
1772102425.178,58.82,1,0.707,1
1772102425.195,62.50,1,0.707,1
1772102425.211,58.82,1,0.707,1
1772102425.228,58.82,1,0.707,1
1772102425.244,62.50,1,0.707,1
1772102425.262,55.56,1,0.707,1
1772102425.278,62.50,1,0.707,1
1772102425.298,50.00,1,0.707,1
1772102425.315,62.50,1,0.707,1
1772102425.331,58.82,1,0.707,1
1772102425.348,58.82,1,0.707,1
1772102425.365,58.82,1,0.707,1
1772102425.381,62.50,1,0.707,1
1772102425.398,58.82,1,0.707,1
1772102425.414,62.50,1,0.707,1
1772102425.431,58.82,1,0.707,1
1772102425.447,62.50,1,0.707,1
1772102425.464,58.82,1,0.707,1
1772102425.481,58.82,1,0.707,1
1772102425.497,62.50,1,0.707,1
1772102425.514,58.82,1,0.707,1
1772102425.530,62.50,1,0.707,1
1772102425.547,58.82,1,0.707,1
1772102425.563,62.50,1,0.707,1
1772102425.580,58.82,1,0.707,1
1772102425.596,62.50,1,0.707,1
1772102425.613,58.82,1,0.707,1
1772102425.630,58.82,1,0.707,1
1772102425.646,62.50,1,0.707,1
1772102425.663,58.82,1,0.707,1
1772102425.679,62.50,1,0.707,1
1772102425.696,58.82,1,0.707,1
1772102425.713,58.82,1,0.707,1
1772102425.729,62.50,1,0.707,1
1772102425.746,58.82,1,0.707,1
1772102425.762,62.50,1,0.707,1
1772102425.779,58.82,1,0.707,1
1772102425.796,58.82,1,0.707,1
1772102425.812,62.50,1,0.707,1
1772102425.829,58.82,1,0.707,1
1772102425.846,58.82,1,0.707,1
1772102425.862,62.50,1,0.707,1
1772102425.879,58.82,1,0.707,1
1772102425.896,58.82,1,0.707,1
1772102425.913,58.82,1,0.707,1
1772102425.929,62.50,1,0.707,1
1772102425.946,58.82,1,0.707,1
1772102425.962,62.50,1,0.707,1
1772102425.979,58.82,1,0.707,1
1772102425.996,58.82,1,0.707,1
1772102426.012,62.50,1,0.707,1
1772102426.029,58.82,1,0.707,1
1772102426.046,58.82,1,0.707,1
1772102426.062,62.50,1,0.707,1
1772102426.080,55.56,1,0.707,1
1772102426.096,62.50,1,0.707,1
1772102426.113,58.82,1,0.707,1
1772102426.129,62.50,1,0.707,1
1772102426.146,58.82,1,0.707,1
1772102426.162,62.50,1,0.707,1
1772102426.179,58.82,1,0.707,1
1772102426.195,62.50,1,0.707,1
1772102426.212,58.82,1,0.707,1
1772102426.228,62.50,1,0.707,1
1772102426.245,58.82,1,0.707,1
1772102426.262,58.82,1,0.707,1
1772102426.278,62.50,1,0.707,1
1772102426.295,58.82,1,0.707,1
1772102426.311,62.50,1,0.707,1
1772102426.328,58.82,1,0.707,1
1772102426.345,58.82,1,0.707,1
1772102426.362,58.82,1,0.707,1
1772102426.379,58.82,1,0.707,1
1772102426.395,62.50,1,0.707,1
1772102426.412,58.82,1,0.707,1
1772102426.428,62.50,1,0.707,1
1772102426.445,58.82,1,0.707,1
1772102426.462,58.82,1,0.707,1
1772102426.478,62.50,1,0.707,1
1772102426.495,58.82,1,0.707,1
1772102426.512,62.50,1,0.707,1
1772102426.528,58.82,1,0.707,1
1772102426.545,58.82,1,0.707,1
1772102426.561,62.50,1,0.707,1
1772102426.578,58.82,1,0.707,1
1772102426.595,58.82,1,0.707,1
1772102426.612,62.50,1,0.707,1
1772102426.628,58.82,1,0.707,1
1772102426.645,58.82,1,0.707,1
1772102426.661,62.50,1,0.707,1
1772102426.678,58.82,1,0.707,1
1772102426.695,58.82,1,0.707,1
1772102426.712,58.82,1,0.707,1
1772102426.729,58.82,1,0.707,1
1772102426.746,58.82,1,0.707,1
1772102426.763,58.82,1,0.707,1
1772102426.780,62.50,1,0.707,1
1772102426.796,58.82,1,0.707,1
1772102426.813,58.82,1,0.707,1
1772102426.829,62.50,1,0.707,1
1772102426.846,58.82,1,0.707,1
1772102426.863,58.82,1,0.707,1
1772102426.879,62.50,1,0.707,1
1772102426.896,58.82,1,0.707,1
1772102426.913,62.50,1,0.707,1
1772102426.929,58.82,1,0.707,1
1772102426.946,58.82,1,0.707,1
1772102426.962,62.50,1,0.707,1
1772102426.979,58.82,1,0.707,1
1772102426.995,62.50,1,0.707,1
1772102427.012,58.82,1,0.707,1
1772102427.028,62.50,1,0.707,1
1772102427.045,58.82,1,0.707,1
1772102427.062,58.82,1,0.707,1
1772102427.078,62.50,1,0.707,1
1772102427.099,47.62,1,0.707,1
1772102427.116,58.82,1,0.707,1
1772102427.150,29.41,1,0.707,1
1772102427.168,55.56,1,0.707,1
1772102427.185,58.82,1,0.707,1
1772102427.202,58.82,1,0.707,1
1772102427.218,62.50,1,0.707,1
1772102427.235,58.82,1,0.707,1
1772102427.251,62.50,1,0.707,1
1772102427.268,58.82,1,0.707,1
1772102427.285,58.82,1,0.707,1
1772102427.301,62.50,1,0.707,1
1772102427.318,58.82,1,0.707,1
1772102427.334,62.50,1,0.707,1
1772102427.351,58.82,1,0.707,1
1772102427.368,62.50,1,0.707,1
1772102427.384,58.82,1,0.707,1
1772102427.401,58.82,1,0.707,1
1772102427.417,62.50,1,0.707,1
1772102427.434,62.50,1,0.707,1
1772102427.450,58.82,1,0.707,1
1772102427.467,58.82,1,0.707,1
1772102427.483,62.50,1,0.707,1
1772102427.499,62.50,1,0.707,1
1772102427.516,58.82,1,0.707,1
1772102427.532,62.50,1,0.707,1
1772102427.549,58.82,1,0.707,1
1772102427.565,62.50,1,0.707,1
1772102427.582,58.82,1,0.707,1
1772102427.598,62.50,1,0.707,1
1772102427.615,58.82,1,0.707,1
1772102427.631,62.50,1,0.707,1
1772102427.648,58.82,1,0.707,1
1772102427.664,62.50,1,0.707,1
1772102427.681,58.82,1,0.707,1
1772102427.697,62.50,1,0.707,1
1772102427.714,58.82,1,0.707,1
1772102427.730,62.50,1,0.707,1
1772102427.747,58.82,1,0.707,1
1772102427.764,62.50,1,0.707,1
1772102427.780,58.82,1,0.707,1
1772102427.797,58.82,1,0.707,1
1772102427.813,62.50,1,0.707,1
1772102427.830,58.82,1,0.707,1
1772102427.846,62.50,1,0.707,1
1772102427.863,58.82,1,0.707,1
1772102427.880,58.82,1,0.707,1
1772102427.896,62.50,1,0.707,1
1772102427.913,58.82,1,0.707,1
1772102427.930,58.82,1,0.707,1
1772102427.946,62.50,1,0.707,1
1772102427.963,58.82,1,0.707,1
1772102427.980,58.82,1,0.707,1
1772102427.996,62.50,1,0.707,1
1772102428.013,58.82,1,0.707,1
1772102428.030,58.82,1,0.707,1
1772102428.047,58.82,1,0.707,1
1772102428.063,62.50,1,0.707,1
1772102428.080,58.82,1,0.707,1
1772102428.097,58.82,1,0.707,1
1772102428.114,58.82,1,0.707,1
1772102428.131,62.50,1,0.707,1
1772102428.147,58.82,1,0.707,1
1772102428.164,58.82,1,0.707,1
1772102428.180,62.50,1,0.707,1
1772102428.197,58.82,1,0.707,1
1772102428.213,62.50,1,0.707,1
1772102428.230,58.82,1,0.707,1
1772102428.247,58.82,1,0.707,1
1772102428.263,62.50,1,0.707,1
1772102428.280,58.82,1,0.707,1
1772102428.297,58.82,1,0.707,1
1772102428.313,62.50,1,0.707,1
1772102428.330,58.82,1,0.707,1
1772102428.346,62.50,1,0.707,1
1772102428.363,58.82,1,0.707,1
1772102428.380,62.50,1,0.707,1
1772102428.396,58.82,1,0.707,1
1772102428.413,58.82,1,0.707,1
1772102428.429,62.50,1,0.707,1
1772102428.446,58.82,1,0.707,1
1772102428.463,58.82,1,0.707,1
1772102428.480,62.50,1,0.707,1
1772102428.496,58.82,1,0.707,1
1772102428.513,58.82,1,0.707,1
1772102428.530,58.82,1,0.707,1
1772102428.546,62.50,1,0.707,1
1772102428.563,58.82,1,0.707,1
1772102428.580,58.82,1,0.707,1
1772102428.596,62.50,1,0.707,1
1772102428.613,58.82,1,0.707,1
1772102428.630,62.50,1,0.707,1
1772102428.646,58.82,1,0.707,1
1772102428.663,58.82,1,0.707,1
1772102428.679,62.50,1,0.707,1
1772102428.696,58.82,1,0.707,1
1772102428.713,58.82,1,0.707,1
1772102428.730,58.82,1,0.707,1
1772102428.746,62.50,1,0.707,1
1772102428.763,58.82,1,0.707,1
1772102428.780,58.82,1,0.707,1
1772102428.796,62.50,1,0.707,1
1772102428.813,58.82,1,0.707,1
1772102428.829,62.50,1,0.707,1
1772102428.846,58.82,1,0.707,1
1772102428.862,62.50,1,0.707,1
1772102428.879,58.82,1,0.707,1
1772102428.895,62.50,1,0.707,1
1772102428.912,58.82,1,0.707,1
1772102428.929,58.82,1,0.707,1
1772102428.945,62.50,1,0.707,1
1772102428.962,58.82,1,0.707,1
1772102428.979,62.50,1,0.707,1
1772102428.995,58.82,1,0.707,1
1772102429.012,58.82,1,0.707,1
1772102429.028,62.50,1,0.707,1
1772102429.045,58.82,1,0.707,1
1772102429.062,58.82,1,0.707,1
1772102429.078,62.50,1,0.707,1
1772102429.095,58.82,1,0.707,1
1772102429.112,58.82,1,0.707,1
1772102429.129,58.82,1,0.707,1
1772102429.145,62.50,1,0.707,1
1772102429.162,58.82,1,0.707,1
1772102429.178,62.50,1,0.707,1
1772102429.195,58.82,1,0.707,1
1772102429.211,62.50,1,0.707,1
1772102429.228,58.82,1,0.707,1
1772102429.245,58.82,1,0.707,1
1772102429.261,62.50,1,0.707,1
1772102429.278,58.82,1,0.707,1
1772102429.295,62.50,1,0.707,1
1772102429.311,58.82,1,0.707,1
1772102429.328,58.82,1,0.707,1
1772102429.345,62.50,1,0.707,1
1772102429.361,58.82,1,0.707,1
1772102429.378,58.82,1,0.707,1
1772102429.395,58.82,1,0.707,1
1772102429.411,62.50,1,0.707,1
1772102429.428,58.82,1,0.707,1
1772102429.445,58.82,1,0.707,1
1772102429.462,58.82,1,0.707,1
1772102429.479,62.50,1,0.707,1
1772102429.495,58.82,1,0.707,1
1772102429.512,58.82,1,0.707,1
1772102429.528,62.50,1,0.707,1
1772102429.545,58.82,1,0.707,1
1772102429.561,62.50,1,0.707,1
1772102429.578,58.82,1,0.707,1
1772102429.595,58.82,1,0.707,1
1772102429.612,58.82,1,0.707,1
1772102429.629,58.82,1,0.707,1
1772102429.645,62.50,1,0.707,1
1772102429.662,58.82,1,0.707,1
1772102429.679,58.82,1,0.707,1
1772102429.695,62.50,1,0.707,1
1772102429.712,58.82,1,0.707,1
1772102429.729,58.82,1,0.707,1
1772102429.745,62.50,1,0.707,1
1772102429.762,58.82,1,0.707,1
1772102429.778,62.50,1,0.707,1
1772102429.795,58.82,1,0.707,1
1772102429.812,58.82,1,0.707,1
1772102429.829,58.82,1,0.707,1
1772102429.846,58.82,1,0.707,1
1772102429.862,62.50,1,0.707,1
1772102429.879,58.82,1,0.707,1
1772102429.895,62.50,1,0.707,1
1772102429.912,58.82,1,0.707,1
1772102429.929,62.50,1,0.707,1
1772102429.945,58.82,1,0.707,1
1772102429.962,58.82,1,0.707,1
1772102429.978,62.50,1,0.707,1
1772102429.995,58.82,1,0.707,1
1772102430.012,58.82,1,0.707,1
1772102430.028,62.50,1,0.707,1
1772102430.045,58.82,1,0.707,1
1772102430.062,58.82,1,0.707,1
1772102430.078,62.50,1,0.707,1
1772102430.095,58.82,1,0.707,1
1772102430.112,58.82,1,0.707,1
1772102430.128,62.50,1,0.707,1
1772102430.145,58.82,1,0.707,1
1772102430.161,62.50,1,0.707,1
1772102430.178,58.82,1,0.707,1
1772102430.195,58.82,1,0.707,1
1772102430.212,58.82,1,0.707,1
1772102430.229,58.82,1,0.707,1
1772102430.245,62.50,1,0.707,1
1772102430.262,58.82,1,0.707,1
1772102430.279,58.82,1,0.707,1
1772102430.296,58.82,1,0.707,1
1772102430.312,62.50,1,0.707,1
1772102430.329,58.82,1,0.707,1
1772102430.346,62.50,1,0.707,1
1772102430.362,58.82,1,0.707,1
1772102430.379,58.82,1,0.707,1
1772102430.395,62.50,1,0.707,1
1772102430.412,58.82,1,0.707,1
1772102430.428,62.50,1,0.707,1
1772102430.445,58.82,1,0.707,1
1772102430.461,62.50,1,0.707,1
1772102430.478,58.82,1,0.707,1
1772102430.495,58.82,1,0.707,1
1772102430.511,62.50,1,0.707,1
1772102430.528,58.82,1,0.707,1
1772102430.545,62.50,1,0.707,1
1772102430.561,58.82,1,0.707,1
1772102430.578,58.82,1,0.707,1
1772102430.596,55.56,1,0.707,1
1772102430.613,58.82,1,0.707,1
1772102430.629,62.50,1,0.707,1
1772102430.646,58.82,1,0.707,1
1772102430.663,58.82,1,0.707,1
1772102430.679,62.50,1,0.707,1
1772102430.696,58.82,1,0.707,1
1772102430.713,58.82,1,0.707,1
1772102430.729,62.50,1,0.707,1
1772102430.746,58.82,1,0.707,1
1772102430.763,62.50,1,0.707,1
1772102430.779,58.82,1,0.707,1
1772102430.796,58.82,1,0.707,1
1772102430.812,62.50,1,0.707,1
1772102430.829,58.82,1,0.707,1
1772102430.846,58.82,1,0.707,1
1772102430.862,62.50,1,0.707,1
1772102430.879,58.82,1,0.707,1
1772102430.895,62.50,1,0.707,1
1772102430.912,58.82,1,0.707,1
1772102430.928,62.50,1,0.707,1
1772102430.945,58.82,1,0.707,1
1772102430.962,62.50,1,0.707,1
1772102430.978,58.82,1,0.707,1
1772102430.995,58.82,1,0.707,1
1772102431.012,62.50,1,0.707,1
1772102431.028,58.82,1,0.707,1
1772102431.045,58.82,1,0.707,1
1772102431.061,62.50,1,0.707,1
1772102431.078,58.82,1,0.707,1
1772102431.095,58.82,1,0.707,1
1772102431.112,58.82,1,0.707,1
1772102431.129,58.82,1,0.707,1
1772102431.145,62.50,1,0.707,1
1772102431.162,58.82,1,0.707,1
1772102431.178,62.50,1,0.707,1
1772102431.195,58.82,1,0.707,1
1772102431.212,58.82,1,0.707,1
1772102431.228,62.50,1,0.707,1
1772102431.245,58.82,1,0.707,1
1772102431.261,62.50,1,0.707,1
1772102431.278,58.82,1,0.707,1
1772102431.295,58.82,1,0.707,1
1772102431.311,62.50,1,0.707,1
1772102431.328,58.82,1,0.707,1
1772102431.345,58.82,1,0.707,1
1772102431.362,58.82,1,0.707,1
1772102431.378,62.50,1,0.707,1
1772102431.395,58.82,1,0.707,1
1772102431.412,58.82,1,0.707,1
1772102431.429,58.82,1,0.707,1
1772102431.446,58.82,1,0.707,1
1772102431.462,62.50,1,0.707,1
1772102431.479,58.82,1,0.707,1
1772102431.496,62.50,1,0.707,1
1772102431.512,58.82,1,0.707,1
1772102431.529,58.82,1,0.707,1
1772102431.545,62.50,1,0.707,1
1772102431.562,58.82,1,0.707,1
1772102431.579,58.82,1,0.707,1
1772102431.595,62.50,1,0.707,1
1772102431.612,58.82,1,0.707,1
1772102431.629,62.50,1,0.707,1
1772102431.646,55.56,1,0.707,1
1772102431.663,58.82,1,0.707,1
1772102431.679,62.50,1,0.707,1
1772102431.696,58.82,1,0.707,1
1772102431.713,58.82,1,0.707,1
1772102431.729,62.50,1,0.707,1
1772102431.746,58.82,1,0.707,1
1772102431.763,58.82,1,0.707,1
1772102431.780,62.50,1,0.707,1
1772102431.796,58.82,1,0.707,1
1772102431.813,58.82,1,0.707,1
1772102431.830,58.82,1,0.707,1
1772102431.846,62.50,1,0.707,1
1772102431.863,58.82,1,0.707,1
1772102431.880,62.50,1,0.707,1
1772102431.896,58.82,1,0.707,1
1772102431.913,58.82,1,0.707,1
1772102431.930,62.50,1,0.707,1
1772102431.946,58.82,1,0.707,1
1772102431.963,58.82,1,0.707,1
1772102431.979,62.50,1,0.707,1
1772102431.996,58.82,1,0.707,1
1772102432.013,62.50,1,0.707,1
1772102432.029,58.82,1,0.707,1
1772102432.046,58.82,1,0.707,1
1772102432.062,62.50,1,0.707,1
1772102432.079,58.82,1,0.707,1
1772102432.095,62.50,1,0.707,1
1772102432.112,58.82,1,0.707,1
1772102432.128,62.50,1,0.707,1
1772102432.145,58.82,1,0.707,1
1772102432.162,58.82,1,0.707,1
1772102432.178,62.50,1,0.707,1
1772102432.195,58.82,1,0.707,1
1772102432.212,58.82,1,0.707,1
1772102432.228,62.50,1,0.707,1
1772102432.245,58.82,1,0.707,1
1772102432.261,62.50,1,0.707,1
1772102432.278,58.82,1,0.707,1
1772102432.295,58.82,1,0.707,1
1772102432.311,62.50,1,0.707,1
1772102432.328,58.82,1,0.707,1
1772102432.345,58.82,1,0.707,1
1772102432.362,58.82,1,0.707,1
1772102432.378,62.50,1,0.707,1
1772102432.395,58.82,1,0.707,1
1772102432.412,58.82,1,0.707,1
1772102432.429,58.82,1,0.707,1
1772102432.446,58.82,1,0.707,1
1772102432.462,62.50,1,0.707,1
1772102432.479,58.82,1,0.707,1
1772102432.496,58.82,1,0.707,1
1772102432.512,62.50,1,0.707,1
1772102432.529,58.82,1,0.707,1
1772102432.546,62.50,1,0.707,1
1772102432.562,58.82,1,0.707,1
1772102432.579,58.82,1,0.707,1
1772102432.595,62.50,1,0.707,1
1772102432.612,58.82,1,0.707,1
1772102432.629,62.50,1,0.707,1
1772102432.645,58.82,1,0.707,1
1772102432.662,58.82,1,0.707,1
1772102432.678,62.50,1,0.707,1
1772102432.695,58.82,1,0.707,1
1772102432.712,58.82,1,0.707,1
1772102432.728,62.50,1,0.707,1
1772102432.745,58.82,1,0.707,1
1772102432.762,58.82,1,0.707,1
1772102432.778,62.50,1,0.707,1
1772102432.796,58.82,1,0.707,1
1772102432.812,58.82,1,0.707,1
1772102432.829,58.82,1,0.707,1
1772102432.846,62.50,1,0.707,1
1772102432.862,58.82,1,0.707,1
1772102432.879,58.82,1,0.707,1
1772102432.895,62.50,1,0.707,1
1772102432.912,58.82,1,0.707,1
1772102432.929,58.82,1,0.707,1
1772102432.945,62.50,1,0.707,1
1772102432.962,58.82,1,0.707,1
1772102432.979,62.50,1,0.707,1
1772102432.995,58.82,1,0.707,1
1772102433.011,62.50,1,0.707,1
1772102433.028,58.82,1,0.707,1
1772102433.045,58.82,1,0.707,1
1772102433.062,62.50,1,0.707,1
1772102433.078,58.82,1,0.707,1
1772102433.095,58.82,1,0.707,1
1772102433.112,58.82,1,0.707,1
1772102433.128,62.50,1,0.707,1
1772102433.145,58.82,1,0.707,1
1772102433.161,62.50,1,0.707,1
1772102433.178,58.82,1,0.707,1
1772102433.195,62.50,1,0.707,1
1772102433.211,58.82,1,0.707,1
1772102433.228,58.82,1,0.707,1
1772102433.245,58.82,1,0.707,1
1772102433.261,62.50,1,0.707,1
1772102433.278,58.82,1,0.707,1
1772102433.295,58.82,1,0.707,1
1772102433.312,62.50,1,0.707,1
1772102433.328,58.82,1,0.707,1
1772102433.345,58.82,1,0.707,1
1772102433.361,62.50,1,0.707,1
1772102433.378,58.82,1,0.707,1
1772102433.395,58.82,1,0.707,1
1772102433.412,58.82,1,0.707,1
1772102433.429,62.50,1,0.707,1
1772102433.445,58.82,1,0.707,1
1772102433.462,58.82,1,0.707,1
1772102433.479,58.82,1,0.707,1
1772102433.495,62.50,1,0.707,1
1772102433.512,58.82,1,0.707,1
1772102433.528,62.50,1,0.707,1
1772102433.545,58.82,1,0.707,1
1772102433.562,58.82,1,0.707,1
1772102433.578,62.50,1,0.707,1
1772102433.595,58.82,1,0.707,1
1772102433.612,58.82,1,0.707,1
1772102433.629,58.82,1,0.707,1
1772102433.645,62.50,1,0.707,1
1772102433.662,58.82,1,0.707,1
1772102433.679,62.50,1,0.707,1
1772102433.695,58.82,1,0.707,1
1772102433.712,58.82,1,0.707,1
1772102433.728,62.50,1,0.707,1
1772102433.745,58.82,1,0.707,1
1772102433.761,62.50,1,0.707,1
1772102433.778,58.82,1,0.707,1
1772102433.795,58.82,1,0.707,1
1772102433.811,62.50,1,0.707,1
1772102433.828,58.82,1,0.707,1
1772102433.845,58.82,1,0.707,1
1772102433.861,62.50,1,0.707,1
1772102433.878,58.82,1,0.707,1
1772102433.895,58.82,1,0.707,1
1772102433.912,58.82,1,0.707,1
1772102433.929,58.82,1,0.707,1
1772102433.945,62.50,1,0.707,1
1772102433.962,58.82,1,0.707,1
1772102433.979,62.50,1,0.707,1
1772102433.995,58.82,1,0.707,1
1772102434.012,58.82,1,0.707,1
1772102434.029,62.50,1,0.707,1
1772102434.045,58.82,1,0.707,1
1772102434.062,58.82,1,0.707,1
1772102434.078,62.50,1,0.707,1
1772102434.095,58.82,1,0.707,1
1772102434.112,58.82,1,0.707,1
1772102434.129,58.82,1,0.707,1
1772102434.146,58.82,1,0.707,1
1772102434.162,62.50,1,0.707,1
1772102434.179,58.82,1,0.707,1
1772102434.196,58.82,1,0.707,1
1772102434.212,62.50,1,0.707,1
1772102434.229,58.82,1,0.707,1
1772102434.246,58.82,1,0.707,1
1772102434.262,62.50,1,0.707,1
1772102434.279,58.82,1,0.707,1
1772102434.296,58.82,1,0.707,1
1772102434.312,62.50,1,0.707,1
1772102434.329,58.82,1,0.707,1
1772102434.345,62.50,1,0.707,1
1772102434.362,58.82,1,0.707,1
1772102434.379,58.82,1,0.707,1
1772102434.395,62.50,1,0.707,1
1772102434.412,58.82,1,0.707,1
1772102434.428,62.50,1,0.707,1
1772102434.445,58.82,1,0.707,1
1772102434.462,62.50,1,0.707,1
1772102434.478,58.82,1,0.707,1
1772102434.495,58.82,1,0.707,1
1772102434.511,62.50,1,0.707,1
1772102434.528,58.82,1,0.707,1
1772102434.545,58.82,1,0.707,1
1772102434.562,58.82,1,0.707,1
1772102434.579,58.82,1,0.707,1
1772102434.596,58.82,1,0.707,1
1772102434.613,62.50,1,0.707,1
1772102434.629,58.82,1,0.707,1
1772102434.646,58.82,1,0.707,1
1772102434.663,58.82,1,0.707,1
1772102434.679,62.50,1,0.707,1
1772102434.696,58.82,1,0.707,1
1772102434.712,62.50,1,0.707,1
1772102434.729,58.82,1,0.707,1
1772102434.745,62.50,1,0.707,1
1772102434.762,58.82,1,0.707,1
1772102434.778,62.50,1,0.707,1
1772102434.795,58.82,1,0.707,1
1772102434.811,62.50,1,0.707,1
1772102434.828,58.82,1,0.707,1
1772102434.845,58.82,1,0.707,1
1772102434.861,62.50,1,0.707,1
1772102434.878,58.82,1,0.707,1
1772102434.895,58.82,1,0.707,1
1772102434.912,58.82,1,0.707,1
1772102434.928,62.50,1,0.707,1
1772102434.945,58.82,1,0.707,1
1772102434.962,58.82,1,0.707,1
1772102434.978,62.50,1,0.707,1
1772102434.995,58.82,1,0.707,1
1772102435.011,62.50,1,0.707,1
1772102435.028,58.82,1,0.707,1
1772102435.045,58.82,1,0.707,1
1772102435.061,62.50,1,0.707,1
1772102435.078,58.82,1,0.707,1
1772102435.095,62.50,1,0.707,1
1772102435.111,58.82,1,0.707,1
1772102435.128,58.82,1,0.707,1
1772102435.145,62.50,1,0.707,1
1772102435.161,58.82,1,0.707,1
1772102435.178,58.82,1,0.707,1
1772102435.195,58.82,1,0.707,1
1772102435.212,58.82,1,0.707,1
1772102435.229,58.82,1,0.707,1
1772102435.246,58.82,1,0.707,1
1772102435.262,62.50,1,0.707,1
1772102435.279,58.82,1,0.707,1
1772102435.295,62.50,1,0.707,1
1772102435.312,58.82,1,0.707,1
1772102435.328,62.50,1,0.707,1
1772102435.345,58.82,1,0.707,1
1772102435.362,58.82,1,0.707,1
1772102435.378,62.50,1,0.707,1
1772102435.395,58.82,1,0.707,1
1772102435.411,62.50,1,0.707,1
1772102435.428,58.82,1,0.707,1
1772102435.445,58.82,1,0.707,1
1772102435.462,58.82,1,0.707,1
1772102435.478,62.50,1,0.707,1
1772102435.495,58.82,1,0.707,1
1772102435.512,58.82,1,0.707,1
1772102435.528,62.50,1,0.707,1
1772102435.545,58.82,1,0.707,1
1772102435.562,62.50,1,0.707,1
1772102435.578,58.82,1,0.707,1
1772102435.595,58.82,1,0.707,1
1772102435.612,58.82,1,0.707,1
1772102435.629,58.82,1,0.707,1
1772102435.645,62.50,1,0.707,1
1772102435.662,58.82,1,0.707,1
1772102435.679,58.82,1,0.707,1
1772102435.696,62.50,1,0.707,1
1772102435.712,58.82,1,0.707,1
1772102435.729,58.82,1,0.707,1
1772102435.745,62.50,1,0.707,1
1772102435.762,58.82,1,0.707,1
1772102435.779,58.82,1,0.707,1
1772102435.796,62.50,1,0.707,1
1772102435.812,58.82,1,0.707,1
1772102435.829,58.82,1,0.707,1
1772102435.845,62.50,1,0.707,1
1772102435.862,58.82,1,0.707,1
1772102435.878,62.50,1,0.707,1
1772102435.895,58.82,1,0.707,1
1772102435.912,58.82,1,0.707,1
1772102435.929,58.82,1,0.707,1
1772102435.945,62.50,1,0.707,1
1772102435.962,58.82,1,0.707,1
1772102435.979,62.50,1,0.707,1
1772102435.995,58.82,1,0.707,1
1772102436.012,58.82,1,0.707,1
1772102436.028,62.50,1,0.707,1
1772102436.045,58.82,1,0.707,1
1772102436.062,58.82,1,0.707,1
1772102436.079,58.82,1,0.707,1
1772102436.096,58.82,1,0.707,1
1772102436.112,62.50,1,0.707,1
1772102436.129,58.82,1,0.707,1
1772102436.145,62.50,1,0.707,1
1772102436.162,58.82,1,0.707,1
1772102436.179,58.82,1,0.707,1
1772102436.195,62.50,1,0.707,1
1772102436.212,58.82,1,0.707,1
1772102436.228,62.50,1,0.707,1
1772102436.245,58.82,1,0.707,1
1772102436.262,58.82,1,0.707,1
1772102436.279,58.82,1,0.707,1
1772102436.295,62.50,1,0.707,1
1772102436.312,58.82,1,0.707,1
1772102436.329,58.82,1,0.707,1
1772102436.345,62.50,1,0.707,1
1772102436.362,58.82,1,0.707,1
1772102436.378,62.50,1,0.707,1
1772102436.395,58.82,1,0.707,1
1772102436.411,62.50,1,0.707,1
1772102436.428,58.82,1,0.707,1
1772102436.444,62.50,1,0.707,1
1772102436.461,58.82,1,0.707,1
1772102436.478,58.82,1,0.707,1
1772102436.494,62.50,1,0.707,1
1772102436.511,58.82,1,0.707,1
1772102436.528,58.82,1,0.707,1
1772102436.545,58.82,1,0.707,1
1772102436.561,62.50,1,0.707,1
1772102436.578,58.82,1,0.707,1
1772102436.595,58.82,1,0.707,1
1772102436.611,62.50,1,0.707,1
1772102436.628,58.82,1,0.707,1
1772102436.645,58.82,1,0.707,1
1772102436.662,58.82,1,0.707,1
1772102436.679,58.82,1,0.707,1
1772102436.695,62.50,1,0.707,1
1772102436.712,58.82,1,0.707,1
1772102436.729,58.82,1,0.707,1
1772102436.745,62.50,1,0.707,1
1772102436.762,58.82,1,0.707,1
1772102436.778,62.50,1,0.707,1
1772102436.795,58.82,1,0.707,1
1772102436.812,58.82,1,0.707,1
1772102436.828,62.50,1,0.707,1
1772102436.845,58.82,1,0.707,1
1772102436.861,62.50,1,0.707,1
1772102436.878,58.82,1,0.707,1
1772102436.895,58.82,1,0.707,1
1772102436.912,58.82,1,0.707,1
1772102436.929,58.82,1,0.707,1
1772102436.945,62.50,1,0.707,1
1772102436.962,58.82,1,0.707,1
1772102436.979,58.82,1,0.707,1
1772102436.995,62.50,1,0.707,1
1772102437.012,58.82,1,0.707,1
1772102437.029,58.82,1,0.707,1
1772102437.045,62.50,1,0.707,1
1772102437.062,58.82,1,0.707,1
1772102437.078,62.50,1,0.707,1
1772102437.095,58.82,1,0.707,1
1772102437.111,62.50,1,0.707,1
1772102437.129,55.56,1,0.707,1
1772102437.146,58.82,1,0.707,1
1772102437.162,62.50,1,0.707,1
1772102437.179,58.82,1,0.707,1
1772102437.196,58.82,1,0.707,1
1772102437.212,62.50,1,0.707,1
1772102437.229,58.82,1,0.707,1
1772102437.245,62.50,1,0.707,1
1772102437.262,58.82,1,0.707,1
1772102437.279,58.82,1,0.707,1
1772102437.295,62.50,1,0.707,1
1772102437.312,58.82,1,0.707,1
1772102437.328,62.50,1,0.707,1
1772102437.345,58.82,1,0.707,1
1772102437.362,58.82,1,0.707,1
1772102437.379,58.82,1,0.707,1
1772102437.396,58.82,1,0.707,1
1772102437.412,62.50,1,0.707,1
1772102437.429,58.82,1,0.707,1
1772102437.446,62.50,1,0.707,1
1772102437.462,58.82,1,0.707,1
1772102437.479,58.82,1,0.707,1
1772102437.495,62.50,1,0.707,1
1772102437.512,58.82,1,0.707,1
1772102437.528,62.50,1,0.707,1
1772102437.545,58.82,1,0.707,1
1772102437.562,58.82,1,0.707,1
1772102437.579,58.82,1,0.707,1
1772102437.596,62.50,1,0.707,1
1772102437.612,58.82,1,0.707,1
1772102437.629,58.82,1,0.707,1
1772102437.645,62.50,1,0.707,1
1772102437.662,58.82,1,0.707,1
1772102437.679,58.82,1,0.707,1
1772102437.695,62.50,1,0.707,1
1772102437.712,58.82,1,0.707,1
1772102437.729,58.82,1,0.707,1
1772102437.745,62.50,1,0.707,1
1772102437.762,58.82,1,0.707,1
1772102437.779,58.82,1,0.707,1
1772102437.796,58.82,1,0.707,1
1772102437.813,58.82,1,0.707,1
1772102437.829,62.50,1,0.707,1
1772102437.846,58.82,1,0.707,1
1772102437.862,62.50,1,0.707,1
1772102437.879,58.82,1,0.707,1
1772102437.896,58.82,1,0.707,1
1772102437.912,62.50,1,0.707,1
1772102437.929,58.82,1,0.707,1
1772102437.945,62.50,1,0.707,1
1772102437.962,58.82,1,0.707,1
1772102437.978,62.50,1,0.707,1
1772102437.995,58.82,1,0.707,1
1772102438.012,58.82,1,0.707,1
1772102438.028,62.50,1,0.707,1
1772102438.045,58.82,1,0.707,1
1772102438.062,62.50,1,0.707,1
1772102438.078,58.82,1,0.707,1
1772102438.095,58.82,1,0.707,1
1772102438.112,62.50,1,0.707,1
1772102438.128,58.82,1,0.707,1
1772102438.145,58.82,1,0.707,1
1772102438.161,62.50,1,0.707,1
1772102438.178,58.82,1,0.707,1
1772102438.194,62.50,1,0.707,1
1772102438.211,58.82,1,0.707,1
1772102438.228,58.82,1,0.707,1
1772102438.245,62.50,1,0.707,1
1772102438.261,58.82,1,0.707,1
1772102438.278,58.82,1,0.707,1
1772102438.294,62.50,1,0.707,1
1772102438.311,58.82,1,0.707,1
1772102438.328,58.82,1,0.707,1
1772102438.345,58.82,1,0.707,1
1772102438.362,58.82,1,0.707,1
1772102438.379,58.82,1,0.707,1
1772102438.396,58.82,1,0.707,1
1772102438.413,62.50,1,0.707,1
1772102438.429,58.82,1,0.707,1
1772102438.446,58.82,1,0.707,1
1772102438.462,62.50,1,0.707,1
1772102438.479,58.82,1,0.707,1
1772102438.495,62.50,1,0.707,1
1772102438.512,58.82,1,0.707,1
1772102438.529,62.50,1,0.707,1
1772102438.545,58.82,1,0.707,1
1772102438.562,62.50,1,0.707,1
1772102438.578,58.82,1,0.707,1
1772102438.595,62.50,1,0.707,1
1772102438.611,58.82,1,0.707,1
1772102438.628,58.82,1,0.707,1
1772102438.645,58.82,1,0.707,1
1772102438.662,58.82,1,0.707,1
1772102438.678,62.50,1,0.707,1
1772102438.695,58.82,1,0.707,1
1772102438.712,58.82,1,0.707,1
1772102438.729,58.82,1,0.707,1
1772102438.746,62.50,1,0.707,1
1772102438.762,58.82,1,0.707,1
1772102438.779,58.82,1,0.707,1
1772102438.795,62.50,1,0.707,1
1772102438.812,58.82,1,0.707,1
1772102438.829,62.50,1,0.707,1
1772102438.845,58.82,1,0.707,1
1772102438.862,62.50,1,0.707,1
1772102438.878,58.82,1,0.707,1
1772102438.896,58.82,1,0.707,1
1772102438.912,58.82,1,0.707,1
1772102438.929,58.82,1,0.707,1
1772102438.945,62.50,1,0.707,1
1772102438.962,58.82,1,0.707,1
1772102438.979,58.82,1,0.707,1
1772102438.995,62.50,1,0.707,1
1772102439.012,58.82,1,0.707,1
1772102439.029,58.82,1,0.707,1
1772102439.045,62.50,1,0.707,1
1772102439.062,58.82,1,0.707,1
1772102439.079,58.82,1,0.707,1
1772102439.095,62.50,1,0.707,1
1772102439.112,58.82,1,0.707,1
1772102439.128,62.50,1,0.707,1
1772102439.145,58.82,1,0.707,1
1772102439.162,62.50,1,0.707,1
1772102439.178,58.82,1,0.707,1
1772102439.195,58.82,1,0.707,1
1772102439.211,62.50,1,0.707,1
1772102439.228,58.82,1,0.707,1
1772102439.245,58.82,1,0.707,1
1772102439.262,58.82,1,0.707,1
1772102439.278,62.50,1,0.707,1
1772102439.295,58.82,1,0.707,1
1772102439.311,62.50,1,0.707,1
1772102439.328,58.82,1,0.707,1
1772102439.345,58.82,1,0.707,1
1772102439.362,58.82,1,0.707,1
1772102439.378,62.50,1,0.707,1
1772102439.395,58.82,1,0.707,1
1772102439.411,62.50,1,0.707,1
1772102439.428,58.82,1,0.707,1
1772102439.445,58.82,1,0.707,1
1772102439.462,58.82,1,0.707,1
1772102439.479,62.50,1,0.707,1
1772102439.495,58.82,1,0.707,1
1772102439.512,58.82,1,0.707,1
1772102439.528,62.50,1,0.707,1
1772102439.545,58.82,1,0.707,1
1772102439.562,62.50,1,0.707,1
1772102439.578,58.82,1,0.707,1
1772102439.595,58.82,1,0.707,1
1772102439.611,62.50,1,0.707,1
1772102439.628,58.82,1,0.707,1
1772102439.645,58.82,1,0.707,1
1772102439.662,58.82,1,0.707,1
1772102439.679,58.82,1,0.707,1
1772102439.695,62.50,1,0.707,1
1772102439.712,58.82,1,0.707,1
1772102439.728,62.50,1,0.707,1
1772102439.745,58.82,1,0.707,1
1772102439.761,62.50,1,0.707,1
1772102439.778,58.82,1,0.707,1
1772102439.795,58.82,1,0.707,1
1772102439.812,62.50,1,0.707,1
1772102439.828,58.82,1,0.707,1
1772102439.845,58.82,1,0.707,1
1772102439.862,58.82,1,0.707,1
1772102439.878,62.50,1,0.707,1
1772102439.895,58.82,1,0.707,1
1772102439.912,62.50,1,0.707,1
1772102439.928,58.82,1,0.707,1
1772102439.945,58.82,1,0.707,1
1772102439.962,58.82,1,0.707,1
1772102439.978,62.50,1,0.707,1
1772102439.995,58.82,1,0.707,1
1772102440.011,62.50,1,0.707,1
1772102440.028,58.82,1,0.707,1
1772102440.045,58.82,1,0.707,1
1772102440.062,58.82,1,0.707,1
1772102440.079,58.82,1,0.707,1
1772102440.095,62.50,1,0.707,1
1772102440.112,58.82,1,0.707,1
1772102440.129,58.82,1,0.707,1
1772102440.145,62.50,1,0.707,1
1772102440.162,58.82,1,0.707,1
1772102440.178,62.50,1,0.707,1
1772102440.195,58.82,1,0.707,1
1772102440.212,62.50,1,0.707,1
1772102440.228,58.82,1,0.707,1
1772102440.245,58.82,1,0.707,1
1772102440.261,62.50,1,0.707,1
1772102440.278,58.82,1,0.707,1
1772102440.295,58.82,1,0.707,1
1772102440.312,58.82,1,0.707,1
1772102440.328,62.50,1,0.707,1
1772102440.345,58.82,1,0.707,1
1772102440.361,62.50,1,0.707,1
1772102440.378,58.82,1,0.707,1
1772102440.395,58.82,1,0.707,1
1772102440.411,62.50,1,0.707,1
1772102440.429,55.56,1,0.707,1
1772102440.445,62.50,1,0.707,1
1772102440.462,58.82,1,0.707,1
1772102440.478,62.50,1,0.707,1
1772102440.495,58.82,1,0.707,1
1772102440.511,62.50,1,0.707,1
1772102440.528,58.82,1,0.707,1
1772102440.545,58.82,1,0.707,1
1772102440.562,58.82,1,0.707,1
1772102440.578,62.50,1,0.707,1
1772102440.595,58.82,1,0.707,1
1772102440.611,62.50,1,0.707,1
1772102440.628,58.82,1,0.707,1
1772102440.645,58.82,1,0.707,1
1772102440.662,58.82,1,0.707,1
1772102440.678,62.50,1,0.707,1
1772102440.695,58.82,1,0.707,1
1772102440.712,58.82,1,0.707,1
1772102440.728,62.50,1,0.707,1
1772102440.745,58.82,1,0.707,1
1772102440.762,58.82,1,0.707,1
1772102440.779,58.82,1,0.707,1
1772102440.796,58.82,1,0.707,1
1772102440.812,62.50,1,0.707,1
1772102440.829,58.82,1,0.707,1
1772102440.845,62.50,1,0.707,1
1772102440.862,58.82,1,0.707,1
1772102440.878,62.50,1,0.707,1
1772102440.895,58.82,1,0.707,1
1772102440.912,62.50,1,0.707,1
1772102440.928,58.82,1,0.707,1
1772102440.945,58.82,1,0.707,1
1772102440.962,58.82,1,0.707,1
1772102440.979,58.82,1,0.707,1
1772102440.995,62.50,1,0.707,1
1772102441.012,58.82,1,0.707,1
1772102441.028,62.50,1,0.707,1
1772102441.045,58.82,1,0.707,1
1772102441.062,58.82,1,0.707,1
1772102441.078,62.50,1,0.707,1
1772102441.095,58.82,1,0.707,1
1772102441.112,62.50,1,0.707,1
1772102441.128,58.82,1,0.707,1
1772102441.145,58.82,1,0.707,1
1772102441.162,58.82,1,0.707,1
1772102441.178,62.50,1,0.707,1
1772102441.195,58.82,1,0.707,1
1772102441.212,58.82,1,0.707,1
1772102441.229,58.82,1,0.707,1
1772102441.245,62.50,1,0.707,1
1772102441.262,58.82,1,0.707,1
1772102441.279,62.50,1,0.707,1
1772102441.295,58.82,1,0.707,1
1772102441.312,58.82,1,0.707,1
1772102441.328,62.50,1,0.707,1
1772102441.345,58.82,1,0.707,1
1772102441.362,58.82,1,0.707,1
1772102441.378,62.50,1,0.707,1
1772102441.395,58.82,1,0.707,1
1772102441.412,58.82,1,0.707,1
1772102441.429,58.82,1,0.707,1
1772102441.446,58.82,1,0.707,1
1772102441.462,62.50,1,0.707,1
1772102441.479,58.82,1,0.707,1
1772102441.496,58.82,1,0.707,1
1772102441.512,62.50,1,0.707,1
1772102441.529,58.82,1,0.707,1
1772102441.545,62.50,1,0.707,1
1772102441.562,58.82,1,0.707,1
1772102441.579,58.82,1,0.707,1
1772102441.595,62.50,1,0.707,1
1772102441.612,58.82,1,0.707,1
1772102441.628,62.50,1,0.707,1
1772102441.645,58.82,1,0.707,1
1772102441.661,62.50,1,0.707,1
1772102441.678,58.82,1,0.707,1
1772102441.695,58.82,1,0.707,1
1772102441.712,58.82,1,0.707,1
1772102441.729,62.50,1,0.707,1
1772102441.745,58.82,1,0.707,1
1772102441.762,58.82,1,0.707,1
1772102441.778,62.50,1,0.707,1
1772102441.795,58.82,1,0.707,1
1772102441.812,58.82,1,0.707,1
1772102441.828,62.50,1,0.707,1
1772102441.845,58.82,1,0.707,1
1772102441.862,58.82,1,0.707,1
1772102441.878,62.50,1,0.707,1
1772102441.895,58.82,1,0.707,1
1772102441.912,58.82,1,0.707,1
1772102441.929,58.82,1,0.707,1
1772102441.946,58.82,1,0.707,1
1772102441.962,62.50,1,0.707,1
1772102441.979,58.82,1,0.707,1
1772102441.996,58.82,1,0.707,1
1772102442.012,62.50,1,0.707,1
1772102442.029,58.82,1,0.707,1
1772102442.046,58.82,1,0.707,1
1772102442.062,62.50,1,0.707,1
1772102442.079,58.82,1,0.707,1
1772102442.095,62.50,1,0.707,1
1772102442.112,58.82,1,0.707,1
1772102442.128,62.50,1,0.707,1
1772102442.145,58.82,1,0.707,1
1772102442.161,62.50,1,0.707,1
1772102442.178,58.82,1,0.707,1
1772102442.195,58.82,1,0.707,1
1772102442.211,62.50,1,0.707,1
1772102442.228,58.82,1,0.707,1
1772102442.245,58.82,1,0.707,1
1772102442.262,58.82,1,0.707,1
1772102442.279,58.82,1,0.707,1
1772102442.295,62.50,1,0.707,1
1772102442.312,58.82,1,0.707,1
1772102442.329,62.50,1,0.707,1
1772102442.345,58.82,1,0.707,1
1772102442.362,62.50,1,0.707,1
1772102442.378,58.82,1,0.707,1
1772102442.395,58.82,1,0.707,1
1772102442.411,62.50,1,0.707,1
1772102442.428,58.82,1,0.707,1
1772102442.444,62.50,1,0.707,1
1772102442.461,58.82,1,0.707,1
1772102442.478,58.82,1,0.707,1
1772102442.495,58.82,1,0.707,1
1772102442.512,58.82,1,0.707,1
1772102442.528,62.50,1,0.707,1
1772102442.545,58.82,1,0.707,1
1772102442.562,62.50,1,0.707,1
1772102442.578,58.82,1,0.707,1
1772102442.595,58.82,1,0.707,1
1772102442.612,58.82,1,0.707,1
1772102442.628,62.50,1,0.707,1
1772102442.645,58.82,1,0.707,1
1772102442.661,62.50,1,0.707,1
1772102442.678,58.82,1,0.707,1
1772102442.695,58.82,1,0.707,1
1772102442.711,62.50,1,0.707,1
1772102442.728,58.82,1,0.707,1
1772102442.745,58.82,1,0.707,1
1772102442.762,58.82,1,0.707,1
1772102442.779,58.82,1,0.707,1
1772102442.795,62.50,1,0.707,1
1772102442.812,58.82,1,0.707,1
1772102442.829,58.82,1,0.707,1
1772102442.845,62.50,1,0.707,1
1772102442.862,58.82,1,0.707,1
1772102442.878,62.50,1,0.707,1
1772102442.895,58.82,1,0.707,1
1772102442.911,62.50,1,0.707,1
1772102442.928,58.82,1,0.707,1
1772102442.945,58.82,1,0.707,1
1772102442.962,58.82,1,0.707,1
1772102442.978,62.50,1,0.707,1
1772102442.995,58.82,1,0.707,1
1772102443.012,58.82,1,0.707,1
1772102443.030,55.56,1,0.707,1
1772102443.047,58.82,1,0.707,1
1772102443.065,55.56,1,0.707,1
1772102443.082,62.50,1,0.707,1
1772102443.098,58.82,1,0.707,1
1772102443.115,58.82,1,0.707,1
1772102443.131,62.50,1,0.707,1
1772102443.148,58.82,1,0.707,1
1772102443.164,62.50,1,0.707,1
1772102443.181,58.82,1,0.707,1
1772102443.197,62.50,1,0.707,1
1772102443.214,58.82,1,0.707,1
1772102443.230,62.50,1,0.707,1
1772102443.247,58.82,1,0.707,1
1772102443.264,58.82,1,0.707,1
1772102443.280,62.50,1,0.707,1
1772102443.297,58.82,1,0.707,1
1772102443.314,62.50,1,0.707,1
1772102443.330,58.82,1,0.707,1
1772102443.347,58.82,1,0.707,1
1772102443.363,62.50,1,0.707,1
1772102443.380,58.82,1,0.707,1
1772102443.396,62.50,1,0.707,1
1772102443.413,58.82,1,0.707,1
1772102443.429,62.50,1,0.707,1
1772102443.446,58.82,1,0.707,1
1772102443.463,62.50,1,0.707,1
1772102443.479,58.82,1,0.707,1
1772102443.496,62.50,1,0.707,1
1772102443.512,58.82,1,0.707,1
1772102443.529,58.82,1,0.707,1
1772102443.545,62.50,1,0.707,1
1772102443.562,58.82,1,0.707,1
1772102443.578,62.50,1,0.707,1
1772102443.595,58.82,1,0.707,1
1772102443.612,58.82,1,0.707,1
1772102443.629,58.82,1,0.707,1
1772102443.646,62.50,1,0.707,1
1772102443.662,58.82,1,0.707,1
1772102443.679,58.82,1,0.707,1
1772102443.695,62.50,1,0.707,1
1772102443.712,58.82,1,0.707,1
1772102443.728,62.50,1,0.707,1
1772102443.745,58.82,1,0.707,1
1772102443.762,62.50,1,0.707,1
1772102443.778,58.82,1,0.707,1
1772102443.795,58.82,1,0.707,1
1772102443.812,62.50,1,0.707,1
1772102443.828,58.82,1,0.707,1
1772102443.845,58.82,1,0.707,1
1772102443.861,62.50,1,0.707,1
1772102443.878,58.82,1,0.707,1
1772102443.894,62.50,1,0.707,1
1772102443.911,58.82,1,0.707,1
1772102443.928,58.82,1,0.707,1
1772102443.945,58.82,1,0.707,1
1772102443.962,62.50,1,0.707,1
1772102443.978,58.82,1,0.707,1
1772102443.995,58.82,1,0.707,1
1772102444.011,62.50,1,0.707,1
1772102444.028,58.82,1,0.707,1
1772102444.045,62.50,1,0.707,1
1772102444.061,58.82,1,0.707,1
1772102444.078,58.82,1,0.707,1
1772102444.095,58.82,1,0.707,1
1772102444.111,62.50,1,0.707,1
1772102444.128,58.82,1,0.707,1
1772102444.145,58.82,1,0.707,1
1772102444.161,62.50,1,0.707,1
1772102444.178,58.82,1,0.707,1
1772102444.195,58.82,1,0.707,1
1772102444.211,62.50,1,0.707,1
1772102444.228,58.82,1,0.707,1
1772102444.245,58.82,1,0.707,1
1772102444.262,58.82,1,0.707,1
1772102444.279,58.82,1,0.707,1
1772102444.296,58.82,1,0.707,1
1772102444.312,62.50,1,0.707,1
1772102444.329,58.82,1,0.707,1
1772102444.345,62.50,1,0.707,1
1772102444.362,58.82,1,0.707,1
1772102444.379,62.50,1,0.707,1
1772102444.395,58.82,1,0.707,1
1772102444.411,62.50,1,0.707,1
1772102444.428,58.82,1,0.707,1
1772102444.445,58.82,1,0.707,1
1772102444.461,62.50,1,0.707,1
1772102444.478,58.82,1,0.707,1
1772102444.495,58.82,1,0.707,1
1772102444.512,58.82,1,0.707,1
1772102444.528,62.50,1,0.707,1
1772102444.545,58.82,1,0.707,1
1772102444.562,62.50,1,0.707,1
1772102444.578,58.82,1,0.707,1
1772102444.595,58.82,1,0.707,1
1772102444.612,62.50,1,0.707,1
1772102444.629,55.56,1,0.707,1
1772102444.646,58.82,1,0.707,1
1772102444.662,62.50,1,0.707,1
1772102444.679,58.82,1,0.707,1
1772102444.695,62.50,1,0.707,1
1772102444.712,58.82,1,0.707,1
1772102444.728,62.50,1,0.707,1
1772102444.745,58.82,1,0.707,1
1772102444.762,58.82,1,0.707,1
1772102444.779,58.82,1,0.707,1
1772102444.795,62.50,1,0.707,1
1772102444.812,58.82,1,0.707,1
1772102444.829,58.82,1,0.707,1
1772102444.845,62.50,1,0.707,1
1772102444.862,58.82,1,0.707,1
1772102444.879,62.50,1,0.707,1
1772102444.895,58.82,1,0.707,1
1772102444.912,58.82,1,0.707,1
1772102444.928,62.50,1,0.707,1
1772102444.945,58.82,1,0.707,1
1772102444.962,58.82,1,0.707,1
1772102444.979,62.50,1,0.707,1
1772102444.995,58.82,1,0.707,1
1772102445.012,58.82,1,0.707,1
1772102445.028,62.50,1,0.707,1
1772102445.045,58.82,1,0.707,1
1772102445.062,58.82,1,0.707,1
1772102445.078,62.50,1,0.707,1
1772102445.095,58.82,1,0.707,1
1772102445.111,62.50,1,0.707,1
1772102445.129,55.56,1,0.707,1
1772102445.146,58.82,1,0.707,1
1772102445.162,62.50,1,0.707,1
1772102445.179,58.82,1,0.707,1
1772102445.195,62.50,1,0.707,1
1772102445.212,58.82,1,0.707,1
1772102445.228,62.50,1,0.707,1
1772102445.245,58.82,1,0.707,1
1772102445.262,62.50,1,0.707,1
1772102445.278,58.82,1,0.707,1
1772102445.295,58.82,1,0.707,1
1772102445.312,58.82,1,0.707,1
1772102445.329,58.82,1,0.707,1
1772102445.346,62.50,1,0.707,1
1772102445.362,58.82,1,0.707,1
1772102445.379,58.82,1,0.707,1
1772102445.395,62.50,1,0.707,1
1772102445.412,58.82,1,0.707,1
1772102445.429,58.82,1,0.707,1
1772102445.445,62.50,1,0.707,1
1772102445.462,58.82,1,0.707,1
1772102445.479,62.50,1,0.707,1
1772102445.495,58.82,1,0.707,1
1772102445.512,58.82,1,0.707,1
1772102445.528,62.50,1,0.707,1
1772102445.545,58.82,1,0.707,1
1772102445.562,58.82,1,0.707,1
1772102445.578,62.50,1,0.707,1
1772102445.596,55.56,1,0.707,1
1772102445.613,62.50,1,0.707,1
1772102445.629,58.82,1,0.707,1
1772102445.646,58.82,1,0.707,1
1772102445.662,62.50,1,0.707,1
1772102445.679,58.82,1,0.707,1
1772102445.696,62.50,1,0.707,1
1772102445.712,58.82,1,0.707,1
1772102445.729,58.82,1,0.707,1
1772102445.745,62.50,1,0.707,1
1772102445.762,58.82,1,0.707,1
1772102445.778,62.50,1,0.707,1
1772102445.795,58.82,1,0.707,1
1772102445.811,62.50,1,0.707,1
1772102445.828,58.82,1,0.707,1
1772102445.845,58.82,1,0.707,1
1772102445.862,58.82,1,0.707,1
1772102445.878,62.50,1,0.707,1
1772102445.895,58.82,1,0.707,1
1772102445.912,62.50,1,0.707,1
1772102445.928,58.82,1,0.707,1
1772102445.945,58.82,1,0.707,1
1772102445.961,62.50,1,0.707,1
1772102445.978,58.82,1,0.707,1
1772102445.995,58.82,1,0.707,1
1772102446.011,62.50,1,0.707,1
1772102446.028,58.82,1,0.707,1
1772102446.045,58.82,1,0.707,1
1772102446.062,58.82,1,0.707,1
1772102446.079,62.50,1,0.707,1
1772102446.095,58.82,1,0.707,1
1772102446.112,58.82,1,0.707,1
1772102446.129,58.82,1,0.707,1
1772102446.146,58.82,1,0.707,1
1772102446.163,62.50,1,0.707,1
1772102446.179,58.82,1,0.707,1
1772102446.196,58.82,1,0.707,1
1772102446.212,62.50,1,0.707,1
1772102446.229,58.82,1,0.707,1
1772102446.245,62.50,1,0.707,1
1772102446.262,58.82,1,0.707,1
1772102446.279,62.50,1,0.707,1
1772102446.295,58.82,1,0.707,1
1772102446.312,58.82,1,0.707,1
1772102446.328,62.50,1,0.707,1
1772102446.345,58.82,1,0.707,1
1772102446.362,58.82,1,0.707,1
1772102446.378,62.50,1,0.707,1
1772102446.395,58.82,1,0.707,1
1772102446.411,62.50,1,0.707,1
1772102446.428,58.82,1,0.707,1
1772102446.445,62.50,1,0.707,1
1772102446.461,58.82,1,0.707,1
1772102446.478,58.82,1,0.707,1
1772102446.494,62.50,1,0.707,1
1772102446.512,55.56,1,0.707,1
1772102446.529,58.82,1,0.707,1
1772102446.545,62.50,1,0.707,1
1772102446.562,58.82,1,0.707,1
1772102446.579,58.82,1,0.707,1
1772102446.595,62.50,1,0.707,1
1772102446.612,58.82,1,0.707,1
1772102446.628,62.50,1,0.707,1
1772102446.645,58.82,1,0.707,1
1772102446.661,62.50,1,0.707,1
1772102446.678,58.82,1,0.707,1
1772102446.695,58.82,1,0.707,1
1772102446.712,58.82,1,0.707,1
1772102446.728,62.50,1,0.707,1
1772102446.745,58.82,1,0.707,1
1772102446.761,62.50,1,0.707,1
1772102446.778,58.82,1,0.707,1
1772102446.795,58.82,1,0.707,1
1772102446.811,62.50,1,0.707,1
1772102446.829,55.56,1,0.707,1
1772102446.845,62.50,1,0.707,1
1772102446.862,58.82,1,0.707,1
1772102446.879,58.82,1,0.707,1
1772102446.895,62.50,1,0.707,1
1772102446.912,58.82,1,0.707,1
1772102446.928,62.50,1,0.707,1
1772102446.945,58.82,1,0.707,1
1772102446.962,58.82,1,0.707,1
1772102446.979,58.82,1,0.707,1
1772102446.995,62.50,1,0.707,1
1772102447.012,58.82,1,0.707,1
1772102447.028,62.50,1,0.707,1
1772102447.045,58.82,1,0.707,1
1772102447.062,58.82,1,0.707,1
1772102447.078,62.50,1,0.707,1
1772102447.095,58.82,1,0.707,1
1772102447.112,58.82,1,0.707,1
1772102447.129,58.82,1,0.707,1
1772102447.145,62.50,1,0.707,1
1772102447.162,58.82,1,0.707,1
1772102447.179,58.82,1,0.707,1
1772102447.196,58.82,1,0.707,1
1772102447.212,62.50,1,0.707,1
1772102447.229,58.82,1,0.707,1
1772102447.246,58.82,1,0.707,1
1772102447.262,62.50,1,0.707,1
1772102447.279,58.82,1,0.707,1
1772102447.295,62.50,1,0.707,1
1772102447.312,58.82,1,0.707,1
1772102447.329,58.82,1,0.707,1
1772102447.345,62.50,1,0.707,1
1772102447.362,58.82,1,0.707,1
1772102447.379,58.82,1,0.707,1
1772102447.395,62.50,1,0.707,1
1772102447.412,58.82,1,0.707,1
1772102447.428,62.50,1,0.707,1
1772102447.445,58.82,1,0.707,1
1772102447.461,62.50,1,0.707,1
1772102447.478,58.82,1,0.707,1
1772102447.495,58.82,1,0.707,1
1772102447.511,62.50,1,0.707,1
1772102447.528,58.82,1,0.707,1
1772102447.545,58.82,1,0.707,1
1772102447.562,58.82,1,0.707,1
1772102447.579,58.82,1,0.707,1
1772102447.596,58.82,1,0.707,1
1772102447.612,62.50,1,0.707,1
1772102447.629,58.82,1,0.707,1
1772102447.645,62.50,1,0.707,1
1772102447.662,58.82,1,0.707,1
1772102447.678,62.50,1,0.707,1
1772102447.695,58.82,1,0.707,1
1772102447.712,58.82,1,0.707,1
1772102447.729,62.50,1,0.707,1
1772102447.745,58.82,1,0.707,1
1772102447.762,58.82,1,0.707,1
1772102447.778,62.50,1,0.707,1
1772102447.795,58.82,1,0.707,1
1772102447.812,62.50,1,0.707,1
1772102447.828,58.82,1,0.707,1
1772102447.845,58.82,1,0.707,1
1772102447.861,62.50,1,0.707,1
1772102447.878,58.82,1,0.707,1
1772102447.895,58.82,1,0.707,1
1772102447.912,58.82,1,0.707,1
1772102447.929,62.50,1,0.707,1
1772102447.945,58.82,1,0.707,1
1772102447.962,58.82,1,0.707,1
1772102447.978,62.50,1,0.707,1
1772102447.995,58.82,1,0.707,1
1772102448.011,62.50,1,0.707,1
1772102448.028,58.82,1,0.707,1
1772102448.045,58.82,1,0.707,1
1772102448.062,58.82,1,0.707,1
1772102448.078,62.50,1,0.707,1
1772102448.095,58.82,1,0.707,1
1772102448.111,62.50,1,0.707,1
1772102448.128,58.82,1,0.707,1
1772102448.145,58.82,1,0.707,1
1772102448.162,58.82,1,0.707,1
1772102448.179,58.82,1,0.707,1
1772102448.195,62.50,1,0.707,1
1772102448.212,58.82,1,0.707,1
1772102448.229,62.50,1,0.707,1
1772102448.245,58.82,1,0.707,1
1772102448.262,58.82,1,0.707,1
1772102448.278,62.50,1,0.707,1
1772102448.295,58.82,1,0.707,1
1772102448.312,58.82,1,0.707,1
1772102448.328,62.50,1,0.707,1
1772102448.345,58.82,1,0.707,1
1772102448.362,58.82,1,0.707,1
1772102448.378,62.50,1,0.707,1
1772102448.395,58.82,1,0.707,1
1772102448.412,58.82,1,0.707,1
1772102448.429,58.82,1,0.707,1
1772102448.445,62.50,1,0.707,1
1772102448.462,58.82,1,0.707,1
1772102448.479,58.82,1,0.707,1
1772102448.495,62.50,1,0.707,1
1772102448.512,58.82,1,0.707,1
1772102448.528,62.50,1,0.707,1
1772102448.545,58.82,1,0.707,1
1772102448.562,62.50,1,0.707,1
1772102448.578,58.82,1,0.707,1
1772102448.595,58.82,1,0.707,1
1772102448.612,62.50,1,0.707,1
1772102448.628,58.82,1,0.707,1
1772102448.645,58.82,1,0.707,1
1772102448.661,62.50,1,0.707,1
1772102448.678,58.82,1,0.707,1
1772102448.695,58.82,1,0.707,1
1772102448.711,62.50,1,0.707,1
1772102448.728,58.82,1,0.707,1
1772102448.745,58.82,1,0.707,1
1772102448.762,62.50,1,0.707,1
1772102448.778,58.82,1,0.707,1
1772102448.795,58.82,1,0.707,1
1772102448.812,58.82,1,0.707,1
1772102448.829,58.82,1,0.707,1
1772102448.845,62.50,1,0.707,1
1772102448.862,58.82,1,0.707,1
1772102448.879,62.50,1,0.707,1
1772102448.895,58.82,1,0.707,1
1772102448.912,58.82,1,0.707,1
1772102448.928,62.50,1,0.707,1
1772102448.945,58.82,1,0.707,1
1772102448.962,58.82,1,0.707,1
1772102448.978,62.50,1,0.707,1
1772102448.995,58.82,1,0.707,1
1772102449.011,62.50,1,0.707,1
1772102449.028,58.82,1,0.707,1
1772102449.045,58.82,1,0.707,1
1772102449.061,62.50,1,0.707,1
1772102449.078,58.82,1,0.707,1
1772102449.095,62.50,1,0.707,1
1772102449.112,55.56,1,0.707,1
1772102449.129,58.82,1,0.707,1
1772102449.145,62.50,1,0.707,1
1772102449.162,58.82,1,0.707,1
1772102449.178,62.50,1,0.707,1
1772102449.195,58.82,1,0.707,1
1772102449.211,62.50,1,0.707,1
1772102449.228,58.82,1,0.707,1
1772102449.245,58.82,1,0.707,1
1772102449.262,58.82,1,0.707,1
1772102449.279,58.82,1,0.707,1
1772102449.295,62.50,1,0.707,1
1772102449.312,58.82,1,0.707,1
1772102449.328,62.50,1,0.707,1
1772102449.345,58.82,1,0.707,1
1772102449.361,62.50,1,0.707,1
1772102449.378,58.82,1,0.707,1
1772102449.395,58.82,1,0.707,1
1772102449.412,58.82,1,0.707,1
1772102449.429,58.82,1,0.707,1
1772102449.445,62.50,1,0.707,1
1772102449.462,58.82,1,0.707,1
1772102449.479,58.82,1,0.707,1
1772102449.495,62.50,1,0.707,1
1772102449.512,62.50,1,0.707,1
1772102449.528,58.82,1,0.707,1
1772102449.545,58.82,1,0.707,1
1772102449.562,58.82,1,0.707,1
1772102449.579,58.82,1,0.707,1
1772102449.595,62.50,1,0.707,1
1772102449.612,58.82,1,0.707,1
1772102449.629,58.82,1,0.707,1
1772102449.645,62.50,1,0.707,1
1772102449.662,58.82,1,0.707,1
1772102449.679,62.50,1,0.707,1
1772102449.695,58.82,1,0.707,1
1772102449.712,58.82,1,0.707,1
1772102449.728,62.50,1,0.707,1
1772102449.745,58.82,1,0.707,1
1772102449.762,58.82,1,0.707,1
1772102449.779,58.82,1,0.707,1
1772102449.795,62.50,1,0.707,1
1772102449.812,58.82,1,0.707,1
1772102449.829,58.82,1,0.707,1
1772102449.845,62.50,1,0.707,1
1772102449.862,58.82,1,0.707,1
1772102449.878,62.50,1,0.707,1
1772102449.895,58.82,1,0.707,1
1772102449.912,62.50,1,0.707,1
1772102449.928,58.82,1,0.707,1
1772102449.945,58.82,1,0.707,1
1772102449.962,58.82,1,0.707,1
1772102449.978,62.50,1,0.707,1
1772102449.995,58.82,1,0.707,1
1772102450.012,62.50,1,0.707,1
1772102450.028,58.82,1,0.707,1
1772102450.045,58.82,1,0.707,1
1772102450.062,58.82,1,0.707,1
1772102450.078,62.50,1,0.707,1
1772102450.095,58.82,1,0.707,1
1772102450.112,58.82,1,0.707,1
1772102450.129,58.82,1,0.707,1
1772102450.145,62.50,1,0.707,1
1772102450.162,58.82,1,0.707,1
1772102450.179,62.50,1,0.707,1
1772102450.195,58.82,1,0.707,1
1772102450.212,58.82,1,0.707,1
1772102450.228,62.50,1,0.707,1
1772102450.245,58.82,1,0.707,1
1772102450.262,58.82,1,0.707,1
1772102450.279,58.82,1,0.707,1
1772102450.296,58.82,1,0.707,1
1772102450.312,62.50,1,0.707,1
1772102450.329,58.82,1,0.707,1
1772102450.346,62.50,1,0.707,1
1772102450.362,58.82,1,0.707,1
1772102450.379,58.82,1,0.707,1
1772102450.395,62.50,1,0.707,1
1772102450.412,58.82,1,0.707,1
1772102450.428,62.50,1,0.707,1
1772102450.445,58.82,1,0.707,1
1772102450.463,58.82,1,0.707,1
1772102450.479,58.82,1,0.707,1
1772102450.496,58.82,1,0.707,1
1772102450.512,62.50,1,0.707,1
1772102450.529,58.82,1,0.707,1
1772102450.546,62.50,1,0.707,1
1772102450.562,58.82,1,0.707,1
1772102450.579,58.82,1,0.707,1
1772102450.595,62.50,1,0.707,1
1772102450.612,58.82,1,0.707,1
1772102450.628,62.50,1,0.707,1
1772102450.645,58.82,1,0.707,1
1772102450.662,58.82,1,0.707,1
1772102450.678,62.50,1,0.707,1
1772102450.695,58.82,1,0.707,1
1772102450.712,62.50,1,0.707,1
1772102450.728,58.82,1,0.707,1
1772102450.745,58.82,1,0.707,1
1772102450.762,58.82,1,0.707,1
1772102450.778,62.50,1,0.707,1
1772102450.795,58.82,1,0.707,1
1772102450.812,58.82,1,0.707,1
1772102450.828,62.50,1,0.707,1
1772102450.845,58.82,1,0.707,1
1772102450.862,62.50,1,0.707,1
1772102450.878,58.82,1,0.707,1
1772102450.895,58.82,1,0.707,1
1772102450.911,62.50,1,0.707,1
1772102450.928,58.82,1,0.707,1
1772102450.945,58.82,1,0.707,1
1772102450.962,62.50,1,0.707,1
1772102450.979,58.82,1,0.707,1
1772102450.996,55.56,1,0.707,1
1772102451.013,58.82,1,0.707,1
1772102451.030,58.82,1,0.707,1
1772102451.046,62.50,1,0.707,1
1772102451.063,58.82,1,0.707,1
1772102451.080,58.82,1,0.707,1
1772102451.096,62.50,1,0.707,1
1772102451.113,58.82,1,0.707,1
1772102451.129,62.50,1,0.707,1
1772102451.146,58.82,1,0.707,1
1772102451.163,58.82,1,0.707,1
1772102451.179,62.50,1,0.707,1
1772102451.196,58.82,1,0.707,1
1772102451.213,58.82,1,0.707,1
1772102451.229,62.50,1,0.707,1
1772102451.246,58.82,1,0.707,1
1772102451.262,62.50,1,0.707,1
1772102451.279,58.82,1,0.707,1
1772102451.296,58.82,1,0.707,1
1772102451.312,62.50,1,0.707,1
1772102451.329,58.82,1,0.707,1
1772102451.345,62.50,1,0.707,1
1772102451.362,58.82,1,0.707,1
1772102451.379,58.82,1,0.707,1
1772102451.395,62.50,1,0.707,1
1772102451.412,58.82,1,0.707,1
1772102451.429,58.82,1,0.707,1
1772102451.445,62.50,1,0.707,1
1772102451.462,58.82,1,0.707,1
1772102451.479,58.82,1,0.707,1
1772102451.495,62.50,1,0.707,1
1772102451.512,58.82,1,0.707,1
1772102451.528,62.50,1,0.707,1
1772102451.545,58.82,1,0.707,1
1772102451.562,62.50,1,0.707,1
1772102451.578,58.82,1,0.707,1
1772102451.595,58.82,1,0.707,1
1772102451.611,62.50,1,0.707,1
1772102451.628,58.82,1,0.707,1
1772102451.645,58.82,1,0.707,1
1772102451.662,62.50,1,0.707,1
1772102451.679,55.56,1,0.707,1
1772102451.696,58.82,1,0.707,1
1772102451.713,62.50,1,0.707,1
1772102451.729,58.82,1,0.707,1
1772102451.746,58.82,1,0.707,1
1772102451.762,62.50,1,0.707,1
1772102451.779,58.82,1,0.707,1
1772102451.795,62.50,1,0.707,1
1772102451.812,58.82,1,0.707,1
1772102451.829,62.50,1,0.707,1
1772102451.845,58.82,1,0.707,1
1772102451.862,62.50,1,0.707,1
1772102451.878,58.82,1,0.707,1
1772102451.895,58.82,1,0.707,1
1772102451.912,58.82,1,0.707,1
1772102451.929,62.50,1,0.707,1
1772102451.945,58.82,1,0.707,1
1772102451.962,58.82,1,0.707,1
1772102451.978,62.50,1,0.707,1
1772102451.995,58.82,1,0.707,1
1772102452.011,62.50,1,0.707,1
1772102452.028,58.82,1,0.707,1
1772102452.045,58.82,1,0.707,1
1772102452.062,58.82,1,0.707,1
1772102452.079,62.50,1,0.707,1
1772102452.096,58.82,1,0.707,1
1772102452.112,58.82,1,0.707,1
1772102452.129,58.82,1,0.707,1
1772102452.146,62.50,1,0.707,1
1772102452.162,58.82,1,0.707,1
1772102452.179,58.82,1,0.707,1
1772102452.195,62.50,1,0.707,1
1772102452.212,58.82,1,0.707,1
1772102452.228,62.50,1,0.707,1
1772102452.245,58.82,1,0.707,1
1772102452.262,58.82,1,0.707,1
1772102452.279,58.82,1,0.707,1
1772102452.296,58.82,1,0.707,1
1772102452.312,62.50,1,0.707,1
1772102452.329,58.82,1,0.707,1
1772102452.346,62.50,1,0.707,1
1772102452.362,58.82,1,0.707,1
1772102452.379,58.82,1,0.707,1
1772102452.395,62.50,1,0.707,1
1772102452.412,58.82,1,0.707,1
1772102452.429,62.50,1,0.707,1
1772102452.445,58.82,1,0.707,1
1772102452.462,62.50,1,0.707,1
1772102452.478,58.82,1,0.707,1
1772102452.495,58.82,1,0.707,1
1772102452.512,58.82,1,0.707,1
1772102452.528,62.50,1,0.707,1
1772102452.545,58.82,1,0.707,1
1772102452.562,62.50,1,0.707,1
1772102452.578,58.82,1,0.707,1
1772102452.595,58.82,1,0.707,1
1772102452.611,62.50,1,0.707,1
1772102452.628,58.82,1,0.707,1
1772102452.645,58.82,1,0.707,1
1772102452.662,58.82,1,0.707,1
1772102452.678,62.50,1,0.707,1
1772102452.695,58.82,1,0.707,1
1772102452.712,58.82,1,0.707,1
1772102452.729,62.50,1,0.707,1
1772102452.745,58.82,1,0.707,1
1772102452.762,58.82,1,0.707,1
1772102452.779,58.82,1,0.707,1
1772102452.795,62.50,1,0.707,1
1772102452.812,58.82,1,0.707,1
1772102452.829,62.50,1,0.707,1
1772102452.845,58.82,1,0.707,1
1772102452.862,58.82,1,0.707,1
1772102452.878,62.50,1,0.707,1
1772102452.895,58.82,1,0.707,1
1772102452.912,62.50,1,0.707,1
1772102452.928,58.82,1,0.707,1
1772102452.945,58.82,1,0.707,1
1772102452.961,62.50,1,0.707,1
1772102452.978,58.82,1,0.707,1
1772102452.995,58.82,1,0.707,1
1772102453.012,58.82,1,0.707,1
1772102453.029,62.50,1,0.707,1
1772102453.045,58.82,1,0.707,1
1772102453.062,58.82,1,0.707,1
1772102453.078,62.50,1,0.707,1
1772102453.095,58.82,1,0.707,1
1772102453.112,62.50,1,0.707,1
1772102453.128,58.82,1,0.707,1
1772102453.145,62.50,1,0.707,1
1772102453.161,58.82,1,0.707,1
1772102453.178,58.82,1,0.707,1
1772102453.194,62.50,1,0.707,1
1772102453.211,58.82,1,0.707,1
1772102453.228,58.82,1,0.707,1
1772102453.245,62.50,1,0.707,1
1772102453.261,58.82,1,0.707,1
1772102453.278,58.82,1,0.707,1
1772102453.295,58.82,1,0.707,1
1772102453.311,62.50,1,0.707,1
1772102453.328,58.82,1,0.707,1
1772102453.345,58.82,1,0.707,1
1772102453.362,58.82,1,0.707,1
1772102453.378,62.50,1,0.707,1
1772102453.395,58.82,1,0.707,1
1772102453.412,62.50,1,0.707,1
1772102453.428,58.82,1,0.707,1
1772102453.445,58.82,1,0.707,1
1772102453.461,62.50,1,0.707,1
1772102453.478,58.82,1,0.707,1
1772102453.495,58.82,1,0.707,1
1772102453.512,62.50,1,0.707,1
1772102453.528,58.82,1,0.707,1
1772102453.545,58.82,1,0.707,1
1772102453.561,62.50,1,0.707,1
1772102453.578,58.82,1,0.707,1
1772102453.595,62.50,1,0.707,1
1772102453.611,58.82,1,0.707,1
1772102453.628,58.82,1,0.707,1
1772102453.644,62.50,1,0.707,1
1772102453.661,58.82,1,0.707,1
1772102453.678,58.82,1,0.707,1
1772102453.694,62.50,1,0.707,1
1772102453.711,58.82,1,0.707,1
1772102453.728,62.50,1,0.707,1
1772102453.744,58.82,1,0.707,1
1772102453.761,58.82,1,0.707,1
1772102453.778,58.82,1,0.707,1
1772102453.795,58.82,1,0.707,1
1772102453.812,58.82,1,0.707,1
1772102453.828,62.50,1,0.707,1
1772102453.845,58.82,1,0.707,1
1772102453.861,62.50,1,0.707,1
1772102453.878,58.82,1,0.707,1
1772102453.895,58.82,1,0.707,1
1772102453.911,62.50,1,0.707,1
1772102453.928,58.82,1,0.707,1
1772102453.945,58.82,1,0.707,1
1772102453.962,62.50,1,0.707,1
1772102453.978,58.82,1,0.707,1
1772102453.995,58.82,1,0.707,1
1772102454.012,62.50,1,0.707,1
1772102454.029,58.82,1,0.707,1
1772102454.045,58.82,1,0.707,1
1772102454.062,58.82,1,0.707,1
1772102454.079,62.50,1,0.707,1
1772102454.095,58.82,1,0.707,1
1772102454.112,58.82,1,0.707,1
1772102454.129,58.82,1,0.707,1
1772102454.145,62.50,1,0.707,1
1772102454.162,58.82,1,0.707,1
1772102454.178,62.50,1,0.707,1
1772102454.195,58.82,1,0.707,1
1772102454.212,58.82,1,0.707,1
1772102454.228,62.50,1,0.707,1
1772102454.246,55.56,1,0.707,1
1772102454.263,62.50,1,0.707,1
1772102454.279,58.82,1,0.707,1
1772102454.296,58.82,1,0.707,1
1772102454.313,62.50,1,0.707,1
1772102454.329,58.82,1,0.707,1
1772102454.346,58.82,1,0.707,1
1772102454.362,62.50,1,0.707,1
1772102454.379,58.82,1,0.707,1
1772102454.396,58.82,1,0.707,1
1772102454.412,62.50,1,0.707,1
1772102454.429,58.82,1,0.707,1
1772102454.445,62.50,1,0.707,1
1772102454.462,58.82,1,0.707,1
1772102454.479,58.82,1,0.707,1
1772102454.495,62.50,1,0.707,1
1772102454.512,58.82,1,0.707,1
1772102454.528,62.50,1,0.707,1
1772102454.545,58.82,1,0.707,1
1772102454.562,58.82,1,0.707,1
1772102454.579,62.50,1,0.707,1
1772102454.595,58.82,1,0.707,1
1772102454.612,58.82,1,0.707,1
1772102454.628,62.50,1,0.707,1
1772102454.646,55.56,1,0.707,1
1772102454.663,58.82,1,0.707,1
1772102454.679,62.50,1,0.707,1
1772102454.696,58.82,1,0.707,1
1772102454.713,58.82,1,0.707,1
1772102454.729,62.50,1,0.707,1
1772102454.746,58.82,1,0.707,1
1772102454.762,62.50,1,0.707,1
1772102454.780,58.82,1,0.707,1
1772102454.797,55.56,1,0.707,1
1772102454.814,62.50,1,0.707,1
1772102454.831,58.82,1,0.707,1
1772102454.847,58.82,1,0.707,1
1772102454.864,58.82,1,0.707,1
1772102454.881,62.50,1,0.707,1
1772102454.897,58.82,1,0.707,1
1772102454.914,58.82,1,0.707,1
1772102454.930,62.50,1,0.707,1
1772102454.947,58.82,1,0.707,1
1772102454.963,62.50,1,0.707,1
1772102454.980,58.82,1,0.707,1
1772102454.996,62.50,1,0.707,1
1772102455.013,58.82,1,0.707,1
1772102455.030,58.82,1,0.707,1
1772102455.047,58.82,1,0.707,1
1772102455.063,62.50,1,0.707,1
1772102455.080,58.82,1,0.707,1
1772102455.096,62.50,1,0.707,1
1772102455.113,58.82,1,0.707,1
1772102455.130,62.50,1,0.707,1
1772102455.146,58.82,1,0.707,1
1772102455.163,58.82,1,0.707,1
1772102455.180,62.50,1,0.707,1
1772102455.196,58.82,1,0.707,1
1772102455.213,58.82,1,0.707,1
1772102455.230,58.82,1,0.707,1
1772102455.246,62.50,1,0.707,1
1772102455.263,58.82,1,0.707,1
1772102455.280,58.82,1,0.707,1
1772102455.297,58.82,1,0.707,1
1772102455.314,58.82,1,0.707,1
1772102455.330,62.50,1,0.707,1
1772102455.347,58.82,1,0.707,1
1772102455.363,62.50,1,0.707,1
1772102455.380,58.82,1,0.707,1
1772102455.397,58.82,1,0.707,1
1772102455.413,62.50,1,0.707,1
1772102455.430,58.82,1,0.707,1
1772102455.447,62.50,1,0.707,1
1772102455.463,58.82,1,0.707,1
1772102455.480,62.50,1,0.707,1
1772102455.496,58.82,1,0.707,1
1772102455.513,58.82,1,0.707,1
1772102455.529,62.50,1,0.707,1
1772102455.546,58.82,1,0.707,1
1772102455.562,62.50,1,0.707,1
1772102455.579,58.82,1,0.707,1
1772102455.595,62.50,1,0.707,1
1772102455.612,58.82,1,0.707,1
1772102455.628,62.50,1,0.707,1
1772102455.645,58.82,1,0.707,1
1772102455.662,58.82,1,0.707,1
1772102455.678,62.50,1,0.707,1
1772102455.695,58.82,1,0.707,1
1772102455.712,58.82,1,0.707,1
1772102455.729,58.82,1,0.707,1
1772102455.746,58.82,1,0.707,1
1772102455.762,62.50,1,0.707,1
1772102455.779,58.82,1,0.707,1
1772102455.795,62.50,1,0.707,1
1772102455.812,58.82,1,0.707,1
1772102455.829,58.82,1,0.707,1
1772102455.845,62.50,1,0.707,1
1772102455.862,58.82,1,0.707,1
1772102455.878,62.50,1,0.707,1
1772102455.895,58.82,1,0.707,1
1772102455.911,62.50,1,0.707,1
1772102455.928,58.82,1,0.707,1
1772102455.945,58.82,1,0.707,1
1772102455.961,62.50,1,0.707,1
1772102455.978,58.82,1,0.707,1
1772102455.995,62.50,1,0.707,1
1772102456.011,58.82,1,0.707,1
1772102456.028,58.82,1,0.707,1
1772102456.045,58.82,1,0.707,1
1772102456.061,62.50,1,0.707,1
1772102456.078,58.82,1,0.707,1
1772102456.095,58.82,1,0.707,1
1772102456.111,62.50,1,0.707,1
1772102456.128,58.82,1,0.707,1
1772102456.145,58.82,1,0.707,1
1772102456.161,62.50,1,0.707,1
1772102456.178,58.82,1,0.707,1
1772102456.194,62.50,1,0.707,1
1772102456.211,58.82,1,0.707,1
1772102456.228,58.82,1,0.707,1
1772102456.244,62.50,1,0.707,1
1772102456.261,58.82,1,0.707,1
1772102456.278,58.82,1,0.707,1
1772102456.295,62.50,1,0.707,1
1772102456.311,58.82,1,0.707,1
1772102456.328,58.82,1,0.707,1
1772102456.345,58.82,1,0.707,1
1772102456.362,58.82,1,0.707,1
1772102456.379,58.82,1,0.707,1
1772102456.396,58.82,1,0.707,1
1772102456.413,58.82,1,0.707,1
1772102456.430,58.82,1,0.707,1
1772102456.446,62.50,1,0.707,1
1772102456.463,58.82,1,0.707,1
1772102456.479,62.50,1,0.707,1
1772102456.496,58.82,1,0.707,1
1772102456.513,62.50,1,0.707,1
1772102456.529,58.82,1,0.707,1
1772102456.546,58.82,1,0.707,1
1772102456.562,62.50,1,0.707,1
1772102456.579,58.82,1,0.707,1
1772102456.595,62.50,1,0.707,1
1772102456.612,58.82,1,0.707,1
1772102456.629,62.50,1,0.707,1
1772102456.645,58.82,1,0.707,1
1772102456.662,62.50,1,0.707,1
1772102456.679,58.82,1,0.707,1
1772102456.695,58.82,1,0.707,1
1772102456.712,58.82,1,0.707,1
1772102456.729,58.82,1,0.707,1
1772102456.745,62.50,1,0.707,1
1772102456.762,62.50,1,0.707,1
1772102456.778,58.82,1,0.707,1
1772102456.795,58.82,1,0.707,1
1772102456.812,62.50,1,0.707,1
1772102456.828,58.82,1,0.707,1
1772102456.845,58.82,1,0.707,1
1772102456.861,62.50,1,0.707,1
1772102456.878,58.82,1,0.707,1
1772102456.895,58.82,1,0.707,1
1772102456.912,62.50,1,0.707,1
1772102456.928,58.82,1,0.707,1
1772102456.945,58.82,1,0.707,1
1772102456.962,58.82,1,0.707,1
1772102456.979,58.82,1,0.707,1
1772102456.995,62.50,1,0.707,1
1772102457.012,58.82,1,0.707,1
1772102457.028,62.50,1,0.707,1
1772102457.045,58.82,1,0.707,1
1772102457.062,62.50,1,0.707,1
1772102457.078,58.82,1,0.707,1
1772102457.095,58.82,1,0.707,1
1772102457.112,58.82,1,0.707,1
1772102457.129,62.50,1,0.707,1
1772102457.145,58.82,1,0.707,1
1772102457.162,62.50,1,0.707,1
1772102457.178,58.82,1,0.707,1
1772102457.195,58.82,1,0.707,1
1772102457.212,58.82,1,0.707,1
1772102457.229,58.82,1,0.707,1
1772102457.245,62.50,1,0.707,1
1772102457.262,58.82,1,0.707,1
1772102457.279,62.50,1,0.707,1
1772102457.295,58.82,1,0.707,1
1772102457.312,58.82,1,0.707,1
1772102457.328,62.50,1,0.707,1
1772102457.345,58.82,1,0.707,1
1772102457.362,58.82,1,0.707,1
1772102457.378,62.50,1,0.707,1
1772102457.395,58.82,1,0.707,1
1772102457.412,58.82,1,0.707,1
1772102457.428,62.50,1,0.707,1
1772102457.445,58.82,1,0.707,1
1772102457.462,58.82,1,0.707,1
1772102457.478,62.50,1,0.707,1
1772102457.495,58.82,1,0.707,1
1772102457.512,58.82,1,0.707,1
1772102457.529,58.82,1,0.707,1
1772102457.546,58.82,1,0.707,1
1772102457.563,62.50,1,0.707,1
1772102457.579,58.82,1,0.707,1
1772102457.596,58.82,1,0.707,1
1772102457.612,62.50,1,0.707,1
1772102457.629,58.82,1,0.707,1
1772102457.645,62.50,1,0.707,1
1772102457.662,58.82,1,0.707,1
1772102457.679,62.50,1,0.707,1
1772102457.695,58.82,1,0.707,1
1772102457.712,58.82,1,0.707,1
1772102457.729,58.82,1,0.707,1
1772102457.745,62.50,1,0.707,1
1772102457.762,58.82,1,0.707,1
1772102457.779,62.50,1,0.707,1
1772102457.795,58.82,1,0.707,1
1772102457.812,62.50,1,0.707,1
1772102457.828,58.82,1,0.707,1
1772102457.845,58.82,1,0.707,1
1772102457.862,58.82,1,0.707,1
1772102457.879,58.82,1,0.707,1
1772102457.896,58.82,1,0.707,1
1772102457.913,62.50,1,0.707,1
1772102457.929,58.82,1,0.707,1
1772102457.946,62.50,1,0.707,1
1772102457.965,50.00,1,0.707,1
1772102457.981,62.50,1,0.707,1
1772102457.998,58.82,1,0.707,1
1772102458.015,58.82,1,0.707,1
1772102458.032,58.82,1,0.707,1
1772102458.048,62.50,1,0.707,1
1772102458.065,58.82,1,0.707,1
1772102458.082,62.50,1,0.707,1
1772102458.098,58.82,1,0.707,1
1772102458.115,62.50,1,0.707,1
1772102458.131,58.82,1,0.707,1
1772102458.148,62.50,1,0.707,1
1772102458.164,58.82,1,0.707,1
1772102458.181,58.82,1,0.707,1
1772102458.197,62.50,1,0.707,1
1772102458.214,58.82,1,0.707,1
1772102458.230,62.50,1,0.707,1
1772102458.247,58.82,1,0.707,1
1772102458.263,62.50,1,0.707,1
1772102458.280,58.82,1,0.707,1
1772102458.296,62.50,1,0.707,1
1772102458.313,58.82,1,0.707,1
1772102458.329,62.50,1,0.707,1
1772102458.346,58.82,1,0.707,1
1772102458.362,62.50,1,0.707,1
1772102458.379,58.82,1,0.707,1
1772102458.395,62.50,1,0.707,1
1772102458.412,58.82,1,0.707,1
1772102458.429,58.82,1,0.707,1
1772102458.445,62.50,1,0.707,1
1772102458.463,55.56,1,0.707,1
1772102458.480,62.50,1,0.707,1
1772102458.496,58.82,1,0.707,1
1772102458.513,58.82,1,0.707,1
1772102458.530,62.50,1,0.707,1
1772102458.546,58.82,1,0.707,1
1772102458.563,58.82,1,0.707,1
1772102458.579,62.50,1,0.707,1
1772102458.596,58.82,1,0.707,1
1772102458.612,62.50,1,0.707,1
1772102458.630,58.82,1,0.707,1
1772102458.646,58.82,1,0.707,1
1772102458.663,58.82,1,0.707,1
1772102458.679,62.50,1,0.707,1
1772102458.696,58.82,1,0.707,1
1772102458.713,58.82,1,0.707,1
1772102458.729,62.50,1,0.707,1
1772102458.746,58.82,1,0.707,1
1772102458.763,58.82,1,0.707,1
1772102458.780,62.50,1,0.707,1
1772102458.796,58.82,1,0.707,1
1772102458.813,58.82,1,0.707,1
1772102458.830,62.50,1,0.707,1
1772102458.846,58.82,1,0.707,1
1772102458.863,58.82,1,0.707,1
1772102458.880,62.50,1,0.707,1
1772102458.896,58.82,1,0.707,1
1772102458.913,58.82,1,0.707,1
1772102458.930,62.50,1,0.707,1
1772102458.946,58.82,1,0.707,1
1772102458.963,58.82,1,0.707,1
1772102458.980,58.82,1,0.707,1
1772102458.996,62.50,1,0.707,1
1772102459.013,58.82,1,0.707,1
1772102459.030,58.82,1,0.707,1
1772102459.046,62.50,1,0.707,1
1772102459.063,58.82,1,0.707,1
1772102459.080,62.50,1,0.707,1
1772102459.096,58.82,1,0.707,1
1772102459.113,58.82,1,0.707,1
1772102459.130,62.50,1,0.707,1
1772102459.146,58.82,1,0.707,1
1772102459.163,58.82,1,0.707,1
1772102459.179,62.50,1,0.707,1
1772102459.196,58.82,1,0.707,1
1772102459.212,62.50,1,0.707,1
1772102459.229,58.82,1,0.707,1
1772102459.246,62.50,1,0.707,1
1772102459.262,58.82,1,0.707,1
1772102459.279,58.82,1,0.707,1
1772102459.295,62.50,1,0.707,1
1772102459.312,58.82,1,0.707,1
1772102459.329,58.82,1,0.707,1
1772102459.345,62.50,1,0.707,1
1772102459.362,58.82,1,0.707,1
1772102459.381,52.63,1,0.707,1
1772102459.398,58.82,1,0.707,1
1772102459.414,62.50,1,0.707,1
1772102459.431,58.82,1,0.707,1
1772102459.447,62.50,1,0.707,1
1772102459.464,58.82,1,0.707,1
1772102459.481,58.82,1,0.707,1
1772102459.497,62.50,1,0.707,1
1772102459.514,58.82,1,0.707,1
1772102459.530,62.50,1,0.707,1
1772102459.547,58.82,1,0.707,1
1772102459.564,62.50,1,0.707,1
1772102459.580,58.82,1,0.707,1
1772102459.597,58.82,1,0.707,1
1772102459.613,62.50,1,0.707,1
1772102459.630,58.82,1,0.707,1
1772102459.647,58.82,1,0.707,1
1772102459.663,62.50,1,0.707,1
1772102459.680,58.82,1,0.707,1
1772102459.696,62.50,1,0.707,1
1772102459.713,58.82,1,0.707,1
1772102459.730,58.82,1,0.707,1
1772102459.747,58.82,1,0.707,1
1772102459.763,62.50,1,0.707,1
1772102459.780,58.82,1,0.707,1
1772102459.796,62.50,1,0.707,1
1772102459.813,58.82,1,0.707,1
1772102459.830,58.82,1,0.707,1
1772102459.846,62.50,1,0.707,1
1772102459.863,58.82,1,0.707,1
1772102459.880,62.50,1,0.707,1
1772102459.896,58.82,1,0.707,1
1772102459.913,58.82,1,0.707,1
1772102459.929,62.50,1,0.707,1
1772102459.946,58.82,1,0.707,1
1772102459.962,62.50,1,0.707,1
1772102459.979,58.82,1,0.707,1
1772102459.995,62.50,1,0.707,1
1772102460.012,58.82,1,0.707,1
1772102460.029,58.82,1,0.707,1
1772102460.046,62.50,1,0.707,1
1772102460.062,58.82,1,0.707,1
1772102460.079,62.50,1,0.707,1
1772102460.095,58.82,1,0.707,1
1772102460.112,62.50,1,0.707,1
1772102460.128,58.82,1,0.707,1
1772102460.145,62.50,1,0.707,1
1772102460.162,55.56,1,0.707,1
1772102460.178,62.50,1,0.707,1
1772102460.195,58.82,1,0.707,1
1772102460.211,62.50,1,0.707,1
1772102460.228,58.82,1,0.707,1
1772102460.245,58.82,1,0.707,1
1772102460.262,58.82,1,0.707,1
1772102460.278,62.50,1,0.707,1
1772102460.295,58.82,1,0.707,1
1772102460.312,58.82,1,0.707,1
1772102460.329,58.82,1,0.707,1
1772102460.346,62.50,1,0.707,1
1772102460.362,58.82,1,0.707,1
1772102460.379,58.82,1,0.707,1
1772102460.395,62.50,1,0.707,1
1772102460.412,58.82,1,0.707,1
1772102460.429,58.82,1,0.707,1
1772102460.446,58.82,1,0.707,1
1772102460.463,58.82,1,0.707,1
1772102460.479,62.50,1,0.707,1
1772102460.496,58.82,1,0.707,1
1772102460.513,62.50,1,0.707,1
1772102460.529,58.82,1,0.707,1
1772102460.546,58.82,1,0.707,1
1772102460.562,62.50,1,0.707,1
1772102460.579,58.82,1,0.707,1
1772102460.595,62.50,1,0.707,1
1772102460.612,58.82,1,0.707,1
1772102460.629,62.50,1,0.707,1
1772102460.645,58.82,1,0.707,1
1772102460.662,62.50,1,0.707,1
1772102460.678,58.82,1,0.707,1
1772102460.695,58.82,1,0.707,1
1772102460.711,62.50,1,0.707,1
1772102460.728,58.82,1,0.707,1
1772102460.745,58.82,1,0.707,1
1772102460.762,58.82,1,0.707,1
1772102460.778,62.50,1,0.707,1
1772102460.796,55.56,1,0.707,1
1772102460.813,58.82,1,0.707,1
1772102460.829,62.50,1,0.707,1
1772102460.846,58.82,1,0.707,1
1772102460.862,62.50,1,0.707,1
1772102460.879,58.82,1,0.707,1
1772102460.896,58.82,1,0.707,1
1772102460.912,62.50,1,0.707,1
1772102460.929,58.82,1,0.707,1
1772102460.946,58.82,1,0.707,1
1772102460.962,62.50,1,0.707,1
1772102460.979,58.82,1,0.707,1
1772102460.996,62.50,1,0.707,1
1772102461.013,58.82,1,0.707,1
1772102461.029,58.82,1,0.707,1
1772102461.046,58.82,1,0.707,1
1772102461.062,62.50,1,0.707,1
1772102461.079,58.82,1,0.707,1
1772102461.095,62.50,1,0.707,1
1772102461.112,58.82,1,0.707,1
1772102461.129,58.82,1,0.707,1
1772102461.145,62.50,1,0.707,1
1772102461.162,58.82,1,0.707,1
1772102461.179,58.82,1,0.707,1
1772102461.195,62.50,1,0.707,1
1772102461.212,58.82,1,0.707,1
1772102461.228,62.50,1,0.707,1
1772102461.245,58.82,1,0.707,1
1772102461.262,58.82,1,0.707,1
1772102461.279,58.82,1,0.707,1
1772102461.295,62.50,1,0.707,1
1772102461.312,58.82,1,0.707,1
1772102461.329,58.82,1,0.707,1
1772102461.345,62.50,1,0.707,1
1772102461.362,58.82,1,0.707,1
1772102461.379,58.82,1,0.707,1
1772102461.395,62.50,1,0.707,1
1772102461.412,58.82,1,0.707,1
1772102461.428,62.50,1,0.707,1
1772102461.446,55.56,1,0.707,1
1772102461.462,62.50,1,0.707,1
1772102461.479,58.82,1,0.707,1
1772102461.495,62.50,1,0.707,1
1772102461.512,58.82,1,0.707,1
1772102461.528,62.50,1,0.707,1
1772102461.545,58.82,1,0.707,1
1772102461.562,58.82,1,0.707,1
1772102461.579,58.82,1,0.707,1
1772102461.595,62.50,1,0.707,1
1772102461.612,58.82,1,0.707,1
1772102461.628,62.50,1,0.707,1
1772102461.645,58.82,1,0.707,1
1772102461.662,62.50,1,0.707,1
1772102461.678,58.82,1,0.707,1
1772102461.695,58.82,1,0.707,1
1772102461.712,58.82,1,0.707,1
1772102461.728,62.50,1,0.707,1
1772102461.745,58.82,1,0.707,1
1772102461.762,62.50,1,0.707,1
1772102461.778,58.82,1,0.707,1
1772102461.795,58.82,1,0.707,1
1772102461.812,62.50,1,0.707,1
1772102461.829,55.56,1,0.707,1
1772102461.845,62.50,1,0.707,1
1772102461.862,58.82,1,0.707,1
1772102461.878,62.50,1,0.707,1
1772102461.895,58.82,1,0.707,1
1772102461.911,62.50,1,0.707,1
1772102461.928,58.82,1,0.707,1
1772102461.945,62.50,1,0.707,1
1772102461.961,58.82,1,0.707,1
1772102461.978,58.82,1,0.707,1
1772102461.995,58.82,1,0.707,1
1772102462.012,58.82,1,0.707,1
1772102462.028,62.50,1,0.707,1
1772102462.045,58.82,1,0.707,1
1772102462.061,62.50,1,0.707,1
1772102462.078,58.82,1,0.707,1
1772102462.095,58.82,1,0.707,1
1772102462.112,58.82,1,0.707,1
1772102462.128,62.50,1,0.707,1
1772102462.145,58.82,1,0.707,1
1772102462.162,58.82,1,0.707,1
1772102462.178,62.50,1,0.707,1
1772102462.195,58.82,1,0.707,1
1772102462.212,58.82,1,0.707,1
1772102462.228,62.50,1,0.707,1
1772102462.245,58.82,1,0.707,1
1772102462.262,62.50,1,0.707,1
1772102462.278,58.82,1,0.707,1
1772102462.295,58.82,1,0.707,1
1772102462.312,58.82,1,0.707,1
1772102462.328,62.50,1,0.707,1
1772102462.345,58.82,1,0.707,1
1772102462.362,58.82,1,0.707,1
1772102462.378,62.50,1,0.707,1
1772102462.395,58.82,1,0.707,1
1772102462.411,62.50,1,0.707,1
1772102462.428,58.82,1,0.707,1
1772102462.444,62.50,1,0.707,1
1772102462.461,58.82,1,0.707,1
1772102462.478,58.82,1,0.707,1
1772102462.495,58.82,1,0.707,1
1772102462.512,58.82,1,0.707,1
1772102462.529,58.82,1,0.707,1
1772102462.545,62.50,1,0.707,1
1772102462.562,58.82,1,0.707,1
1772102462.579,58.82,1,0.707,1
1772102462.596,62.50,1,0.707,1
1772102462.612,58.82,1,0.707,1
1772102462.629,58.82,1,0.707,1
1772102462.645,62.50,1,0.707,1
1772102462.662,58.82,1,0.707,1
1772102462.679,62.50,1,0.707,1
1772102462.695,58.82,1,0.707,1
1772102462.711,62.50,1,0.707,1
1772102462.728,58.82,1,0.707,1
1772102462.745,58.82,1,0.707,1
1772102462.762,58.82,1,0.707,1
1772102462.778,62.50,1,0.707,1
1772102462.795,58.82,1,0.707,1
1772102462.812,58.82,1,0.707,1
1772102462.829,58.82,1,0.707,1
1772102462.845,62.50,1,0.707,1
1772102462.862,58.82,1,0.707,1
1772102462.879,58.82,1,0.707,1
1772102462.895,62.50,1,0.707,1
1772102462.912,58.82,1,0.707,1
1772102462.928,62.50,1,0.707,1
1772102462.945,58.82,1,0.707,1
1772102462.962,58.82,1,0.707,1
1772102462.978,62.50,1,0.707,1
1772102462.995,58.82,1,0.707,1
1772102463.011,62.50,1,0.707,1
1772102463.028,58.82,1,0.707,1
1772102463.045,58.82,1,0.707,1
1772102463.062,58.82,1,0.707,1
1772102463.078,62.50,1,0.707,1
1772102463.095,58.82,1,0.707,1
1772102463.111,62.50,1,0.707,1
1772102463.128,58.82,1,0.707,1
1772102463.145,58.82,1,0.707,1
1772102463.162,62.50,1,0.707,1
1772102463.178,58.82,1,0.707,1
1772102463.195,58.82,1,0.707,1
1772102463.211,62.50,1,0.707,1
1772102463.228,58.82,1,0.707,1
1772102463.245,58.82,1,0.707,1
1772102463.262,58.82,1,0.707,1
1772102463.279,62.50,1,0.707,1
1772102463.295,58.82,1,0.707,1
1772102463.312,58.82,1,0.707,1
1772102463.328,62.50,1,0.707,1
1772102463.345,58.82,1,0.707,1
1772102463.362,58.82,1,0.707,1
1772102463.378,62.50,1,0.707,1
1772102463.395,58.82,1,0.707,1
1772102463.411,62.50,1,0.707,1
1772102463.429,55.56,1,0.707,1
1772102463.446,62.50,1,0.707,1
1772102463.462,58.82,1,0.707,1
1772102463.479,58.82,1,0.707,1
1772102463.495,62.50,1,0.707,1
1772102463.512,58.82,1,0.707,1
1772102463.528,62.50,1,0.707,1
1772102463.545,58.82,1,0.707,1
1772102463.561,62.50,1,0.707,1
1772102463.578,58.82,1,0.707,1
1772102463.595,58.82,1,0.707,1
1772102463.612,58.82,1,0.707,1
1772102463.629,58.82,1,0.707,1
1772102463.645,62.50,1,0.707,1
1772102463.662,58.82,1,0.707,1
1772102463.679,58.82,1,0.707,1
1772102463.696,58.82,1,0.707,1
1772102463.713,58.82,1,0.707,1
1772102463.730,58.82,1,0.707,1
1772102463.747,58.82,1,0.707,1
1772102463.764,62.50,1,0.707,1
1772102463.780,58.82,1,0.707,1
1772102463.797,58.82,1,0.707,1
1772102463.813,62.50,1,0.707,1
1772102463.831,55.56,1,0.707,1
1772102463.848,58.82,1,0.707,1
1772102463.864,62.50,1,0.707,1
1772102463.881,58.82,1,0.707,1
1772102463.898,58.82,1,0.707,1
1772102463.915,62.50,1,0.707,1
1772102463.931,58.82,1,0.707,1
1772102463.947,62.50,1,0.707,1
1772102463.964,58.82,1,0.707,1
1772102463.980,62.50,1,0.707,1
1772102463.997,62.50,1,0.707,1
1772102464.013,58.82,1,0.707,1
1772102464.030,62.50,1,0.707,1
1772102464.046,58.82,1,0.707,1
1772102464.063,58.82,1,0.707,1
1772102464.079,62.50,1,0.707,1
1772102464.096,62.50,1,0.707,1
1772102464.113,58.82,1,0.707,1
1772102464.129,58.82,1,0.707,1
1772102464.145,62.50,1,0.707,1
1772102464.162,58.82,1,0.707,1
1772102464.179,58.82,1,0.707,1
1772102464.195,62.50,1,0.707,1
1772102464.212,58.82,1,0.707,1
1772102464.228,62.50,1,0.707,1
1772102464.246,55.56,1,0.707,1
1772102464.263,58.82,1,0.707,1
1772102464.281,55.56,1,0.707,1
1772102464.299,55.56,1,0.707,1
1772102464.316,58.82,1,0.707,1
1772102464.358,23.81,1,0.707,1
1772102464.376,55.56,1,0.707,1
1772102464.393,58.82,1,0.707,1
1772102464.410,58.82,1,0.707,1
1772102464.427,58.82,1,0.707,1
1772102464.445,55.56,1,0.707,1
1772102464.461,62.50,1,0.707,1
1772102464.478,58.82,1,0.707,1
1772102464.495,58.82,1,0.707,1
1772102464.512,58.82,1,0.707,1
1772102464.529,58.82,1,0.707,1
1772102464.547,55.56,1,0.707,1
1772102464.565,58.82,1,0.707,1
1772102464.582,55.56,1,0.707,1
1772102464.600,55.56,1,0.707,1
1772102464.618,55.56,1,0.707,1
1772102464.636,55.56,1,0.707,1
1772102464.653,58.82,1,0.707,1
1772102464.670,58.82,1,0.707,1
1772102464.686,62.50,1,0.707,1
1772102464.703,58.82,1,0.707,1
1772102464.719,62.50,1,0.707,1
1772102464.736,58.82,1,0.707,1
1772102464.753,62.50,1,0.707,1
1772102464.769,58.82,1,0.707,1
1772102464.785,62.50,1,0.707,1
1772102464.802,58.82,1,0.707,1
1772102464.819,58.82,1,0.707,1
1772102464.836,58.82,1,0.707,1
1772102464.852,62.50,1,0.707,1
1772102464.869,58.82,1,0.707,1
1772102464.885,62.50,1,0.707,1
1772102464.902,58.82,1,0.707,1
1772102464.918,62.50,1,0.707,1
1772102464.935,58.82,1,0.707,1
1772102464.951,62.50,1,0.707,1
1772102464.967,62.50,1,0.707,1
1772102464.984,58.82,1,0.707,1
1772102465.000,62.50,1,0.707,1
1772102465.017,58.82,1,0.707,1
1772102465.033,62.50,1,0.707,1
1772102465.050,62.50,1,0.707,1
1772102465.066,58.82,1,0.707,1
1772102465.082,62.50,1,0.707,1
1772102465.099,58.82,1,0.707,1
1772102465.115,62.50,1,0.707,1
1772102465.131,62.50,1,0.707,1
1772102465.148,58.82,1,0.707,1
1772102465.164,62.50,1,0.707,1
1772102465.181,58.82,1,0.707,1
1772102465.197,62.50,1,0.707,1
1772102465.214,62.50,1,0.707,1
1772102465.230,58.82,1,0.707,1
1772102465.246,62.50,1,0.707,1
1772102465.263,62.50,1,0.707,1
1772102465.279,58.82,1,0.707,1
1772102465.296,58.82,1,0.707,1
1772102465.312,62.50,1,0.707,1
1772102465.329,58.82,1,0.707,1
1772102465.345,62.50,1,0.707,1
1772102465.362,58.82,1,0.707,1
1772102465.379,58.82,1,0.707,1
1772102465.396,62.50,1,0.707,1
1772102465.412,58.82,1,0.707,1
1772102465.429,62.50,1,0.707,1
1772102465.445,58.82,1,0.707,1
1772102465.462,58.82,1,0.707,1
1772102465.479,62.50,1,0.707,1
1772102465.495,58.82,1,0.707,1
1772102465.512,58.82,1,0.707,1
1772102465.529,58.82,1,0.707,1
1772102465.546,58.82,1,0.707,1
1772102465.562,62.50,1,0.707,1
1772102465.579,58.82,1,0.707,1
1772102465.596,58.82,1,0.707,1
1772102465.613,58.82,1,0.707,1
1772102465.630,62.50,1,0.707,1
1772102465.646,58.82,1,0.707,1
1772102465.664,55.56,1,0.707,1
1772102465.681,58.82,1,0.707,1
1772102465.698,58.82,1,0.707,1
1772102465.714,62.50,1,0.707,1
1772102465.731,58.82,1,0.707,1
1772102465.747,62.50,1,0.707,1
1772102465.764,58.82,1,0.707,1
1772102465.780,62.50,1,0.707,1
1772102465.797,58.82,1,0.707,1
1772102465.814,62.50,1,0.707,1
1772102465.830,58.82,1,0.707,1
1772102465.847,62.50,1,0.707,1
1772102465.863,58.82,1,0.707,1
1772102465.880,58.82,1,0.707,1
1772102465.897,62.50,1,0.707,1
1772102465.913,58.82,1,0.707,1
1772102465.930,58.82,1,0.707,1
1772102465.947,62.50,1,0.707,1
1772102465.963,58.82,1,0.707,1
1772102465.980,58.82,1,0.707,1
1772102465.996,62.50,1,0.707,1
1772102466.013,58.82,1,0.707,1
1772102466.030,62.50,1,0.707,1
1772102466.047,58.82,1,0.707,1
1772102466.063,58.82,1,0.707,1
1772102466.080,58.82,1,0.707,1
1772102466.097,62.50,1,0.707,1
1772102466.113,58.82,1,0.707,1
1772102466.130,58.82,1,0.707,1
1772102466.147,58.82,1,0.707,1
1772102466.163,62.50,1,0.707,1
1772102466.180,58.82,1,0.707,1
1772102466.197,62.50,1,0.707,1
1772102466.213,58.82,1,0.707,1
1772102466.230,58.82,1,0.707,1
1772102466.246,62.50,1,0.707,1
1772102466.263,58.82,1,0.707,1
1772102466.279,62.50,1,0.707,1
1772102466.296,58.82,1,0.707,1
1772102466.312,62.50,1,0.707,1
1772102466.329,58.82,1,0.707,1
1772102466.345,62.50,1,0.707,1
1772102466.362,58.82,1,0.707,1
1772102466.378,62.50,1,0.707,1
1772102466.395,58.82,1,0.707,1
1772102466.412,62.50,1,0.707,1
1772102466.428,58.82,1,0.707,1
1772102466.445,58.82,1,0.707,1
1772102466.462,58.82,1,0.707,1
1772102466.478,62.50,1,0.707,1
1772102466.495,58.82,1,0.707,1
1772102466.512,62.50,1,0.707,1
1772102466.529,55.56,1,0.707,1
1772102466.545,62.50,1,0.707,1
1772102466.562,58.82,1,0.707,1
1772102466.578,62.50,1,0.707,1
1772102466.595,58.82,1,0.707,1
1772102466.611,62.50,1,0.707,1
1772102466.628,58.82,1,0.707,1
1772102466.645,58.82,1,0.707,1
1772102466.662,58.82,1,0.707,1
1772102466.678,62.50,1,0.707,1
1772102466.695,58.82,1,0.707,1
1772102466.712,58.82,1,0.707,1
1772102466.728,62.50,1,0.707,1
1772102466.746,55.56,1,0.707,1
1772102466.763,58.82,1,0.707,1
1772102466.779,62.50,1,0.707,1
1772102466.796,58.82,1,0.707,1
1772102466.813,62.50,1,0.707,1
1772102466.829,58.82,1,0.707,1
1772102466.845,62.50,1,0.707,1
1772102466.862,58.82,1,0.707,1
1772102466.879,58.82,1,0.707,1
1772102466.895,62.50,1,0.707,1
1772102466.912,58.82,1,0.707,1
1772102466.928,62.50,1,0.707,1
1772102466.945,58.82,1,0.707,1
1772102466.961,62.50,1,0.707,1
1772102466.978,58.82,1,0.707,1
1772102466.994,62.50,1,0.707,1
1772102467.011,58.82,1,0.707,1
1772102467.028,58.82,1,0.707,1
1772102467.045,62.50,1,0.707,1
1772102467.061,58.82,1,0.707,1
1772102467.078,58.82,1,0.707,1
1772102467.095,58.82,1,0.707,1
1772102467.112,58.82,1,0.707,1
1772102467.129,62.50,1,0.707,1
1772102467.145,58.82,1,0.707,1
1772102467.162,58.82,1,0.707,1
1772102467.178,62.50,1,0.707,1
1772102467.195,58.82,1,0.707,1
1772102467.211,62.50,1,0.707,1
1772102467.228,58.82,1,0.707,1
1772102467.245,62.50,1,0.707,1
1772102467.262,58.82,1,0.707,1
1772102467.279,55.56,1,0.707,1
1772102467.296,58.82,1,0.707,1
1772102467.313,58.82,1,0.707,1
1772102467.329,62.50,1,0.707,1
1772102467.346,58.82,1,0.707,1
1772102467.363,62.50,1,0.707,1
1772102467.379,58.82,1,0.707,1
1772102467.396,58.82,1,0.707,1
1772102467.412,62.50,1,0.707,1
1772102467.429,58.82,1,0.707,1
1772102467.446,62.50,1,0.707,1
1772102467.462,58.82,1,0.707,1
1772102467.479,58.82,1,0.707,1
1772102467.495,62.50,1,0.707,1
1772102467.512,58.82,1,0.707,1
1772102467.529,58.82,1,0.707,1
1772102467.545,62.50,1,0.707,1
1772102467.562,58.82,1,0.707,1
1772102467.578,62.50,1,0.707,1
1772102467.595,58.82,1,0.707,1
1772102467.612,62.50,1,0.707,1
1772102467.628,58.82,1,0.707,1
1772102467.645,58.82,1,0.707,1
1772102467.662,58.82,1,0.707,1
1772102467.679,58.82,1,0.707,1
1772102467.695,62.50,1,0.707,1
1772102467.712,58.82,1,0.707,1
1772102467.729,62.50,1,0.707,1
1772102467.745,58.82,1,0.707,1
1772102467.762,62.50,1,0.707,1
1772102467.778,58.82,1,0.707,1
1772102467.795,58.82,1,0.707,1
1772102467.812,58.82,1,0.707,1
1772102467.829,58.82,1,0.707,1
1772102467.846,62.50,1,0.707,1
1772102467.862,58.82,1,0.707,1
1772102467.879,58.82,1,0.707,1
1772102467.895,62.50,1,0.707,1
1772102467.912,58.82,1,0.707,1
1772102467.928,62.50,1,0.707,1
1772102467.945,58.82,1,0.707,1
1772102467.962,62.50,1,0.707,1
1772102467.982,47.62,1,0.707,1
1772102467.999,58.82,1,0.707,1
1772102468.016,58.82,1,0.707,1
1772102468.033,58.82,1,0.707,1
1772102468.049,62.50,1,0.707,1
1772102468.066,58.82,1,0.707,1
1772102468.082,62.50,1,0.707,1
1772102468.099,58.82,1,0.707,1
1772102468.115,62.50,1,0.707,1
1772102468.132,58.82,1,0.707,1
1772102468.148,62.50,1,0.707,1
1772102468.165,58.82,1,0.707,1
1772102468.181,62.50,1,0.707,1
1772102468.198,58.82,1,0.707,1
1772102468.214,62.50,1,0.707,1
1772102468.230,62.50,1,0.707,1
1772102468.247,58.82,1,0.707,1
1772102468.263,62.50,1,0.707,1
1772102468.280,58.82,1,0.707,1
1772102468.296,62.50,1,0.707,1
1772102468.313,58.82,1,0.707,1
1772102468.330,62.50,1,0.707,1
1772102468.346,58.82,1,0.707,1
1772102468.363,58.82,1,0.707,1
1772102468.379,62.50,1,0.707,1
1772102468.397,55.56,1,0.707,1
1772102468.413,62.50,1,0.707,1
1772102468.430,58.82,1,0.707,1
1772102468.446,62.50,1,0.707,1
1772102468.463,58.82,1,0.707,1
1772102468.480,62.50,1,0.707,1
1772102468.496,58.82,1,0.707,1
1772102468.513,62.50,1,0.707,1
1772102468.529,58.82,1,0.707,1
1772102468.545,62.50,1,0.707,1
1772102468.562,58.82,1,0.707,1
1772102468.579,58.82,1,0.707,1
1772102468.596,58.82,1,0.707,1
1772102468.613,62.50,1,0.707,1
1772102468.629,58.82,1,0.707,1
1772102468.645,62.50,1,0.707,1
1772102468.662,58.82,1,0.707,1
1772102468.679,62.50,1,0.707,1
1772102468.695,58.82,1,0.707,1
1772102468.712,58.82,1,0.707,1
1772102468.729,58.82,1,0.707,1
1772102468.746,58.82,1,0.707,1
1772102468.763,62.50,1,0.707,1
1772102468.779,58.82,1,0.707,1
1772102468.795,62.50,1,0.707,1
1772102468.812,58.82,1,0.707,1
1772102468.828,62.50,1,0.707,1
1772102468.845,58.82,1,0.707,1
1772102468.861,62.50,1,0.707,1
1772102468.878,58.82,1,0.707,1
1772102468.895,58.82,1,0.707,1
1772102468.911,62.50,1,0.707,1
1772102468.928,58.82,1,0.707,1
1772102468.945,62.50,1,0.707,1
1772102468.961,58.82,1,0.707,1
1772102468.978,58.82,1,0.707,1
1772102468.994,62.50,1,0.707,1
1772102469.011,58.82,1,0.707,1
1772102469.028,58.82,1,0.707,1
1772102469.045,62.50,1,0.707,1
1772102469.061,58.82,1,0.707,1
1772102469.078,58.82,1,0.707,1
1772102469.095,58.82,1,0.707,1
1772102469.112,58.82,1,0.707,1
1772102469.128,62.50,1,0.707,1
1772102469.145,58.82,1,0.707,1
1772102469.162,62.50,1,0.707,1
1772102469.178,58.82,1,0.707,1
1772102469.195,58.82,1,0.707,1
1772102469.212,62.50,1,0.707,1
1772102469.229,58.82,1,0.707,1
1772102469.245,58.82,1,0.707,1
1772102469.262,58.82,1,0.707,1
1772102469.278,62.50,1,0.707,1
1772102469.295,58.82,1,0.707,1
1772102469.312,58.82,1,0.707,1
1772102469.329,58.82,1,0.707,1
1772102469.345,62.50,1,0.707,1
1772102469.362,58.82,1,0.707,1
1772102469.378,62.50,1,0.707,1
1772102469.395,58.82,1,0.707,1
1772102469.412,58.82,1,0.707,1
1772102469.429,62.50,1,0.707,1
1772102469.445,58.82,1,0.707,1
1772102469.462,62.50,1,0.707,1
1772102469.478,58.82,1,0.707,1
1772102469.495,58.82,1,0.707,1
1772102469.512,58.82,1,0.707,1
1772102469.529,58.82,1,0.707,1
1772102469.545,62.50,1,0.707,1
1772102469.562,58.82,1,0.707,1
1772102469.578,62.50,1,0.707,1
1772102469.595,58.82,1,0.707,1
1772102469.611,62.50,1,0.707,1
1772102469.628,58.82,1,0.707,1
1772102469.645,58.82,1,0.707,1
1772102469.662,58.82,1,0.707,1
1772102469.678,62.50,1,0.707,1
1772102469.695,58.82,1,0.707,1
1772102469.711,62.50,1,0.707,1
1772102469.728,58.82,1,0.707,1
1772102469.745,58.82,1,0.707,1
1772102469.761,62.50,1,0.707,1
1772102469.778,58.82,1,0.707,1
1772102469.799,50.00,1,0.707,1
1772102469.815,58.82,1,0.707,1
1772102469.832,58.82,1,0.707,1
1772102469.849,58.82,1,0.707,1
1772102469.865,62.50,1,0.707,1
1772102469.882,58.82,1,0.707,1
1772102469.898,62.50,1,0.707,1
1772102469.915,58.82,1,0.707,1
1772102469.931,62.50,1,0.707,1
1772102469.948,58.82,1,0.707,1
1772102469.965,62.50,1,0.707,1
1772102469.981,58.82,1,0.707,1
1772102469.998,58.82,1,0.707,1
1772102470.014,62.50,1,0.707,1
1772102470.031,58.82,1,0.707,1
1772102470.047,62.50,1,0.707,1
1772102470.064,58.82,1,0.707,1
1772102470.081,62.50,1,0.707,1
1772102470.097,58.82,1,0.707,1
1772102470.114,58.82,1,0.707,1
1772102470.130,62.50,1,0.707,1
1772102470.147,58.82,1,0.707,1
1772102470.164,62.50,1,0.707,1
1772102470.180,58.82,1,0.707,1
1772102470.197,58.82,1,0.707,1
1772102470.213,62.50,1,0.707,1
1772102470.230,58.82,1,0.707,1
1772102470.246,62.50,1,0.707,1
1772102470.263,58.82,1,0.707,1
1772102470.279,62.50,1,0.707,1
1772102470.296,58.82,1,0.707,1
1772102470.312,62.50,1,0.707,1
1772102470.329,58.82,1,0.707,1
1772102470.345,62.50,1,0.707,1
1772102470.362,58.82,1,0.707,1
1772102470.379,62.50,1,0.707,1
1772102470.396,58.82,1,0.707,1
1772102470.412,58.82,1,0.707,1
1772102470.429,58.82,1,0.707,1
1772102470.445,62.50,1,0.707,1
1772102470.462,58.82,1,0.707,1
1772102470.479,58.82,1,0.707,1
1772102470.496,62.50,1,0.707,1
1772102470.512,58.82,1,0.707,1
1772102470.529,58.82,1,0.707,1
1772102470.545,62.50,1,0.707,1
1772102470.562,58.82,1,0.707,1
1772102470.578,62.50,1,0.707,1
1772102470.595,58.82,1,0.707,1
1772102470.612,62.50,1,0.707,1
1772102470.628,58.82,1,0.707,1
1772102470.645,58.82,1,0.707,1
1772102470.662,58.82,1,0.707,1
1772102470.679,62.50,1,0.707,1
1772102470.695,58.82,1,0.707,1
1772102470.712,58.82,1,0.707,1
1772102470.728,62.50,1,0.707,1
1772102470.745,58.82,1,0.707,1
1772102470.762,58.82,1,0.707,1
1772102470.779,62.50,1,0.707,1
1772102470.795,58.82,1,0.707,1
1772102470.812,58.82,1,0.707,1
1772102470.829,58.82,1,0.707,1
1772102470.845,62.50,1,0.707,1
1772102470.862,58.82,1,0.707,1
1772102470.879,62.50,1,0.707,1
1772102470.895,58.82,1,0.707,1
1772102470.912,62.50,1,0.707,1
1772102470.928,58.82,1,0.707,1
1772102470.945,58.82,1,0.707,1
1772102470.962,62.50,1,0.707,1
1772102470.978,58.82,1,0.707,1
1772102470.995,58.82,1,0.707,1
1772102471.011,62.50,1,0.707,1
1772102471.028,58.82,1,0.707,1
1772102471.045,58.82,1,0.707,1
1772102471.062,58.82,1,0.707,1
1772102471.078,62.50,1,0.707,1
1772102471.095,62.50,1,0.707,1
1772102471.112,58.82,1,0.707,1
1772102471.128,58.82,1,0.707,1
1772102471.145,58.82,1,0.707,1
1772102471.162,58.82,1,0.707,1
1772102471.179,62.50,1,0.707,1
1772102471.195,58.82,1,0.707,1
1772102471.212,62.50,1,0.707,1
1772102471.228,58.82,1,0.707,1
1772102471.245,58.82,1,0.707,1
1772102471.262,58.82,1,0.707,1
1772102471.278,62.50,1,0.707,1
1772102471.295,58.82,1,0.707,1
1772102471.312,62.50,1,0.707,1
1772102471.328,58.82,1,0.707,1
1772102471.345,58.82,1,0.707,1
1772102471.362,58.82,1,0.707,1
1772102471.379,58.82,1,0.707,1
1772102471.395,62.50,1,0.707,1
1772102471.412,58.82,1,0.707,1
1772102471.428,62.50,1,0.707,1
1772102471.445,58.82,1,0.707,1
1772102471.461,62.50,1,0.707,1
1772102471.478,58.82,1,0.707,1
1772102471.495,58.82,1,0.707,1
1772102471.512,62.50,1,0.707,1
1772102471.528,58.82,1,0.707,1
1772102471.545,58.82,1,0.707,1
1772102471.562,62.50,1,0.707,1
1772102471.578,58.82,1,0.707,1
1772102471.595,62.50,1,0.707,1
1772102471.612,58.82,1,0.707,1
1772102471.628,58.82,1,0.707,1
1772102471.645,58.82,1,0.707,1
1772102471.662,58.82,1,0.707,1
1772102471.678,62.50,1,0.707,1
1772102471.695,58.82,1,0.707,1
1772102471.712,58.82,1,0.707,1
1772102471.729,58.82,1,0.707,1
1772102471.746,58.82,1,0.707,1
1772102471.763,62.50,1,0.707,1
1772102471.779,58.82,1,0.707,1
1772102471.796,58.82,1,0.707,1
1772102471.812,62.50,1,0.707,1
1772102471.829,58.82,1,0.707,1
1772102471.845,62.50,1,0.707,1
1772102471.862,58.82,1,0.707,1
1772102471.878,62.50,1,0.707,1
1772102471.895,58.82,1,0.707,1
1772102471.911,62.50,1,0.707,1
1772102471.928,58.82,1,0.707,1
1772102471.945,58.82,1,0.707,1
1772102471.961,62.50,1,0.707,1
1772102471.978,58.82,1,0.707,1
1772102471.995,58.82,1,0.707,1
1772102472.011,62.50,1,0.707,1
1772102472.028,58.82,1,0.707,1
1772102472.045,58.82,1,0.707,1
1772102472.061,62.50,1,0.707,1
1772102472.078,58.82,1,0.707,1
1772102472.094,62.50,1,0.707,1
1772102472.111,58.82,1,0.707,1
1772102472.128,58.82,1,0.707,1
1772102472.145,62.50,1,0.707,1
1772102472.161,58.82,1,0.707,1
1772102472.178,58.82,1,0.707,1
1772102472.195,58.82,1,0.707,1
1772102472.212,62.50,1,0.707,1
1772102472.229,58.82,1,0.707,1
1772102472.245,58.82,1,0.707,1
1772102472.262,58.82,1,0.707,1
1772102472.279,62.50,1,0.707,1
1772102472.295,58.82,1,0.707,1
1772102472.312,58.82,1,0.707,1
1772102472.328,62.50,1,0.707,1
1772102472.345,58.82,1,0.707,1
1772102472.362,58.82,1,0.707,1
1772102472.378,62.50,1,0.707,1
1772102472.395,58.82,1,0.707,1
1772102472.412,58.82,1,0.707,1
1772102472.429,62.50,1,0.707,1
1772102472.446,55.56,1,0.707,1
1772102472.463,58.82,1,0.707,1
1772102472.479,62.50,1,0.707,1
1772102472.496,58.82,1,0.707,1
1772102472.512,62.50,1,0.707,1
1772102472.529,58.82,1,0.707,1
1772102472.545,62.50,1,0.707,1
1772102472.562,58.82,1,0.707,1
1772102472.579,58.82,1,0.707,1
1772102472.596,62.50,1,0.707,1
1772102472.612,58.82,1,0.707,1
1772102472.629,58.82,1,0.707,1
1772102472.645,62.50,1,0.707,1
1772102472.662,58.82,1,0.707,1
1772102472.678,62.50,1,0.707,1
1772102472.695,58.82,1,0.707,1
1772102472.712,58.82,1,0.707,1
1772102472.728,62.50,1,0.707,1
1772102472.745,58.82,1,0.707,1
1772102472.762,58.82,1,0.707,1
1772102472.778,62.50,1,0.707,1
1772102472.795,58.82,1,0.707,1
1772102472.811,62.50,1,0.707,1
1772102472.828,58.82,1,0.707,1
1772102472.845,58.82,1,0.707,1
1772102472.862,58.82,1,0.707,1
1772102472.879,58.82,1,0.707,1
1772102472.895,62.50,1,0.707,1
1772102472.912,58.82,1,0.707,1
1772102472.928,62.50,1,0.707,1
1772102472.945,58.82,1,0.707,1
1772102472.962,62.50,1,0.707,1
1772102472.978,58.82,1,0.707,1
1772102472.995,58.82,1,0.707,1
1772102473.011,62.50,1,0.707,1
1772102473.028,58.82,1,0.707,1
1772102473.045,58.82,1,0.707,1
1772102473.062,58.82,1,0.707,1
1772102473.079,62.50,1,0.707,1
1772102473.095,58.82,1,0.707,1
1772102473.112,62.50,1,0.707,1
1772102473.128,58.82,1,0.707,1
1772102473.145,58.82,1,0.707,1
1772102473.161,62.50,1,0.707,1
1772102473.178,58.82,1,0.707,1
1772102473.195,62.50,1,0.707,1
1772102473.211,58.82,1,0.707,1
1772102473.228,58.82,1,0.707,1
1772102473.245,62.50,1,0.707,1
1772102473.261,58.82,1,0.707,1
1772102473.278,58.82,1,0.707,1
1772102473.295,58.82,1,0.707,1
1772102473.311,62.50,1,0.707,1
1772102473.328,58.82,1,0.707,1
1772102473.345,58.82,1,0.707,1
1772102473.362,58.82,1,0.707,1
1772102473.379,58.82,1,0.707,1
1772102473.395,62.50,1,0.707,1
1772102473.412,58.82,1,0.707,1
1772102473.429,62.50,1,0.707,1
1772102473.446,55.56,1,0.707,1
1772102473.462,62.50,1,0.707,1
1772102473.479,58.82,1,0.707,1
1772102473.496,58.82,1,0.707,1
1772102473.513,62.50,1,0.707,1
1772102473.529,58.82,1,0.707,1
1772102473.546,62.50,1,0.707,1
1772102473.562,58.82,1,0.707,1
1772102473.578,62.50,1,0.707,1
1772102473.595,58.82,1,0.707,1
1772102473.612,58.82,1,0.707,1
1772102473.629,58.82,1,0.707,1
1772102473.646,62.50,1,0.707,1
1772102473.662,58.82,1,0.707,1
1772102473.678,62.50,1,0.707,1
1772102473.695,58.82,1,0.707,1
1772102473.712,58.82,1,0.707,1
1772102473.728,62.50,1,0.707,1
1772102473.745,58.82,1,0.707,1
1772102473.761,62.50,1,0.707,1
1772102473.778,58.82,1,0.707,1
1772102473.795,58.82,1,0.707,1
1772102473.812,58.82,1,0.707,1
1772102473.828,62.50,1,0.707,1
1772102473.845,58.82,1,0.707,1
1772102473.861,62.50,1,0.707,1
1772102473.878,58.82,1,0.707,1
1772102473.894,62.50,1,0.707,1
1772102473.911,58.82,1,0.707,1
1772102473.928,58.82,1,0.707,1
1772102473.945,58.82,1,0.707,1
1772102473.962,62.50,1,0.707,1
1772102473.978,58.82,1,0.707,1
1772102473.995,62.50,1,0.707,1
1772102474.011,58.82,1,0.707,1
1772102474.028,58.82,1,0.707,1
1772102474.045,58.82,1,0.707,1
1772102474.061,62.50,1,0.707,1
1772102474.078,58.82,1,0.707,1
1772102474.095,62.50,1,0.707,1
1772102474.111,58.82,1,0.707,1
1772102474.128,58.82,1,0.707,1
1772102474.145,62.50,1,0.707,1
1772102474.161,58.82,1,0.707,1
1772102474.178,58.82,1,0.707,1
1772102474.195,58.82,1,0.707,1
1772102474.211,62.50,1,0.707,1
1772102474.228,58.82,1,0.707,1
1772102474.245,62.50,1,0.707,1
1772102474.261,58.82,1,0.707,1
1772102474.278,58.82,1,0.707,1
1772102474.295,58.82,1,0.707,1
1772102474.311,62.50,1,0.707,1
1772102474.328,58.82,1,0.707,1
1772102474.345,58.82,1,0.707,1
1772102474.362,58.82,1,0.707,1
1772102474.379,62.50,1,0.707,1
1772102474.395,58.82,1,0.707,1
1772102474.412,58.82,1,0.707,1
1772102474.428,62.50,1,0.707,1
1772102474.445,58.82,1,0.707,1
1772102474.462,58.82,1,0.707,1
1772102474.479,58.82,1,0.707,1
1772102474.495,62.50,1,0.707,1
1772102474.512,58.82,1,0.707,1
1772102474.529,62.50,1,0.707,1
1772102474.545,58.82,1,0.707,1
1772102474.562,62.50,1,0.707,1
1772102474.578,58.82,1,0.707,1
1772102474.595,58.82,1,0.707,1
1772102474.611,62.50,1,0.707,1
1772102474.628,58.82,1,0.707,1
1772102474.645,58.82,1,0.707,1
1772102474.663,55.56,1,0.707,1
1772102474.680,58.82,1,0.707,1
1772102474.696,62.50,1,0.707,1
1772102474.713,58.82,1,0.707,1
1772102474.729,62.50,1,0.707,1
1772102474.746,58.82,1,0.707,1
1772102474.762,62.50,1,0.707,1
1772102474.779,58.82,1,0.707,1
1772102474.796,62.50,1,0.707,1
1772102474.812,58.82,1,0.707,1
1772102474.828,62.50,1,0.707,1
1772102474.845,58.82,1,0.707,1
1772102474.861,62.50,1,0.707,1
1772102474.878,58.82,1,0.707,1
1772102474.895,58.82,1,0.707,1
1772102474.912,58.82,1,0.707,1
1772102474.929,58.82,1,0.707,1
1772102474.945,62.50,1,0.707,1
1772102474.962,58.82,1,0.707,1
1772102474.979,62.50,1,0.707,1
1772102474.995,58.82,1,0.707,1
1772102475.011,62.50,1,0.707,1
1772102475.028,58.82,1,0.707,1
1772102475.045,58.82,1,0.707,1
1772102475.062,58.82,1,0.707,1
1772102475.079,62.50,1,0.707,1
1772102475.095,58.82,1,0.707,1
1772102475.111,62.50,1,0.707,1
1772102475.128,58.82,1,0.707,1
1772102475.145,58.82,1,0.707,1
1772102475.168,45.45,1,0.707,1
1772102475.184,58.82,1,0.707,1
1772102475.201,58.82,1,0.707,1
1772102475.217,62.50,1,0.707,1
1772102475.233,62.50,1,0.707,1
1772102475.250,58.82,1,0.707,1
1772102475.266,62.50,1,0.707,1
1772102475.283,62.50,1,0.707,1
1772102475.299,58.82,1,0.707,1
1772102475.315,62.50,1,0.707,1
1772102475.332,58.82,1,0.707,1
1772102475.349,58.82,1,0.707,1
1772102475.365,62.50,1,0.707,1
1772102475.382,58.82,1,0.707,1
1772102475.398,62.50,1,0.707,1
1772102475.415,58.82,1,0.707,1
1772102475.431,62.50,1,0.707,1
1772102475.448,58.82,1,0.707,1
1772102475.464,62.50,1,0.707,1
1772102475.481,58.82,1,0.707,1
1772102475.498,62.50,1,0.707,1
1772102475.514,58.82,1,0.707,1
1772102475.531,58.82,1,0.707,1
1772102475.547,62.50,1,0.707,1
1772102475.564,58.82,1,0.707,1
1772102475.580,62.50,1,0.707,1
1772102475.597,58.82,1,0.707,1
1772102475.613,62.50,1,0.707,1
1772102475.630,58.82,1,0.707,1
1772102475.647,62.50,1,0.707,1
1772102475.663,58.82,1,0.707,1
1772102475.680,58.82,1,0.707,1
1772102475.696,62.50,1,0.707,1
1772102475.713,58.82,1,0.707,1
1772102475.729,62.50,1,0.707,1
1772102475.746,58.82,1,0.707,1
1772102475.762,62.50,1,0.707,1
1772102475.779,58.82,1,0.707,1
1772102475.796,58.82,1,0.707,1
1772102475.813,62.50,1,0.707,1
1772102475.829,58.82,1,0.707,1
1772102475.846,58.82,1,0.707,1
1772102475.862,62.50,1,0.707,1
1772102475.879,58.82,1,0.707,1
1772102475.896,58.82,1,0.707,1
1772102475.912,62.50,1,0.707,1
1772102475.929,58.82,1,0.707,1
1772102475.946,62.50,1,0.707,1
1772102475.962,58.82,1,0.707,1
1772102475.979,58.82,1,0.707,1
1772102475.995,62.50,1,0.707,1
1772102476.012,58.82,1,0.707,1
1772102476.028,62.50,1,0.707,1
1772102476.045,58.82,1,0.707,1
1772102476.062,58.82,1,0.707,1
1772102476.079,58.82,1,0.707,1
1772102476.095,62.50,1,0.707,1
1772102476.112,58.82,1,0.707,1
1772102476.128,62.50,1,0.707,1
1772102476.145,58.82,1,0.707,1
1772102476.167,45.45,1,0.707,1
1772102476.184,58.82,1,0.707,1
1772102476.200,62.50,1,0.707,1
1772102476.217,58.82,1,0.707,1
1772102476.234,58.82,1,0.707,1
1772102476.250,62.50,1,0.707,1
1772102476.267,58.82,1,0.707,1
1772102476.284,62.50,1,0.707,1
1772102476.300,58.82,1,0.707,1
1772102476.317,58.82,1,0.707,1
1772102476.333,62.50,1,0.707,1
1772102476.350,58.82,1,0.707,1
1772102476.366,62.50,1,0.707,1
1772102476.383,58.82,1,0.707,1
1772102476.399,62.50,1,0.707,1
1772102476.416,58.82,1,0.707,1
1772102476.433,62.50,1,0.707,1
1772102476.449,58.82,1,0.707,1
1772102476.466,62.50,1,0.707,1
1772102476.482,58.82,1,0.707,1
1772102476.499,58.82,1,0.707,1
1772102476.515,62.50,1,0.707,1
1772102476.532,58.82,1,0.707,1
1772102476.548,62.50,1,0.707,1
1772102476.565,58.82,1,0.707,1
1772102476.582,58.82,1,0.707,1
1772102476.598,62.50,1,0.707,1
1772102476.615,58.82,1,0.707,1
1772102476.631,62.50,1,0.707,1
1772102476.648,58.82,1,0.707,1
1772102476.665,62.50,1,0.707,1
1772102476.681,58.82,1,0.707,1
1772102476.698,58.82,1,0.707,1
1772102476.714,62.50,1,0.707,1
1772102476.731,58.82,1,0.707,1
1772102476.747,62.50,1,0.707,1
1772102476.764,58.82,1,0.707,1
1772102476.781,58.82,1,0.707,1
1772102476.797,62.50,1,0.707,1
1772102476.814,58.82,1,0.707,1
1772102476.831,62.50,1,0.707,1
1772102476.847,58.82,1,0.707,1
1772102476.864,58.82,1,0.707,1
1772102476.880,62.50,1,0.707,1
1772102476.897,58.82,1,0.707,1
1772102476.914,58.82,1,0.707,1
1772102476.930,62.50,1,0.707,1
1772102476.947,58.82,1,0.707,1
1772102476.963,62.50,1,0.707,1
1772102476.980,58.82,1,0.707,1
1772102476.997,62.50,1,0.707,1
1772102477.013,58.82,1,0.707,1
1772102477.030,62.50,1,0.707,1
1772102477.046,58.82,1,0.707,1
1772102477.063,58.82,1,0.707,1
1772102477.080,62.50,1,0.707,1
1772102477.096,58.82,1,0.707,1
1772102477.113,58.82,1,0.707,1
1772102477.129,62.50,1,0.707,1
1772102477.146,58.82,1,0.707,1
1772102477.162,62.50,1,0.707,1
1772102477.179,58.82,1,0.707,1
1772102477.196,62.50,1,0.707,1
1772102477.212,58.82,1,0.707,1
1772102477.229,58.82,1,0.707,1
1772102477.245,62.50,1,0.707,1
1772102477.262,58.82,1,0.707,1
1772102477.279,58.82,1,0.707,1
1772102477.295,62.50,1,0.707,1
1772102477.312,58.82,1,0.707,1
1772102477.329,58.82,1,0.707,1
1772102477.346,62.50,1,0.707,1
1772102477.362,58.82,1,0.707,1
1772102477.379,58.82,1,0.707,1
1772102477.395,62.50,1,0.707,1
1772102477.412,58.82,1,0.707,1
1772102477.429,58.82,1,0.707,1
1772102477.445,62.50,1,0.707,1
1772102477.462,58.82,1,0.707,1
1772102477.478,62.50,1,0.707,1
1772102477.495,58.82,1,0.707,1
1772102477.512,62.50,1,0.707,1
1772102477.529,55.56,1,0.707,1
1772102477.545,62.50,1,0.707,1
1772102477.562,58.82,1,0.707,1
1772102477.579,58.82,1,0.707,1
1772102477.595,62.50,1,0.707,1
1772102477.612,58.82,1,0.707,1
1772102477.629,58.82,1,0.707,1
1772102477.645,62.50,1,0.707,1
1772102477.662,58.82,1,0.707,1
1772102477.678,62.50,1,0.707,1
1772102477.695,58.82,1,0.707,1
1772102477.711,62.50,1,0.707,1
1772102477.728,58.82,1,0.707,1
1772102477.745,62.50,1,0.707,1
1772102477.761,58.82,1,0.707,1
1772102477.778,58.82,1,0.707,1
1772102477.795,62.50,1,0.707,1
1772102477.811,58.82,1,0.707,1
1772102477.828,58.82,1,0.707,1
1772102477.844,62.50,1,0.707,1
1772102477.861,58.82,1,0.707,1
1772102477.878,58.82,1,0.707,1
1772102477.894,62.50,1,0.707,1
1772102477.911,58.82,1,0.707,1
1772102477.928,58.82,1,0.707,1
1772102477.945,58.82,1,0.707,1
1772102477.962,58.82,1,0.707,1
1772102477.978,62.50,1,0.707,1
1772102477.995,58.82,1,0.707,1
1772102478.011,62.50,1,0.707,1
1772102478.028,58.82,1,0.707,1
1772102478.045,58.82,1,0.707,1
1772102478.062,62.50,1,0.707,1
1772102478.078,58.82,1,0.707,1
1772102478.095,58.82,1,0.707,1
1772102478.111,62.50,1,0.707,1
1772102478.128,58.82,1,0.707,1
1772102478.145,62.50,1,0.707,1
1772102478.162,55.56,1,0.707,1
1772102478.178,62.50,1,0.707,1
1772102478.196,58.82,1,0.707,1
1772102478.212,58.82,1,0.707,1
1772102478.229,58.82,1,0.707,1
1772102478.245,62.50,1,0.707,1
1772102478.262,58.82,1,0.707,1
1772102478.279,58.82,1,0.707,1
1772102478.295,62.50,1,0.707,1
1772102478.312,58.82,1,0.707,1
1772102478.329,62.50,1,0.707,1
1772102478.345,58.82,1,0.707,1
1772102478.362,62.50,1,0.707,1
1772102478.378,58.82,1,0.707,1
1772102478.395,62.50,1,0.707,1
1772102478.411,58.82,1,0.707,1
1772102478.428,58.82,1,0.707,1
1772102478.445,62.50,1,0.707,1
1772102478.461,58.82,1,0.707,1
1772102478.478,58.82,1,0.707,1
1772102478.494,62.50,1,0.707,1
1772102478.511,58.82,1,0.707,1
1772102478.528,58.82,1,0.707,1
1772102478.545,62.50,1,0.707,1
1772102478.561,58.82,1,0.707,1
1772102478.578,58.82,1,0.707,1
1772102478.594,62.50,1,0.707,1
1772102478.611,58.82,1,0.707,1
1772102478.628,58.82,1,0.707,1
1772102478.644,62.50,1,0.707,1
1772102478.661,58.82,1,0.707,1
1772102478.678,58.82,1,0.707,1
1772102478.695,58.82,1,0.707,1
1772102478.711,62.50,1,0.707,1
1772102478.728,58.82,1,0.707,1
1772102478.745,58.82,1,0.707,1
1772102478.762,62.50,1,0.707,1
1772102478.778,58.82,1,0.707,1
1772102478.795,58.82,1,0.707,1
1772102478.811,62.50,1,0.707,1
1772102478.828,58.82,1,0.707,1
1772102478.845,62.50,1,0.707,1
1772102478.861,58.82,1,0.707,1
1772102478.878,58.82,1,0.707,1
1772102478.895,58.82,1,0.707,1
1772102478.912,58.82,1,0.707,1
1772102478.928,62.50,1,0.707,1
1772102478.945,58.82,1,0.707,1
1772102478.962,62.50,1,0.707,1
1772102478.979,55.56,1,0.707,1
1772102478.995,62.50,1,0.707,1
1772102479.012,58.82,1,0.707,1
1772102479.028,62.50,1,0.707,1
1772102479.045,58.82,1,0.707,1
1772102479.062,58.82,1,0.707,1
1772102479.079,62.50,1,0.707,1
1772102479.095,58.82,1,0.707,1
1772102479.112,58.82,1,0.707,1
1772102479.129,62.50,1,0.707,1
1772102479.146,58.82,1,0.707,1
1772102479.162,58.82,1,0.707,1
1772102479.179,58.82,1,0.707,1
1772102479.196,62.50,1,0.707,1
1772102479.212,58.82,1,0.707,1
1772102479.229,58.82,1,0.707,1
1772102479.245,62.50,1,0.707,1
1772102479.262,58.82,1,0.707,1
1772102479.278,62.50,1,0.707,1
1772102479.295,58.82,1,0.707,1
1772102479.312,62.50,1,0.707,1
1772102479.328,58.82,1,0.707,1
1772102479.345,58.82,1,0.707,1
1772102479.361,62.50,1,0.707,1
1772102479.379,55.56,1,0.707,1
1772102479.395,62.50,1,0.707,1
1772102479.412,58.82,1,0.707,1
1772102479.429,58.82,1,0.707,1
1772102479.449,50.00,1,0.707,1
1772102479.466,58.82,1,0.707,1
1772102479.482,62.50,1,0.707,1
1772102479.499,58.82,1,0.707,1
1772102479.515,62.50,1,0.707,1
1772102479.532,58.82,1,0.707,1
1772102479.548,62.50,1,0.707,1
1772102479.565,58.82,1,0.707,1
1772102479.581,62.50,1,0.707,1
1772102479.598,58.82,1,0.707,1
1772102479.615,62.50,1,0.707,1
1772102479.631,58.82,1,0.707,1
1772102479.648,62.50,1,0.707,1
1772102479.664,58.82,1,0.707,1
1772102479.681,62.50,1,0.707,1
1772102479.697,58.82,1,0.707,1
1772102479.714,62.50,1,0.707,1
1772102479.730,58.82,1,0.707,1
1772102479.747,58.82,1,0.707,1
1772102479.763,62.50,1,0.707,1
1772102479.780,58.82,1,0.707,1
1772102479.796,62.50,1,0.707,1
1772102479.813,58.82,1,0.707,1
1772102479.830,58.82,1,0.707,1
1772102479.846,62.50,1,0.707,1
1772102479.863,58.82,1,0.707,1
1772102479.880,58.82,1,0.707,1
1772102479.896,62.50,1,0.707,1
1772102479.913,58.82,1,0.707,1
1772102479.930,62.50,1,0.707,1
1772102479.946,58.82,1,0.707,1
1772102479.963,58.82,1,0.707,1
1772102479.979,62.50,1,0.707,1
1772102479.996,58.82,1,0.707,1
1772102480.013,62.50,1,0.707,1
1772102480.029,58.82,1,0.707,1
1772102480.046,58.82,1,0.707,1
1772102480.062,62.50,1,0.707,1
1772102480.079,58.82,1,0.707,1
1772102480.096,58.82,1,0.707,1
1772102480.113,58.82,1,0.707,1
1772102480.129,62.50,1,0.707,1
1772102480.146,58.82,1,0.707,1
1772102480.163,58.82,1,0.707,1
1772102480.179,62.50,1,0.707,1
1772102480.196,58.82,1,0.707,1
1772102480.213,58.82,1,0.707,1
1772102480.229,62.50,1,0.707,1
1772102480.246,58.82,1,0.707,1
1772102480.263,62.50,1,0.707,1
1772102480.279,58.82,1,0.707,1
1772102480.301,45.45,1,0.707,1
1772102480.318,62.50,1,0.707,1
1772102480.334,58.82,1,0.707,1
1772102480.351,58.82,1,0.707,1
1772102480.367,62.50,1,0.707,1
1772102480.384,58.82,1,0.707,1
1772102480.400,62.50,1,0.707,1
1772102480.417,62.50,1,0.707,1
1772102480.433,58.82,1,0.707,1
1772102480.450,62.50,1,0.707,1
1772102480.466,58.82,1,0.707,1
1772102480.483,62.50,1,0.707,1
1772102480.499,58.82,1,0.707,1
1772102480.516,58.82,1,0.707,1
1772102480.533,62.50,1,0.707,1
1772102480.549,58.82,1,0.707,1
1772102480.566,58.82,1,0.707,1
1772102480.583,58.82,1,0.707,1
1772102480.599,62.50,1,0.707,1
1772102480.616,58.82,1,0.707,1
1772102480.632,62.50,1,0.707,1
1772102480.649,58.82,1,0.707,1
1772102480.665,62.50,1,0.707,1
1772102480.682,58.82,1,0.707,1
1772102480.698,62.50,1,0.707,1
1772102480.715,58.82,1,0.707,1
1772102480.732,58.82,1,0.707,1
1772102480.748,62.50,1,0.707,1
1772102480.765,58.82,1,0.707,1
1772102480.782,62.50,1,0.707,1
1772102480.798,58.82,1,0.707,1
1772102480.815,58.82,1,0.707,1
1772102480.832,58.82,1,0.707,1
1772102480.849,58.82,1,0.707,1
1772102480.866,62.50,1,0.707,1
1772102480.882,58.82,1,0.707,1
1772102480.899,58.82,1,0.707,1
1772102480.916,62.50,1,0.707,1
1772102480.932,58.82,1,0.707,1
1772102480.949,58.82,1,0.707,1
1772102480.965,62.50,1,0.707,1
1772102480.982,58.82,1,0.707,1
1772102480.999,62.50,1,0.707,1
1772102481.015,58.82,1,0.707,1
1772102481.032,62.50,1,0.707,1
1772102481.048,58.82,1,0.707,1
1772102481.065,62.50,1,0.707,1
1772102481.081,58.82,1,0.707,1
1772102481.098,58.82,1,0.707,1
1772102481.114,62.50,1,0.707,1
1772102481.131,58.82,1,0.707,1
1772102481.147,62.50,1,0.707,1
1772102481.164,58.82,1,0.707,1
1772102481.180,62.50,1,0.707,1
1772102481.197,58.82,1,0.707,1
1772102481.214,62.50,1,0.707,1
1772102481.230,58.82,1,0.707,1
1772102481.247,58.82,1,0.707,1
1772102481.263,62.50,1,0.707,1
1772102481.280,58.82,1,0.707,1
1772102481.298,58.82,1,0.707,1
1772102481.314,58.82,1,0.707,1
1772102481.331,58.82,1,0.707,1
1772102481.347,62.50,1,0.707,1
1772102481.364,58.82,1,0.707,1
1772102481.380,62.50,1,0.707,1
1772102481.397,58.82,1,0.707,1
1772102481.414,58.82,1,0.707,1
1772102481.430,62.50,1,0.707,1
1772102481.447,58.82,1,0.707,1
1772102481.463,62.50,1,0.707,1
1772102481.480,58.82,1,0.707,1
1772102481.496,62.50,1,0.707,1
1772102481.513,58.82,1,0.707,1
1772102481.530,62.50,1,0.707,1
1772102481.546,58.82,1,0.707,1
1772102481.563,58.82,1,0.707,1
1772102481.579,62.50,1,0.707,1
1772102481.596,58.82,1,0.707,1
1772102481.612,62.50,1,0.707,1
1772102481.629,58.82,1,0.707,1
1772102481.645,62.50,1,0.707,1
1772102481.662,58.82,1,0.707,1
1772102481.679,62.50,1,0.707,1
1772102481.695,58.82,1,0.707,1
1772102481.712,58.82,1,0.707,1
1772102481.728,62.50,1,0.707,1
1772102481.745,58.82,1,0.707,1
1772102481.761,62.50,1,0.707,1
1772102481.778,58.82,1,0.707,1
1772102481.795,62.50,1,0.707,1
1772102481.811,58.82,1,0.707,1
1772102481.828,58.82,1,0.707,1
1772102481.844,62.50,1,0.707,1
1772102481.861,58.82,1,0.707,1
1772102481.878,62.50,1,0.707,1
1772102481.895,55.56,1,0.707,1
1772102481.912,58.82,1,0.707,1
1772102481.928,62.50,1,0.707,1
1772102481.945,58.82,1,0.707,1
1772102481.962,58.82,1,0.707,1
1772102481.979,58.82,1,0.707,1
1772102481.995,62.50,1,0.707,1
1772102482.012,58.82,1,0.707,1
1772102482.029,58.82,1,0.707,1
1772102482.045,62.50,1,0.707,1
1772102482.062,58.82,1,0.707,1
1772102482.079,62.50,1,0.707,1
1772102482.095,58.82,1,0.707,1
1772102482.112,58.82,1,0.707,1
1772102482.129,62.50,1,0.707,1
1772102482.145,58.82,1,0.707,1
1772102482.162,58.82,1,0.707,1
1772102482.178,62.50,1,0.707,1
1772102482.195,58.82,1,0.707,1
1772102482.212,58.82,1,0.707,1
1772102482.228,62.50,1,0.707,1
1772102482.245,58.82,1,0.707,1
1772102482.262,58.82,1,0.707,1
1772102482.279,58.82,1,0.707,1
1772102482.296,62.50,1,0.707,1
1772102482.312,58.82,1,0.707,1
1772102482.329,58.82,1,0.707,1
1772102482.345,62.50,1,0.707,1
1772102482.362,58.82,1,0.707,1
1772102482.380,55.56,1,0.707,1
1772102482.396,62.50,1,0.707,1
1772102482.413,58.82,1,0.707,1
1772102482.430,58.82,1,0.707,1
1772102482.446,62.50,1,0.707,1
1772102482.463,58.82,1,0.707,1
1772102482.479,62.50,1,0.707,1
1772102482.496,58.82,1,0.707,1
1772102482.512,62.50,1,0.707,1
1772102482.529,58.82,1,0.707,1
1772102482.545,62.50,1,0.707,1
1772102482.562,58.82,1,0.707,1
1772102482.579,58.82,1,0.707,1
1772102482.596,58.82,1,0.707,1
1772102482.613,58.82,1,0.707,1
1772102482.629,62.50,1,0.707,1
1772102482.646,58.82,1,0.707,1
1772102482.663,62.50,1,0.707,1
1772102482.679,58.82,1,0.707,1
1772102482.696,58.82,1,0.707,1
1772102482.713,58.82,1,0.707,1
1772102482.729,62.50,1,0.707,1
1772102482.746,58.82,1,0.707,1
1772102482.763,62.50,1,0.707,1
1772102482.779,58.82,1,0.707,1
1772102482.796,62.50,1,0.707,1
1772102482.812,58.82,1,0.707,1
1772102482.829,58.82,1,0.707,1
1772102482.846,62.50,1,0.707,1
1772102482.862,58.82,1,0.707,1
1772102482.879,58.82,1,0.707,1
1772102482.896,58.82,1,0.707,1
1772102482.912,62.50,1,0.707,1
1772102482.929,58.82,1,0.707,1
1772102482.945,62.50,1,0.707,1
1772102482.962,58.82,1,0.707,1
1772102482.979,58.82,1,0.707,1
1772102482.995,62.50,1,0.707,1
1772102483.012,58.82,1,0.707,1
1772102483.029,58.82,1,0.707,1
1772102483.045,62.50,1,0.707,1
1772102483.062,58.82,1,0.707,1
1772102483.079,58.82,1,0.707,1
1772102483.095,62.50,1,0.707,1
1772102483.112,58.82,1,0.707,1
1772102483.129,62.50,1,0.707,1
1772102483.145,58.82,1,0.707,1
1772102483.162,58.82,1,0.707,1
1772102483.178,62.50,1,0.707,1
1772102483.195,58.82,1,0.707,1
1772102483.212,62.50,1,0.707,1
1772102483.229,58.82,1,0.707,1
1772102483.245,58.82,1,0.707,1
1772102483.262,58.82,1,0.707,1
1772102483.278,62.50,1,0.707,1
1772102483.295,58.82,1,0.707,1
1772102483.312,58.82,1,0.707,1
1772102483.328,62.50,1,0.707,1
1772102483.345,58.82,1,0.707,1
1772102483.362,58.82,1,0.707,1
1772102483.378,62.50,1,0.707,1
1772102483.395,58.82,1,0.707,1
1772102483.411,62.50,1,0.707,1
1772102483.428,58.82,1,0.707,1
1772102483.445,58.82,1,0.707,1
1772102483.462,62.50,1,0.707,1
1772102483.478,58.82,1,0.707,1
1772102483.495,58.82,1,0.707,1
1772102483.512,62.50,1,0.707,1
1772102483.529,55.56,1,0.707,1
1772102483.546,62.50,1,0.707,1
1772102483.562,58.82,1,0.707,1
1772102483.579,58.82,1,0.707,1
1772102483.596,62.50,1,0.707,1
1772102483.612,58.82,1,0.707,1
1772102483.629,58.82,1,0.707,1
1772102483.645,62.50,1,0.707,1
1772102483.662,58.82,1,0.707,1
1772102483.679,58.82,1,0.707,1
1772102483.695,62.50,1,0.707,1
1772102483.712,58.82,1,0.707,1
1772102483.729,62.50,1,0.707,1
1772102483.745,58.82,1,0.707,1
1772102483.762,58.82,1,0.707,1
1772102483.779,62.50,1,0.707,1
1772102483.795,58.82,1,0.707,1
1772102483.812,58.82,1,0.707,1
1772102483.829,62.50,1,0.707,1
1772102483.845,58.82,1,0.707,1
1772102483.862,58.82,1,0.707,1
1772102483.878,62.50,1,0.707,1
1772102483.895,58.82,1,0.707,1
1772102483.911,62.50,1,0.707,1
1772102483.928,58.82,1,0.707,1
1772102483.945,58.82,1,0.707,1
1772102483.962,58.82,1,0.707,1
1772102483.979,58.82,1,0.707,1
1772102483.995,62.50,1,0.707,1
1772102484.012,58.82,1,0.707,1
1772102484.029,62.50,1,0.707,1
1772102484.045,58.82,1,0.707,1
1772102484.062,58.82,1,0.707,1
1772102484.079,58.82,1,0.707,1
1772102484.095,62.50,1,0.707,1
1772102484.112,58.82,1,0.707,1
1772102484.129,62.50,1,0.707,1
1772102484.145,58.82,1,0.707,1
1772102484.162,58.82,1,0.707,1
1772102484.178,62.50,1,0.707,1
1772102484.195,58.82,1,0.707,1
1772102484.212,58.82,1,0.707,1
1772102484.229,58.82,1,0.707,1
1772102484.246,58.82,1,0.707,1
1772102484.262,62.50,1,0.707,1
1772102484.279,58.82,1,0.707,1
1772102484.296,62.50,1,0.707,1
1772102484.312,58.82,1,0.707,1
1772102484.329,58.82,1,0.707,1
1772102484.345,62.50,1,0.707,1
1772102484.362,58.82,1,0.707,1
1772102484.379,62.50,1,0.707,1
1772102484.395,58.82,1,0.707,1
1772102484.412,58.82,1,0.707,1
1772102484.428,62.50,1,0.707,1
1772102484.445,58.82,1,0.707,1
1772102484.462,58.82,1,0.707,1
1772102484.479,62.50,1,0.707,1
1772102484.495,58.82,1,0.707,1
1772102484.512,62.50,1,0.707,1
1772102484.528,58.82,1,0.707,1
1772102484.545,58.82,1,0.707,1
1772102484.561,62.50,1,0.707,1
1772102484.579,58.82,1,0.707,1
1772102484.596,55.56,1,0.707,1
1772102484.613,58.82,1,0.707,1
1772102484.629,62.50,1,0.707,1
1772102484.646,58.82,1,0.707,1
1772102484.663,58.82,1,0.707,1
1772102484.680,62.50,1,0.707,1
1772102484.696,58.82,1,0.707,1
1772102484.713,58.82,1,0.707,1
1772102484.729,62.50,1,0.707,1
1772102484.746,58.82,1,0.707,1
1772102484.763,62.50,1,0.707,1
1772102484.779,58.82,1,0.707,1
1772102484.796,58.82,1,0.707,1
1772102484.812,62.50,1,0.707,1
1772102484.829,58.82,1,0.707,1
1772102484.846,62.50,1,0.707,1
1772102484.862,58.82,1,0.707,1
1772102484.879,58.82,1,0.707,1
1772102484.895,62.50,1,0.707,1
1772102484.912,58.82,1,0.707,1
1772102484.928,62.50,1,0.707,1
1772102484.945,58.82,1,0.707,1
1772102484.962,62.50,1,0.707,1
1772102484.978,58.82,1,0.707,1
1772102484.995,58.82,1,0.707,1
1772102485.012,58.82,1,0.707,1
1772102485.028,62.50,1,0.707,1
1772102485.045,58.82,1,0.707,1
1772102485.061,62.50,1,0.707,1
1772102485.079,58.82,1,0.707,1
1772102485.095,58.82,1,0.707,1
1772102485.112,58.82,1,0.707,1
1772102485.129,58.82,1,0.707,1
1772102485.145,62.50,1,0.707,1
1772102485.162,58.82,1,0.707,1
1772102485.179,62.50,1,0.707,1
1772102485.195,58.82,1,0.707,1
1772102485.212,58.82,1,0.707,1
1772102485.228,62.50,1,0.707,1
1772102485.245,58.82,1,0.707,1
1772102485.261,62.50,1,0.707,1
1772102485.278,58.82,1,0.707,1
1772102485.295,62.50,1,0.707,1
1772102485.311,58.82,1,0.707,1
1772102485.328,58.82,1,0.707,1
1772102485.345,58.82,1,0.707,1
1772102485.362,62.50,1,0.707,1
1772102485.378,58.82,1,0.707,1
1772102485.395,58.82,1,0.707,1
1772102485.412,58.82,1,0.707,1
1772102485.429,58.82,1,0.707,1
1772102485.446,62.50,1,0.707,1
1772102485.462,58.82,1,0.707,1
1772102485.479,62.50,1,0.707,1
1772102485.495,58.82,1,0.707,1
1772102485.512,58.82,1,0.707,1
1772102485.528,62.50,1,0.707,1
1772102485.545,58.82,1,0.707,1
1772102485.562,62.50,1,0.707,1
1772102485.578,58.82,1,0.707,1
1772102485.595,58.82,1,0.707,1
1772102485.611,62.50,1,0.707,1
1772102485.628,58.82,1,0.707,1
1772102485.645,58.82,1,0.707,1
1772102485.662,62.50,1,0.707,1
1772102485.679,58.82,1,0.707,1
1772102485.695,58.82,1,0.707,1
1772102485.712,58.82,1,0.707,1
1772102485.728,62.50,1,0.707,1
1772102485.745,58.82,1,0.707,1
1772102485.762,62.50,1,0.707,1
1772102485.778,58.82,1,0.707,1
1772102485.795,58.82,1,0.707,1
1772102485.812,62.50,1,0.707,1
1772102485.828,58.82,1,0.707,1
1772102485.845,58.82,1,0.707,1
1772102485.862,62.50,1,0.707,1
1772102485.878,58.82,1,0.707,1
1772102485.895,58.82,1,0.707,1
1772102485.912,58.82,1,0.707,1
1772102485.929,58.82,1,0.707,1
1772102485.945,62.50,1,0.707,1
1772102485.962,58.82,1,0.707,1
1772102485.979,62.50,1,0.707,1
1772102485.995,58.82,1,0.707,1
1772102486.012,62.50,1,0.707,1
1772102486.028,58.82,1,0.707,1
1772102486.045,58.82,1,0.707,1
1772102486.062,58.82,1,0.707,1
1772102486.078,62.50,1,0.707,1
1772102486.095,58.82,1,0.707,1
1772102486.112,58.82,1,0.707,1
1772102486.129,58.82,1,0.707,1
1772102486.145,62.50,1,0.707,1
1772102486.162,58.82,1,0.707,1
1772102486.178,62.50,1,0.707,1
1772102486.195,58.82,1,0.707,1
1772102486.212,62.50,1,0.707,1
1772102486.228,58.82,1,0.707,1
1772102486.245,58.82,1,0.707,1
1772102486.261,62.50,1,0.707,1
1772102486.278,58.82,1,0.707,1
1772102486.295,58.82,1,0.707,1
1772102486.312,58.82,1,0.707,1
1772102486.329,58.82,1,0.707,1
1772102486.345,62.50,1,0.707,1
1772102486.362,58.82,1,0.707,1
1772102486.378,62.50,1,0.707,1
1772102486.395,58.82,1,0.707,1
1772102486.412,62.50,1,0.707,1
1772102486.428,58.82,1,0.707,1
1772102486.445,58.82,1,0.707,1
1772102486.462,58.82,1,0.707,1
1772102486.478,62.50,1,0.707,1
1772102486.495,58.82,1,0.707,1
1772102486.511,62.50,1,0.707,1
1772102486.528,58.82,1,0.707,1
1772102486.545,58.82,1,0.707,1
1772102486.562,62.50,1,0.707,1
1772102486.578,58.82,1,0.707,1
1772102486.595,58.82,1,0.707,1
1772102486.612,58.82,1,0.707,1
1772102486.628,62.50,1,0.707,1
1772102486.645,58.82,1,0.707,1
1772102486.662,62.50,1,0.707,1
1772102486.678,58.82,1,0.707,1
1772102486.695,58.82,1,0.707,1
1772102486.712,58.82,1,0.707,1
1772102486.728,62.50,1,0.707,1
1772102486.745,58.82,1,0.707,1
1772102486.761,62.50,1,0.707,1
1772102486.778,58.82,1,0.707,1
1772102486.795,58.82,1,0.707,1
1772102486.812,58.82,1,0.707,1
1772102486.828,62.50,1,0.707,1
1772102486.845,58.82,1,0.707,1
1772102486.862,62.50,1,0.707,1
1772102486.878,58.82,1,0.707,1
1772102486.895,62.50,1,0.707,1
1772102486.911,58.82,1,0.707,1
1772102486.928,58.82,1,0.707,1
1772102486.944,62.50,1,0.707,1
1772102486.961,58.82,1,0.707,1
1772102486.978,58.82,1,0.707,1
1772102486.995,58.82,1,0.707,1
1772102487.012,58.82,1,0.707,1
1772102487.029,58.82,1,0.707,1
1772102487.046,62.50,1,0.707,1
1772102487.062,58.82,1,0.707,1
1772102487.079,58.82,1,0.707,1
1772102487.095,62.50,1,0.707,1
1772102487.112,58.82,1,0.707,1
1772102487.129,58.82,1,0.707,1
1772102487.145,62.50,1,0.707,1
1772102487.162,58.82,1,0.707,1
1772102487.178,62.50,1,0.707,1
1772102487.195,58.82,1,0.707,1
1772102487.212,62.50,1,0.707,1
1772102487.228,58.82,1,0.707,1
1772102487.245,58.82,1,0.707,1
1772102487.262,58.82,1,0.707,1
1772102487.278,62.50,1,0.707,1
1772102487.295,58.82,1,0.707,1
1772102487.312,58.82,1,0.707,1
1772102487.329,58.82,1,0.707,1
1772102487.346,62.50,1,0.707,1
1772102487.362,58.82,1,0.707,1
1772102487.379,62.50,1,0.707,1
1772102487.395,58.82,1,0.707,1
1772102487.412,58.82,1,0.707,1
1772102487.429,62.50,1,0.707,1
1772102487.445,58.82,1,0.707,1
1772102487.462,62.50,1,0.707,1
1772102487.478,58.82,1,0.707,1
1772102487.495,58.82,1,0.707,1
1772102487.512,62.50,1,0.707,1
1772102487.528,58.82,1,0.707,1
1772102487.545,58.82,1,0.707,1
1772102487.561,62.50,1,0.707,1
1772102487.578,58.82,1,0.707,1
1772102487.595,58.82,1,0.707,1
1772102487.612,58.82,1,0.707,1
1772102487.628,62.50,1,0.707,1
1772102487.645,58.82,1,0.707,1
1772102487.661,62.50,1,0.707,1
1772102487.678,58.82,1,0.707,1
1772102487.695,58.82,1,0.707,1
1772102487.711,62.50,1,0.707,1
1772102487.728,58.82,1,0.707,1
1772102487.745,62.50,1,0.707,1
1772102487.762,58.82,1,0.707,1
1772102487.778,58.82,1,0.707,1
1772102487.795,58.82,1,0.707,1
1772102487.811,62.50,1,0.707,1
1772102487.828,58.82,1,0.707,1
1772102487.845,58.82,1,0.707,1
1772102487.861,62.50,1,0.707,1
1772102487.878,58.82,1,0.707,1
1772102487.895,58.82,1,0.707,1
1772102487.912,62.50,1,0.707,1
1772102487.929,58.82,1,0.707,1
1772102487.946,55.56,1,0.707,1
1772102487.962,62.50,1,0.707,1
1772102487.979,58.82,1,0.707,1
1772102487.996,62.50,1,0.707,1
1772102488.012,58.82,1,0.707,1
1772102488.029,58.82,1,0.707,1
1772102488.045,62.50,1,0.707,1
1772102488.062,58.82,1,0.707,1
1772102488.079,62.50,1,0.707,1
1772102488.095,58.82,1,0.707,1
1772102488.112,62.50,1,0.707,1
1772102488.129,58.82,1,0.707,1
1772102488.145,58.82,1,0.707,1
1772102488.162,58.82,1,0.707,1
1772102488.179,62.50,1,0.707,1
1772102488.195,58.82,1,0.707,1
1772102488.212,62.50,1,0.707,1
1772102488.228,58.82,1,0.707,1
1772102488.245,58.82,1,0.707,1
1772102488.262,58.82,1,0.707,1
1772102488.278,62.50,1,0.707,1
1772102488.296,58.82,1,0.707,1
1772102488.312,58.82,1,0.707,1
1772102488.329,58.82,1,0.707,1
1772102488.345,62.50,1,0.707,1
1772102488.362,58.82,1,0.707,1
1772102488.378,62.50,1,0.707,1
1772102488.395,58.82,1,0.707,1
1772102488.412,62.50,1,0.707,1
1772102488.428,58.82,1,0.707,1
1772102488.445,58.82,1,0.707,1
1772102488.462,58.82,1,0.707,1
1772102488.479,58.82,1,0.707,1
1772102488.496,58.82,1,0.707,1
1772102488.512,62.50,1,0.707,1
1772102488.529,58.82,1,0.707,1
1772102488.545,62.50,1,0.707,1
1772102488.562,58.82,1,0.707,1
1772102488.579,62.50,1,0.707,1
1772102488.595,58.82,1,0.707,1
1772102488.612,58.82,1,0.707,1
1772102488.628,62.50,1,0.707,1
1772102488.645,58.82,1,0.707,1
1772102488.662,58.82,1,0.707,1
1772102488.679,62.50,1,0.707,1
1772102488.695,58.82,1,0.707,1
1772102488.712,58.82,1,0.707,1
1772102488.729,62.50,1,0.707,1
1772102488.745,58.82,1,0.707,1
1772102488.762,62.50,1,0.707,1
1772102488.779,58.82,1,0.707,1
1772102488.795,58.82,1,0.707,1
1772102488.812,62.50,1,0.707,1
1772102488.828,58.82,1,0.707,1
1772102488.845,58.82,1,0.707,1
1772102488.862,62.50,1,0.707,1
1772102488.878,58.82,1,0.707,1
1772102488.895,58.82,1,0.707,1
1772102488.912,58.82,1,0.707,1
1772102488.929,58.82,1,0.707,1
1772102488.946,62.50,1,0.707,1
1772102488.962,58.82,1,0.707,1
1772102488.979,62.50,1,0.707,1
1772102488.995,58.82,1,0.707,1
1772102489.012,58.82,1,0.707,1
1772102489.028,62.50,1,0.707,1
1772102489.045,58.82,1,0.707,1
1772102489.061,62.50,1,0.707,1
1772102489.078,58.82,1,0.707,1
1772102489.095,62.50,1,0.707,1
1772102489.112,58.82,1,0.707,1
1772102489.128,58.82,1,0.707,1
1772102489.145,58.82,1,0.707,1
1772102489.161,62.50,1,0.707,1
1772102489.178,58.82,1,0.707,1
1772102489.195,58.82,1,0.707,1
1772102489.212,62.50,1,0.707,1
1772102489.229,58.82,1,0.707,1
1772102489.245,58.82,1,0.707,1
1772102489.262,58.82,1,0.707,1
1772102489.279,58.82,1,0.707,1
1772102489.296,62.50,1,0.707,1
1772102489.312,58.82,1,0.707,1
1772102489.329,62.50,1,0.707,1
1772102489.345,58.82,1,0.707,1
1772102489.362,58.82,1,0.707,1
1772102489.378,62.50,1,0.707,1
1772102489.395,58.82,1,0.707,1
1772102489.412,58.82,1,0.707,1
1772102489.429,62.50,1,0.707,1
1772102489.445,58.82,1,0.707,1
1772102489.466,47.62,1,0.707,1
1772102489.483,58.82,1,0.707,1
1772102489.500,62.50,1,0.707,1
1772102489.516,58.82,1,0.707,1
1772102489.533,58.82,1,0.707,1
1772102489.549,62.50,1,0.707,1
1772102489.566,58.82,1,0.707,1
1772102489.582,62.50,1,0.707,1
1772102489.599,58.82,1,0.707,1
1772102489.615,62.50,1,0.707,1
1772102489.632,58.82,1,0.707,1
1772102489.648,62.50,1,0.707,1
1772102489.665,58.82,1,0.707,1
1772102489.681,62.50,1,0.707,1
1772102489.698,58.82,1,0.707,1
1772102489.714,62.50,1,0.707,1
1772102489.731,58.82,1,0.707,1
1772102489.747,62.50,1,0.707,1
1772102489.764,58.82,1,0.707,1
1772102489.780,62.50,1,0.707,1
1772102489.797,58.82,1,0.707,1
1772102489.813,62.50,1,0.707,1
1772102489.830,58.82,1,0.707,1
1772102489.847,62.50,1,0.707,1
1772102489.863,58.82,1,0.707,1
1772102489.880,58.82,1,0.707,1
1772102489.897,62.50,1,0.707,1
1772102489.913,58.82,1,0.707,1
1772102489.930,58.82,1,0.707,1
1772102489.946,62.50,1,0.707,1
1772102489.963,58.82,1,0.707,1
1772102489.980,62.50,1,0.707,1
1772102489.996,58.82,1,0.707,1
1772102490.013,58.82,1,0.707,1
1772102490.029,62.50,1,0.707,1
1772102490.046,58.82,1,0.707,1
1772102490.062,62.50,1,0.707,1
1772102490.079,58.82,1,0.707,1
1772102490.096,62.50,1,0.707,1
1772102490.112,58.82,1,0.707,1
1772102490.129,58.82,1,0.707,1
1772102490.146,58.82,1,0.707,1
1772102490.162,62.50,1,0.707,1
1772102490.179,58.82,1,0.707,1
1772102490.196,62.50,1,0.707,1
1772102490.212,58.82,1,0.707,1
1772102490.229,58.82,1,0.707,1
1772102490.246,58.82,1,0.707,1
1772102490.263,58.82,1,0.707,1
1772102490.279,62.50,1,0.707,1
1772102490.296,58.82,1,0.707,1
1772102490.313,62.50,1,0.707,1
1772102490.329,58.82,1,0.707,1
1772102490.346,58.82,1,0.707,1
1772102490.362,62.50,1,0.707,1
1772102490.379,58.82,1,0.707,1
1772102490.396,62.50,1,0.707,1
1772102490.412,58.82,1,0.707,1
1772102490.429,62.50,1,0.707,1
1772102490.445,58.82,1,0.707,1
1772102490.462,58.82,1,0.707,1
1772102490.478,62.50,1,0.707,1
1772102490.495,58.82,1,0.707,1
1772102490.512,62.50,1,0.707,1
1772102490.528,58.82,1,0.707,1
1772102490.545,58.82,1,0.707,1
1772102490.562,58.82,1,0.707,1
1772102490.578,62.50,1,0.707,1
1772102490.595,58.82,1,0.707,1
1772102490.611,62.50,1,0.707,1
1772102490.628,58.82,1,0.707,1
1772102490.645,58.82,1,0.707,1
1772102490.662,62.50,1,0.707,1
1772102490.678,58.82,1,0.707,1
1772102490.695,58.82,1,0.707,1
1772102490.711,62.50,1,0.707,1
1772102490.728,58.82,1,0.707,1
1772102490.745,58.82,1,0.707,1
1772102490.761,62.50,1,0.707,1
1772102490.778,58.82,1,0.707,1
1772102490.795,58.82,1,0.707,1
1772102490.812,58.82,1,0.707,1
1772102490.828,62.50,1,0.707,1
1772102490.845,58.82,1,0.707,1
1772102490.862,62.50,1,0.707,1
1772102490.878,58.82,1,0.707,1
1772102490.895,58.82,1,0.707,1
1772102490.912,62.50,1,0.707,1
1772102490.928,58.82,1,0.707,1
1772102490.945,58.82,1,0.707,1
1772102490.961,62.50,1,0.707,1
1772102490.978,58.82,1,0.707,1
1772102490.995,58.82,1,0.707,1
1772102491.012,58.82,1,0.707,1
1772102491.029,62.50,1,0.707,1
1772102491.045,58.82,1,0.707,1
1772102491.062,58.82,1,0.707,1
1772102491.078,62.50,1,0.707,1
1772102491.095,58.82,1,0.707,1
1772102491.112,62.50,1,0.707,1
1772102491.128,58.82,1,0.707,1
1772102491.145,58.82,1,0.707,1
1772102491.161,62.50,1,0.707,1
1772102491.178,58.82,1,0.707,1
1772102491.195,58.82,1,0.707,1
1772102491.211,62.50,1,0.707,1
1772102491.228,58.82,1,0.707,1
1772102491.245,58.82,1,0.707,1
1772102491.262,58.82,1,0.707,1
1772102491.282,52.63,1,0.707,1
1772102491.298,58.82,1,0.707,1
1772102491.315,58.82,1,0.707,1
1772102491.332,62.50,1,0.707,1
1772102491.348,58.82,1,0.707,1
1772102491.365,58.82,1,0.707,1
1772102491.381,62.50,1,0.707,1
1772102491.398,58.82,1,0.707,1
1772102491.415,62.50,1,0.707,1
1772102491.431,58.82,1,0.707,1
1772102491.448,58.82,1,0.707,1
1772102491.465,62.50,1,0.707,1
1772102491.481,58.82,1,0.707,1
1772102491.498,58.82,1,0.707,1
1772102491.514,62.50,1,0.707,1
1772102491.531,58.82,1,0.707,1
1772102491.547,62.50,1,0.707,1
1772102491.564,58.82,1,0.707,1
1772102491.581,62.50,1,0.707,1
1772102491.597,58.82,1,0.707,1
1772102491.614,58.82,1,0.707,1
1772102491.630,62.50,1,0.707,1
1772102491.647,58.82,1,0.707,1
1772102491.664,62.50,1,0.707,1
1772102491.680,58.82,1,0.707,1
1772102491.697,58.82,1,0.707,1
1772102491.714,58.82,1,0.707,1
1772102491.730,62.50,1,0.707,1
1772102491.747,58.82,1,0.707,1
1772102491.764,62.50,1,0.707,1
1772102491.780,58.82,1,0.707,1
1772102491.797,58.82,1,0.707,1
1772102491.813,62.50,1,0.707,1
1772102491.830,58.82,1,0.707,1
1772102491.847,58.82,1,0.707,1
1772102491.864,62.50,1,0.707,1
1772102491.880,58.82,1,0.707,1
1772102491.897,58.82,1,0.707,1
1772102491.914,62.50,1,0.707,1
1772102491.930,58.82,1,0.707,1
1772102491.947,58.82,1,0.707,1
1772102491.964,62.50,1,0.707,1
1772102491.980,58.82,1,0.707,1
1772102491.997,58.82,1,0.707,1
1772102492.014,62.50,1,0.707,1
1772102492.030,58.82,1,0.707,1
1772102492.047,58.82,1,0.707,1
1772102492.063,62.50,1,0.707,1
1772102492.080,58.82,1,0.707,1
1772102492.097,62.50,1,0.707,1
1772102492.113,58.82,1,0.707,1
1772102492.130,58.82,1,0.707,1
1772102492.146,62.50,1,0.707,1
1772102492.163,58.82,1,0.707,1
1772102492.180,62.50,1,0.707,1
1772102492.196,58.82,1,0.707,1
1772102492.213,58.82,1,0.707,1
1772102492.229,62.50,1,0.707,1
1772102492.246,58.82,1,0.707,1
1772102492.262,62.50,1,0.707,1
1772102492.279,58.82,1,0.707,1
1772102492.295,62.50,1,0.707,1
1772102492.312,58.82,1,0.707,1
1772102492.329,62.50,1,0.707,1
1772102492.345,58.82,1,0.707,1
1772102492.362,58.82,1,0.707,1
1772102492.378,62.50,1,0.707,1
1772102492.395,58.82,1,0.707,1
1772102492.412,58.82,1,0.707,1
1772102492.428,62.50,1,0.707,1
1772102492.445,58.82,1,0.707,1
1772102492.462,62.50,1,0.707,1
1772102492.478,58.82,1,0.707,1
1772102492.495,58.82,1,0.707,1
1772102492.512,62.50,1,0.707,1
1772102492.529,55.56,1,0.707,1
1772102492.545,62.50,1,0.707,1
1772102492.562,58.82,1,0.707,1
1772102492.578,62.50,1,0.707,1
1772102492.595,58.82,1,0.707,1
1772102492.612,62.50,1,0.707,1
1772102492.628,58.82,1,0.707,1
1772102492.645,58.82,1,0.707,1
1772102492.661,62.50,1,0.707,1
1772102492.678,58.82,1,0.707,1
1772102492.695,62.50,1,0.707,1
1772102492.712,55.56,1,0.707,1
1772102492.728,62.50,1,0.707,1
1772102492.745,58.82,1,0.707,1
1772102492.761,62.50,1,0.707,1
1772102492.778,58.82,1,0.707,1
1772102492.795,58.82,1,0.707,1
1772102492.812,62.50,1,0.707,1
1772102492.828,58.82,1,0.707,1
1772102492.845,58.82,1,0.707,1
1772102492.862,62.50,1,0.707,1
1772102492.878,58.82,1,0.707,1
1772102492.895,58.82,1,0.707,1
1772102492.912,62.50,1,0.707,1
1772102492.928,58.82,1,0.707,1
1772102492.945,58.82,1,0.707,1
1772102492.962,62.50,1,0.707,1
1772102492.979,55.56,1,0.707,1
1772102492.996,62.50,1,0.707,1
1772102493.012,58.82,1,0.707,1
1772102493.029,58.82,1,0.707,1
1772102493.046,62.50,1,0.707,1
1772102493.062,58.82,1,0.707,1
1772102493.079,58.82,1,0.707,1
1772102493.095,62.50,1,0.707,1
1772102493.112,58.82,1,0.707,1
1772102493.129,58.82,1,0.707,1
1772102493.145,62.50,1,0.707,1
1772102493.162,58.82,1,0.707,1
1772102493.179,62.50,1,0.707,1
1772102493.195,58.82,1,0.707,1
1772102493.212,62.50,1,0.707,1
1772102493.228,58.82,1,0.707,1
1772102493.245,58.82,1,0.707,1
1772102493.261,62.50,1,0.707,1
1772102493.278,58.82,1,0.707,1
1772102493.295,58.82,1,0.707,1
1772102493.312,58.82,1,0.707,1
1772102493.328,62.50,1,0.707,1
1772102493.345,58.82,1,0.707,1
1772102493.362,62.50,1,0.707,1
1772102493.378,58.82,1,0.707,1
1772102493.395,58.82,1,0.707,1
1772102493.411,62.50,1,0.707,1
1772102493.428,58.82,1,0.707,1
1772102493.445,62.50,1,0.707,1
1772102493.461,58.82,1,0.707,1
1772102493.478,58.82,1,0.707,1
1772102493.495,62.50,1,0.707,1
1772102493.512,55.56,1,0.707,1
1772102493.528,62.50,1,0.707,1
1772102493.546,58.82,1,0.707,1
1772102493.562,58.82,1,0.707,1
1772102493.579,58.82,1,0.707,1
1772102493.595,62.50,1,0.707,1
1772102493.612,58.82,1,0.707,1
1772102493.628,62.50,1,0.707,1
1772102493.645,58.82,1,0.707,1
1772102493.662,58.82,1,0.707,1
1772102493.679,62.50,1,0.707,1
1772102493.695,58.82,1,0.707,1
1772102493.712,58.82,1,0.707,1
1772102493.728,62.50,1,0.707,1
1772102493.745,58.82,1,0.707,1
1772102493.762,62.50,1,0.707,1
1772102493.778,58.82,1,0.707,1
1772102493.795,58.82,1,0.707,1
1772102493.812,58.82,1,0.707,1
1772102493.828,62.50,1,0.707,1
1772102493.845,58.82,1,0.707,1
1772102493.862,62.50,1,0.707,1
1772102493.878,58.82,1,0.707,1
1772102493.895,58.82,1,0.707,1
1772102493.912,62.50,1,0.707,1
1772102493.928,58.82,1,0.707,1
1772102493.945,58.82,1,0.707,1
1772102493.961,62.50,1,0.707,1
1772102493.978,58.82,1,0.707,1
1772102493.994,62.50,1,0.707,1
1772102494.011,58.82,1,0.707,1
1772102494.029,55.56,1,0.707,1
1772102494.047,55.56,1,0.707,1
1772102494.063,62.50,1,0.707,1
1772102494.080,58.82,1,0.707,1
1772102494.097,62.50,1,0.707,1
1772102494.113,58.82,1,0.707,1
1772102494.130,58.82,1,0.707,1
1772102494.146,62.50,1,0.707,1
1772102494.163,58.82,1,0.707,1
1772102494.180,62.50,1,0.707,1
1772102494.196,58.82,1,0.707,1
1772102494.213,58.82,1,0.707,1
1772102494.229,62.50,1,0.707,1
1772102494.246,58.82,1,0.707,1
1772102494.262,62.50,1,0.707,1
1772102494.279,58.82,1,0.707,1
1772102494.295,62.50,1,0.707,1
1772102494.312,58.82,1,0.707,1
1772102494.328,62.50,1,0.707,1
1772102494.345,58.82,1,0.707,1
1772102494.362,62.50,1,0.707,1
1772102494.378,58.82,1,0.707,1
1772102494.395,58.82,1,0.707,1
1772102494.412,62.50,1,0.707,1
1772102494.429,55.56,1,0.707,1
1772102494.445,62.50,1,0.707,1
1772102494.462,58.82,1,0.707,1
1772102494.478,62.50,1,0.707,1
1772102494.495,58.82,1,0.707,1
1772102494.512,62.50,1,0.707,1
1772102494.528,58.82,1,0.707,1
1772102494.545,58.82,1,0.707,1
1772102494.561,62.50,1,0.707,1
1772102494.578,58.82,1,0.707,1
1772102494.595,58.82,1,0.707,1
1772102494.612,58.82,1,0.707,1
1772102494.629,58.82,1,0.707,1
1772102494.646,62.50,1,0.707,1
1772102494.662,58.82,1,0.707,1
1772102494.679,58.82,1,0.707,1
1772102494.695,62.50,1,0.707,1
1772102494.712,58.82,1,0.707,1
1772102494.729,62.50,1,0.707,1
1772102494.746,55.56,1,0.707,1
1772102494.762,62.50,1,0.707,1
1772102494.779,58.82,1,0.707,1
1772102494.795,62.50,1,0.707,1
1772102494.812,58.82,1,0.707,1
1772102494.829,62.50,1,0.707,1
1772102494.845,58.82,1,0.707,1
1772102494.862,62.50,1,0.707,1
1772102494.878,58.82,1,0.707,1
1772102494.895,58.82,1,0.707,1
1772102494.912,58.82,1,0.707,1
1772102494.929,58.82,1,0.707,1
1772102494.946,62.50,1,0.707,1
1772102494.962,58.82,1,0.707,1
1772102494.979,58.82,1,0.707,1
1772102494.995,62.50,1,0.707,1
1772102495.012,58.82,1,0.707,1
1772102495.029,58.82,1,0.707,1
1772102495.045,62.50,1,0.707,1
1772102495.062,58.82,1,0.707,1
1772102495.078,62.50,1,0.707,1
1772102495.095,58.82,1,0.707,1
1772102495.112,62.50,1,0.707,1
1772102495.128,58.82,1,0.707,1
1772102495.145,58.82,1,0.707,1
1772102495.162,62.50,1,0.707,1
1772102495.178,58.82,1,0.707,1
1772102495.195,58.82,1,0.707,1
1772102495.212,62.50,1,0.707,1
1772102495.228,58.82,1,0.707,1
1772102495.245,58.82,1,0.707,1
1772102495.262,58.82,1,0.707,1
1772102495.279,58.82,1,0.707,1
1772102495.296,62.50,1,0.707,1
1772102495.312,58.82,1,0.707,1
1772102495.329,58.82,1,0.707,1
1772102495.345,62.50,1,0.707,1
1772102495.362,58.82,1,0.707,1
1772102495.378,62.50,1,0.707,1
1772102495.395,58.82,1,0.707,1
1772102495.412,58.82,1,0.707,1
1772102495.429,62.50,1,0.707,1
1772102495.445,58.82,1,0.707,1
1772102495.462,58.82,1,0.707,1
1772102495.478,62.50,1,0.707,1
1772102495.495,58.82,1,0.707,1
1772102495.512,62.50,1,0.707,1
1772102495.528,58.82,1,0.707,1
1772102495.545,58.82,1,0.707,1
1772102495.562,58.82,1,0.707,1
1772102495.579,62.50,1,0.707,1
1772102495.595,58.82,1,0.707,1
1772102495.612,58.82,1,0.707,1
1772102495.628,62.50,1,0.707,1
1772102495.645,58.82,1,0.707,1
1772102495.662,62.50,1,0.707,1
1772102495.679,58.82,1,0.707,1
1772102495.695,58.82,1,0.707,1
1772102495.712,58.82,1,0.707,1
1772102495.729,62.50,1,0.707,1
1772102495.745,58.82,1,0.707,1
1772102495.762,58.82,1,0.707,1
1772102495.779,62.50,1,0.707,1
1772102495.795,58.82,1,0.707,1
1772102495.812,62.50,1,0.707,1
1772102495.828,58.82,1,0.707,1
1772102495.845,58.82,1,0.707,1
1772102495.862,62.50,1,0.707,1
1772102495.878,58.82,1,0.707,1
1772102495.895,58.82,1,0.707,1
1772102495.912,62.50,1,0.707,1
1772102495.928,58.82,1,0.707,1
1772102495.945,58.82,1,0.707,1
1772102495.962,58.82,1,0.707,1
1772102495.979,58.82,1,0.707,1
1772102495.995,62.50,1,0.707,1
1772102496.012,58.82,1,0.707,1
1772102496.028,62.50,1,0.707,1
1772102496.045,58.82,1,0.707,1
1772102496.062,58.82,1,0.707,1
1772102496.079,62.50,1,0.707,1
1772102496.095,58.82,1,0.707,1
1772102496.112,62.50,1,0.707,1
1772102496.128,58.82,1,0.707,1
1772102496.145,58.82,1,0.707,1
1772102496.161,62.50,1,0.707,1
1772102496.178,58.82,1,0.707,1
1772102496.195,58.82,1,0.707,1
1772102496.212,62.50,1,0.707,1
1772102496.229,55.56,1,0.707,1
1772102496.246,58.82,1,0.707,1
1772102496.263,62.50,1,0.707,1
1772102496.279,58.82,1,0.707,1
1772102496.296,58.82,1,0.707,1
1772102496.312,62.50,1,0.707,1
1772102496.329,58.82,1,0.707,1
1772102496.346,62.50,1,0.707,1
1772102496.362,58.82,1,0.707,1
1772102496.379,62.50,1,0.707,1
1772102496.395,58.82,1,0.707,1
1772102496.412,58.82,1,0.707,1
1772102496.428,62.50,1,0.707,1
1772102496.445,58.82,1,0.707,1
1772102496.462,62.50,1,0.707,1
1772102496.478,58.82,1,0.707,1
1772102496.496,55.56,1,0.707,1
1772102496.513,62.50,1,0.707,1
1772102496.529,58.82,1,0.707,1
1772102496.546,58.82,1,0.707,1
1772102496.562,62.50,1,0.707,1
1772102496.579,58.82,1,0.707,1
1772102496.595,62.50,1,0.707,1
1772102496.612,58.82,1,0.707,1
1772102496.628,62.50,1,0.707,1
1772102496.645,58.82,1,0.707,1
1772102496.662,62.50,1,0.707,1
1772102496.678,58.82,1,0.707,1
1772102496.695,58.82,1,0.707,1
1772102496.712,62.50,1,0.707,1
1772102496.728,58.82,1,0.707,1
1772102496.745,58.82,1,0.707,1
1772102496.762,58.82,1,0.707,1
1772102496.779,58.82,1,0.707,1
1772102496.796,58.82,1,0.707,1
1772102496.812,62.50,1,0.707,1
1772102496.829,58.82,1,0.707,1
1772102496.845,62.50,1,0.707,1
1772102496.862,58.82,1,0.707,1
1772102496.878,62.50,1,0.707,1
1772102496.895,58.82,1,0.707,1
1772102496.911,62.50,1,0.707,1
1772102496.928,58.82,1,0.707,1
1772102496.945,62.50,1,0.707,1
1772102496.961,58.82,1,0.707,1
1772102496.978,58.82,1,0.707,1
1772102496.995,58.82,1,0.707,1
1772102497.012,62.50,1,0.707,1
1772102497.028,58.82,1,0.707,1
1772102497.045,58.82,1,0.707,1
1772102497.062,62.50,1,0.707,1
1772102497.079,58.82,1,0.707,1
1772102497.095,58.82,1,0.707,1
1772102497.112,58.82,1,0.707,1
1772102497.128,62.50,1,0.707,1
1772102497.145,58.82,1,0.707,1
1772102497.161,62.50,1,0.707,1
1772102497.178,58.82,1,0.707,1
1772102497.195,58.82,1,0.707,1
1772102497.212,62.50,1,0.707,1
1772102497.228,58.82,1,0.707,1
1772102497.246,58.82,1,0.707,1
1772102497.262,58.82,1,0.707,1
1772102497.279,58.82,1,0.707,1
1772102497.295,62.50,1,0.707,1
1772102497.312,58.82,1,0.707,1
1772102497.328,62.50,1,0.707,1
1772102497.345,58.82,1,0.707,1
1772102497.362,58.82,1,0.707,1
1772102497.378,62.50,1,0.707,1
1772102497.395,58.82,1,0.707,1
1772102497.412,58.82,1,0.707,1
1772102497.429,62.50,1,0.707,1
1772102497.445,58.82,1,0.707,1
1772102497.462,62.50,1,0.707,1
1772102497.478,58.82,1,0.707,1
1772102497.495,58.82,1,0.707,1
1772102497.512,62.50,1,0.707,1
1772102497.528,58.82,1,0.707,1
1772102497.545,62.50,1,0.707,1
1772102497.561,58.82,1,0.707,1
1772102497.578,58.82,1,0.707,1
1772102497.595,58.82,1,0.707,1
1772102497.611,62.50,1,0.707,1
1772102497.628,58.82,1,0.707,1
1772102497.645,62.50,1,0.707,1
1772102497.662,55.56,1,0.707,1
1772102497.679,62.50,1,0.707,1
1772102497.695,58.82,1,0.707,1
1772102497.712,58.82,1,0.707,1
1772102497.729,62.50,1,0.707,1
1772102497.745,58.82,1,0.707,1
1772102497.762,58.82,1,0.707,1
1772102497.779,62.50,1,0.707,1
1772102497.795,58.82,1,0.707,1
1772102497.812,62.50,1,0.707,1
1772102497.828,58.82,1,0.707,1
1772102497.845,58.82,1,0.707,1
1772102497.862,58.82,1,0.707,1
1772102497.878,62.50,1,0.707,1
1772102497.895,58.82,1,0.707,1
1772102497.912,58.82,1,0.707,1
1772102497.928,62.50,1,0.707,1
1772102497.945,58.82,1,0.707,1
1772102497.962,62.50,1,0.707,1
1772102497.978,58.82,1,0.707,1
1772102497.995,62.50,1,0.707,1
1772102498.011,58.82,1,0.707,1
1772102498.028,58.82,1,0.707,1
1772102498.046,58.82,1,0.707,1
1772102498.063,58.82,1,0.707,1
1772102498.079,58.82,1,0.707,1
1772102498.096,58.82,1,0.707,1
1772102498.112,62.50,1,0.707,1
1772102498.129,58.82,1,0.707,1
1772102498.146,58.82,1,0.707,1
1772102498.162,62.50,1,0.707,1
1772102498.179,58.82,1,0.707,1
1772102498.196,62.50,1,0.707,1
1772102498.212,58.82,1,0.707,1
1772102498.229,58.82,1,0.707,1
1772102498.245,62.50,1,0.707,1
1772102498.262,58.82,1,0.707,1
1772102498.278,62.50,1,0.707,1
1772102498.295,58.82,1,0.707,1
1772102498.312,62.50,1,0.707,1
1772102498.328,58.82,1,0.707,1
1772102498.345,58.82,1,0.707,1
1772102498.362,58.82,1,0.707,1
1772102498.379,58.82,1,0.707,1
1772102498.395,62.50,1,0.707,1
1772102498.412,58.82,1,0.707,1
1772102498.429,62.50,1,0.707,1
1772102498.445,58.82,1,0.707,1
1772102498.462,62.50,1,0.707,1
1772102498.478,58.82,1,0.707,1
1772102498.495,58.82,1,0.707,1
1772102498.511,62.50,1,0.707,1
1772102498.529,58.82,1,0.707,1
1772102498.545,58.82,1,0.707,1
1772102498.562,58.82,1,0.707,1
1772102498.578,62.50,1,0.707,1
1772102498.595,58.82,1,0.707,1
1772102498.612,58.82,1,0.707,1
1772102498.628,62.50,1,0.707,1
1772102498.645,58.82,1,0.707,1
1772102498.663,58.82,1,0.707,1
1772102498.679,58.82,1,0.707,1
1772102498.696,58.82,1,0.707,1
1772102498.713,58.82,1,0.707,1
1772102498.729,62.50,1,0.707,1
1772102498.746,58.82,1,0.707,1
1772102498.762,62.50,1,0.707,1
1772102498.779,58.82,1,0.707,1
1772102498.795,62.50,1,0.707,1
1772102498.812,58.82,1,0.707,1
1772102498.828,62.50,1,0.707,1
1772102498.845,58.82,1,0.707,1
1772102498.862,62.50,1,0.707,1
1772102498.878,58.82,1,0.707,1
1772102498.895,58.82,1,0.707,1
1772102498.911,62.50,1,0.707,1
1772102498.928,58.82,1,0.707,1
1772102498.945,58.82,1,0.707,1
1772102498.961,62.50,1,0.707,1
1772102498.978,58.82,1,0.707,1
1772102498.995,58.82,1,0.707,1
1772102499.011,62.50,1,0.707,1
1772102499.028,58.82,1,0.707,1
1772102499.045,58.82,1,0.707,1
1772102499.062,58.82,1,0.707,1
1772102499.079,62.50,1,0.707,1
1772102499.095,58.82,1,0.707,1
1772102499.112,58.82,1,0.707,1
1772102499.128,62.50,1,0.707,1
1772102499.145,58.82,1,0.707,1
1772102499.162,58.82,1,0.707,1
1772102499.178,62.50,1,0.707,1
1772102499.195,58.82,1,0.707,1
1772102499.212,62.50,1,0.707,1
1772102499.228,58.82,1,0.707,1
1772102499.245,58.82,1,0.707,1
1772102499.262,58.82,1,0.707,1
1772102499.279,58.82,1,0.707,1
1772102499.296,58.82,1,0.707,1
1772102499.312,62.50,1,0.707,1
1772102499.329,58.82,1,0.707,1
1772102499.346,58.82,1,0.707,1
1772102499.362,62.50,1,0.707,1
1772102499.379,58.82,1,0.707,1
1772102499.395,62.50,1,0.707,1
1772102499.412,58.82,1,0.707,1
1772102499.428,62.50,1,0.707,1
1772102499.445,58.82,1,0.707,1
1772102499.461,62.50,1,0.707,1
1772102499.478,58.82,1,0.707,1
1772102499.495,58.82,1,0.707,1
1772102499.512,58.82,1,0.707,1
1772102499.529,62.50,1,0.707,1
1772102499.545,58.82,1,0.707,1
1772102499.562,62.50,1,0.707,1
1772102499.578,58.82,1,0.707,1
1772102499.595,58.82,1,0.707,1
1772102499.612,62.50,1,0.707,1
1772102499.628,58.82,1,0.707,1
1772102499.645,58.82,1,0.707,1
1772102499.662,62.50,1,0.707,1
1772102499.679,58.82,1,0.707,1
1772102499.696,55.56,1,0.707,1
1772102499.713,58.82,1,0.707,1
1772102499.730,62.50,1,0.707,1
1772102499.746,58.82,1,0.707,1
1772102499.763,58.82,1,0.707,1
1772102499.779,62.50,1,0.707,1
1772102499.796,58.82,1,0.707,1
1772102499.813,62.50,1,0.707,1
1772102499.829,58.82,1,0.707,1
1772102499.846,62.50,1,0.707,1
1772102499.862,58.82,1,0.707,1
1772102499.879,58.82,1,0.707,1
1772102499.896,62.50,1,0.707,1
1772102499.912,58.82,1,0.707,1
1772102499.929,62.50,1,0.707,1
1772102499.945,58.82,1,0.707,1
1772102499.962,62.50,1,0.707,1
1772102499.978,58.82,1,0.707,1
1772102499.995,58.82,1,0.707,1
1772102500.012,62.50,1,0.707,1
1772102500.028,58.82,1,0.707,1
1772102500.045,58.82,1,0.707,1
1772102500.062,58.82,1,0.707,1
1772102500.078,62.50,1,0.707,1
1772102500.095,58.82,1,0.707,1
1772102500.111,62.50,1,0.707,1
1772102500.129,58.82,1,0.707,1
1772102500.145,58.82,1,0.707,1
1772102500.162,58.82,1,0.707,1
1772102500.178,62.50,1,0.707,1
1772102500.195,58.82,1,0.707,1
1772102500.212,62.50,1,0.707,1
1772102500.228,58.82,1,0.707,1
1772102500.245,62.50,1,0.707,1
1772102500.262,55.56,1,0.707,1
1772102500.278,62.50,1,0.707,1
1772102500.295,58.82,1,0.707,1
1772102500.312,58.82,1,0.707,1
1772102500.329,58.82,1,0.707,1
1772102500.345,62.50,1,0.707,1
1772102500.362,58.82,1,0.707,1
1772102500.379,62.50,1,0.707,1
1772102500.396,58.82,1,0.707,1
1772102500.412,58.82,1,0.707,1
1772102500.429,62.50,1,0.707,1
1772102500.451,43.48,1,0.707,1
1772102500.468,58.82,1,0.707,1
1772102500.485,62.50,1,0.707,1
1772102500.501,58.82,1,0.707,1
1772102500.518,62.50,1,0.707,1
1772102500.534,58.82,1,0.707,1
1772102500.551,62.50,1,0.707,1
1772102500.567,58.82,1,0.707,1
1772102500.584,62.50,1,0.707,1
1772102500.600,58.82,1,0.707,1
1772102500.617,58.82,1,0.707,1
1772102500.633,62.50,1,0.707,1
1772102500.650,58.82,1,0.707,1
1772102500.667,62.50,1,0.707,1
1772102500.683,58.82,1,0.707,1
1772102500.700,58.82,1,0.707,1
1772102500.716,62.50,1,0.707,1
1772102500.733,58.82,1,0.707,1
1772102500.749,62.50,1,0.707,1
1772102500.766,58.82,1,0.707,1
1772102500.782,62.50,1,0.707,1
1772102500.799,58.82,1,0.707,1
1772102500.816,62.50,1,0.707,1
1772102500.832,58.82,1,0.707,1
1772102500.849,58.82,1,0.707,1
1772102500.865,62.50,1,0.707,1
1772102500.882,58.82,1,0.707,1
1772102500.898,62.50,1,0.707,1
1772102500.915,58.82,1,0.707,1
1772102500.931,62.50,1,0.707,1
1772102500.948,58.82,1,0.707,1
1772102500.965,62.50,1,0.707,1
1772102500.981,58.82,1,0.707,1
1772102500.998,58.82,1,0.707,1
1772102501.015,62.50,1,0.707,1
1772102501.031,58.82,1,0.707,1
1772102501.048,62.50,1,0.707,1
1772102501.064,58.82,1,0.707,1
1772102501.081,58.82,1,0.707,1
1772102501.098,62.50,1,0.707,1
1772102501.114,58.82,1,0.707,1
1772102501.131,58.82,1,0.707,1
1772102501.147,62.50,1,0.707,1
1772102501.164,58.82,1,0.707,1
1772102501.181,62.50,1,0.707,1
1772102501.197,58.82,1,0.707,1
1772102501.214,58.82,1,0.707,1
1772102501.230,62.50,1,0.707,1
1772102501.247,58.82,1,0.707,1
1772102501.263,62.50,1,0.707,1
1772102501.280,58.82,1,0.707,1
1772102501.297,58.82,1,0.707,1
1772102501.313,62.50,1,0.707,1
1772102501.330,58.82,1,0.707,1
1772102501.347,58.82,1,0.707,1
1772102501.363,62.50,1,0.707,1
1772102501.380,58.82,1,0.707,1
1772102501.396,62.50,1,0.707,1
1772102501.413,58.82,1,0.707,1
1772102501.430,62.50,1,0.707,1
1772102501.450,47.62,1,0.707,1
1772102501.467,62.50,1,0.707,1
1772102501.483,58.82,1,0.707,1
1772102501.500,58.82,1,0.707,1
1772102501.516,62.50,1,0.707,1
1772102501.533,58.82,1,0.707,1
1772102501.549,62.50,1,0.707,1
1772102501.566,58.82,1,0.707,1
1772102501.583,62.50,1,0.707,1
1772102501.599,58.82,1,0.707,1
1772102501.616,62.50,1,0.707,1
1772102501.632,58.82,1,0.707,1
1772102501.649,58.82,1,0.707,1
1772102501.665,62.50,1,0.707,1
1772102501.682,58.82,1,0.707,1
1772102501.698,62.50,1,0.707,1
1772102501.715,58.82,1,0.707,1
1772102501.731,62.50,1,0.707,1
1772102501.748,58.82,1,0.707,1
1772102501.764,62.50,1,0.707,1
1772102501.781,58.82,1,0.707,1
1772102501.797,62.50,1,0.707,1
1772102501.814,62.50,1,0.707,1
1772102501.830,58.82,1,0.707,1
1772102501.847,58.82,1,0.707,1
1772102501.864,62.50,1,0.707,1
1772102501.880,58.82,1,0.707,1
1772102501.897,58.82,1,0.707,1
1772102501.913,62.50,1,0.707,1
1772102501.930,58.82,1,0.707,1
1772102501.946,62.50,1,0.707,1
1772102501.963,58.82,1,0.707,1
1772102501.979,62.50,1,0.707,1
1772102501.996,58.82,1,0.707,1
1772102502.012,62.50,1,0.707,1
1772102502.029,58.82,1,0.707,1
1772102502.045,62.50,1,0.707,1
1772102502.062,58.82,1,0.707,1
1772102502.079,62.50,1,0.707,1
1772102502.095,58.82,1,0.707,1
1772102502.112,58.82,1,0.707,1
1772102502.128,62.50,1,0.707,1
1772102502.145,58.82,1,0.707,1
1772102502.162,62.50,1,0.707,1
1772102502.178,58.82,1,0.707,1
1772102502.195,58.82,1,0.707,1
1772102502.212,58.82,1,0.707,1
1772102502.228,62.50,1,0.707,1
1772102502.245,58.82,1,0.707,1
1772102502.262,62.50,1,0.707,1
1772102502.279,55.56,1,0.707,1
1772102502.296,62.50,1,0.707,1
1772102502.312,58.82,1,0.707,1
1772102502.329,62.50,1,0.707,1
1772102502.345,58.82,1,0.707,1
1772102502.362,58.82,1,0.707,1
1772102502.379,58.82,1,0.707,1
1772102502.396,62.50,1,0.707,1
1772102502.412,58.82,1,0.707,1
1772102502.429,58.82,1,0.707,1
1772102502.446,62.50,1,0.707,1
1772102502.462,58.82,1,0.707,1
1772102502.479,58.82,1,0.707,1
1772102502.496,62.50,1,0.707,1
1772102502.512,58.82,1,0.707,1
1772102502.529,62.50,1,0.707,1
1772102502.545,58.82,1,0.707,1
1772102502.562,58.82,1,0.707,1
1772102502.579,62.50,1,0.707,1
1772102502.595,58.82,1,0.707,1
1772102502.612,58.82,1,0.707,1
1772102502.629,62.50,1,0.707,1
1772102502.645,58.82,1,0.707,1
1772102502.662,62.50,1,0.707,1
1772102502.678,58.82,1,0.707,1
1772102502.695,58.82,1,0.707,1
1772102502.712,62.50,1,0.707,1
1772102502.729,58.82,1,0.707,1
1772102502.746,58.82,1,0.707,1
1772102502.763,58.82,1,0.707,1
1772102502.779,58.82,1,0.707,1
1772102502.796,58.82,1,0.707,1
1772102502.812,62.50,1,0.707,1
1772102502.829,58.82,1,0.707,1
1772102502.846,62.50,1,0.707,1
1772102502.862,58.82,1,0.707,1
1772102502.879,58.82,1,0.707,1
1772102502.895,62.50,1,0.707,1
1772102502.912,58.82,1,0.707,1
1772102502.929,62.50,1,0.707,1
1772102502.945,58.82,1,0.707,1
1772102502.962,58.82,1,0.707,1
1772102502.978,62.50,1,0.707,1
1772102502.995,58.82,1,0.707,1
1772102503.012,62.50,1,0.707,1
1772102503.030,55.56,1,0.707,1
1772102503.047,58.82,1,0.707,1
1772102503.063,58.82,1,0.707,1
1772102503.080,62.50,1,0.707,1
1772102503.096,58.82,1,0.707,1
1772102503.113,58.82,1,0.707,1
1772102503.129,62.50,1,0.707,1
1772102503.146,58.82,1,0.707,1
1772102503.163,62.50,1,0.707,1
1772102503.179,58.82,1,0.707,1
1772102503.196,58.82,1,0.707,1
1772102503.212,62.50,1,0.707,1
1772102503.229,58.82,1,0.707,1
1772102503.246,62.50,1,0.707,1
1772102503.262,58.82,1,0.707,1
1772102503.279,62.50,1,0.707,1
1772102503.295,58.82,1,0.707,1
1772102503.312,58.82,1,0.707,1
1772102503.328,62.50,1,0.707,1
1772102503.345,58.82,1,0.707,1
1772102503.362,58.82,1,0.707,1
1772102503.379,62.50,1,0.707,1
1772102503.395,58.82,1,0.707,1
1772102503.412,62.50,1,0.707,1
1772102503.428,58.82,1,0.707,1
1772102503.445,58.82,1,0.707,1
1772102503.462,62.50,1,0.707,1
1772102503.478,58.82,1,0.707,1
1772102503.495,58.82,1,0.707,1
1772102503.511,62.50,1,0.707,1
1772102503.528,58.82,1,0.707,1
1772102503.544,62.50,1,0.707,1
1772102503.561,58.82,1,0.707,1
1772102503.578,58.82,1,0.707,1
1772102503.595,58.82,1,0.707,1
1772102503.612,58.82,1,0.707,1
1772102503.628,62.50,1,0.707,1
1772102503.645,58.82,1,0.707,1
1772102503.662,62.50,1,0.707,1
1772102503.678,58.82,1,0.707,1
1772102503.695,58.82,1,0.707,1
1772102503.712,58.82,1,0.707,1
1772102503.728,62.50,1,0.707,1
1772102503.745,58.82,1,0.707,1
1772102503.763,55.56,1,0.707,1
1772102503.779,62.50,1,0.707,1
1772102503.796,58.82,1,0.707,1
1772102503.813,58.82,1,0.707,1
1772102503.829,62.50,1,0.707,1
1772102503.846,58.82,1,0.707,1
1772102503.862,62.50,1,0.707,1
1772102503.879,58.82,1,0.707,1
1772102503.896,58.82,1,0.707,1
1772102503.912,62.50,1,0.707,1
1772102503.929,58.82,1,0.707,1
1772102503.946,62.50,1,0.707,1
1772102503.962,58.82,1,0.707,1
1772102503.979,62.50,1,0.707,1
1772102503.995,58.82,1,0.707,1
1772102504.012,58.82,1,0.707,1
1772102504.028,62.50,1,0.707,1
1772102504.045,58.82,1,0.707,1
1772102504.062,62.50,1,0.707,1
1772102504.078,58.82,1,0.707,1
1772102504.095,58.82,1,0.707,1
1772102504.112,58.82,1,0.707,1
1772102504.128,62.50,1,0.707,1
1772102504.145,58.82,1,0.707,1
1772102504.162,62.50,1,0.707,1
1772102504.178,58.82,1,0.707,1
1772102504.195,58.82,1,0.707,1
1772102504.212,62.50,1,0.707,1
1772102504.229,58.82,1,0.707,1
1772102504.246,58.82,1,0.707,1
1772102504.262,58.82,1,0.707,1
1772102504.279,58.82,1,0.707,1
1772102504.295,62.50,1,0.707,1
1772102504.312,58.82,1,0.707,1
1772102504.328,62.50,1,0.707,1
1772102504.345,58.82,1,0.707,1
1772102504.362,58.82,1,0.707,1
1772102504.378,62.50,1,0.707,1
1772102504.395,58.82,1,0.707,1
1772102504.412,58.82,1,0.707,1
1772102504.428,62.50,1,0.707,1
1772102504.445,58.82,1,0.707,1
1772102504.461,62.50,1,0.707,1
1772102504.478,58.82,1,0.707,1
1772102504.495,58.82,1,0.707,1
1772102504.512,62.50,1,0.707,1
1772102504.528,58.82,1,0.707,1
1772102504.545,58.82,1,0.707,1
1772102504.562,62.50,1,0.707,1
1772102504.578,58.82,1,0.707,1
1772102504.595,58.82,1,0.707,1
1772102504.612,62.50,1,0.707,1
1772102504.628,58.82,1,0.707,1
1772102504.645,58.82,1,0.707,1
1772102504.662,58.82,1,0.707,1
1772102504.679,58.82,1,0.707,1
1772102504.696,62.50,1,0.707,1
1772102504.712,58.82,1,0.707,1
1772102504.729,58.82,1,0.707,1
1772102504.746,62.50,1,0.707,1
1772102504.762,58.82,1,0.707,1
1772102504.779,58.82,1,0.707,1
1772102504.795,62.50,1,0.707,1
1772102504.812,58.82,1,0.707,1
1772102504.829,62.50,1,0.707,1
1772102504.845,58.82,1,0.707,1
1772102504.862,62.50,1,0.707,1
1772102504.879,58.82,1,0.707,1
1772102504.895,58.82,1,0.707,1
1772102504.912,62.50,1,0.707,1
1772102504.928,58.82,1,0.707,1
1772102504.945,62.50,1,0.707,1
1772102504.961,58.82,1,0.707,1
1772102504.978,58.82,1,0.707,1
1772102504.995,58.82,1,0.707,1
1772102505.012,62.50,1,0.707,1
1772102505.028,58.82,1,0.707,1
1772102505.045,58.82,1,0.707,1
1772102505.062,62.50,1,0.707,1
1772102505.078,58.82,1,0.707,1
1772102505.095,58.82,1,0.707,1
1772102505.112,62.50,1,0.707,1
1772102505.129,55.56,1,0.707,1
1772102505.146,62.50,1,0.707,1
1772102505.162,58.82,1,0.707,1
1772102505.179,58.82,1,0.707,1
1772102505.196,62.50,1,0.707,1
1772102505.212,58.82,1,0.707,1
1772102505.229,62.50,1,0.707,1
1772102505.245,58.82,1,0.707,1
1772102505.262,58.82,1,0.707,1
1772102505.278,62.50,1,0.707,1
1772102505.295,58.82,1,0.707,1
1772102505.312,62.50,1,0.707,1
1772102505.328,58.82,1,0.707,1
1772102505.345,58.82,1,0.707,1
1772102505.362,58.82,1,0.707,1
1772102505.379,58.82,1,0.707,1
1772102505.396,62.50,1,0.707,1
1772102505.412,58.82,1,0.707,1
1772102505.429,58.82,1,0.707,1
1772102505.445,62.50,1,0.707,1
1772102505.462,58.82,1,0.707,1
1772102505.479,62.50,1,0.707,1
1772102505.495,58.82,1,0.707,1
1772102505.512,58.82,1,0.707,1
1772102505.529,62.50,1,0.707,1
1772102505.545,58.82,1,0.707,1
1772102505.562,58.82,1,0.707,1
1772102505.579,62.50,1,0.707,1
1772102505.595,58.82,1,0.707,1
1772102505.612,62.50,1,0.707,1
1772102505.628,58.82,1,0.707,1
1772102505.645,58.82,1,0.707,1
1772102505.662,58.82,1,0.707,1
1772102505.679,62.50,1,0.707,1
1772102505.695,58.82,1,0.707,1
1772102505.712,62.50,1,0.707,1
1772102505.728,58.82,1,0.707,1
1772102505.745,58.82,1,0.707,1
1772102505.762,62.50,1,0.707,1
1772102505.778,58.82,1,0.707,1
1772102505.795,58.82,1,0.707,1
1772102505.811,62.50,1,0.707,1
1772102505.828,58.82,1,0.707,1
1772102505.845,58.82,1,0.707,1
1772102505.862,62.50,1,0.707,1
1772102505.878,58.82,1,0.707,1
1772102505.895,58.82,1,0.707,1
1772102505.912,58.82,1,0.707,1
1772102505.928,62.50,1,0.707,1
1772102505.945,58.82,1,0.707,1
1772102505.978,30.30,1,0.707,1
1772102505.995,58.82,1,0.707,1
1772102506.012,58.82,1,0.707,1
1772102506.028,62.50,1,0.707,1
1772102506.045,62.50,1,0.707,1
1772102506.061,58.82,1,0.707,1
1772102506.078,58.82,1,0.707,1
1772102506.095,58.82,1,0.707,1
1772102506.111,62.50,1,0.707,1
1772102506.128,58.82,1,0.707,1
1772102506.145,62.50,1,0.707,1
1772102506.161,58.82,1,0.707,1
1772102506.178,62.50,1,0.707,1
1772102506.194,62.50,1,0.707,1
1772102506.211,55.56,1,0.707,1
1772102506.228,58.82,1,0.707,1
1772102506.245,58.82,1,0.707,1
1772102506.261,62.50,1,0.707,1
1772102506.278,62.50,1,0.707,1
1772102506.294,58.82,1,0.707,1
1772102506.311,58.82,1,0.707,1
1772102506.328,58.82,1,0.707,1
1772102506.345,58.82,1,0.707,1
1772102506.362,62.50,1,0.707,1
1772102506.378,58.82,1,0.707,1
1772102506.394,62.50,1,0.707,1
1772102506.411,58.82,1,0.707,1
1772102506.427,62.50,1,0.707,1
1772102506.445,58.82,1,0.707,1
1772102506.462,58.82,1,0.707,1
1772102506.479,58.82,1,0.707,1
1772102506.495,58.82,1,0.707,1
1772102506.511,62.50,1,0.707,1
1772102506.528,62.50,1,0.707,1
1772102506.544,58.82,1,0.707,1
1772102506.560,62.50,1,0.707,1
1772102506.578,55.56,1,0.707,1
1772102506.594,62.50,1,0.707,1
1772102506.612,58.82,1,0.707,1
1772102506.628,62.50,1,0.707,1
1772102506.645,58.82,1,0.707,1
1772102506.661,58.82,1,0.707,1
1772102506.678,62.50,1,0.707,1
1772102506.694,62.50,1,0.707,1
1772102506.711,55.56,1,0.707,1
1772102506.728,58.82,1,0.707,1
1772102506.744,62.50,1,0.707,1
1772102506.761,58.82,1,0.707,1
1772102506.778,58.82,1,0.707,1
1772102506.795,58.82,1,0.707,1
1772102506.811,62.50,1,0.707,1
1772102506.828,58.82,1,0.707,1
1772102506.844,62.50,1,0.707,1
1772102506.861,58.82,1,0.707,1
1772102506.877,62.50,1,0.707,1
1772102506.894,58.82,1,0.707,1
1772102506.911,58.82,1,0.707,1
1772102506.928,58.82,1,0.707,1
1772102506.944,62.50,1,0.707,1
1772102506.961,62.50,1,0.707,1
1772102506.978,55.56,1,0.707,1
1772102506.995,62.50,1,0.707,1
1772102507.011,58.82,1,0.707,1
1772102507.028,58.82,1,0.707,1
1772102507.044,62.50,1,0.707,1
1772102507.061,58.82,1,0.707,1
1772102507.077,62.50,1,0.707,1
1772102507.095,58.82,1,0.707,1
1772102507.111,62.50,1,0.707,1
1772102507.127,58.82,1,0.707,1
1772102507.145,55.56,1,0.707,1
1772102507.162,58.82,1,0.707,1
1772102507.178,62.50,1,0.707,1
1772102507.194,62.50,1,0.707,1
1772102507.211,62.50,1,0.707,1
1772102507.228,55.56,1,0.707,1
1772102507.244,62.50,1,0.707,1
1772102507.261,58.82,1,0.707,1
1772102507.278,58.82,1,0.707,1
1772102507.295,58.82,1,0.707,1
1772102507.311,62.50,1,0.707,1
1772102507.327,62.50,1,0.707,1
1772102507.344,58.82,1,0.707,1
1772102507.361,58.82,1,0.707,1
1772102507.378,58.82,1,0.707,1
1772102507.395,62.50,1,0.707,1
1772102507.411,58.82,1,0.707,1
1772102507.428,58.82,1,0.707,1
1772102507.444,62.50,1,0.707,1
1772102507.461,58.82,1,0.707,1
1772102507.477,62.50,1,0.707,1
1772102507.494,58.82,1,0.707,1
1772102507.510,62.50,1,0.707,1
1772102507.528,58.82,1,0.707,1
1772102507.545,58.82,1,0.707,1
1772102507.561,58.82,1,0.707,1
1772102507.578,58.82,1,0.707,1
1772102507.594,62.50,1,0.707,1
1772102507.612,55.56,1,0.707,1
1772102507.628,62.50,1,0.707,1
1772102507.644,62.50,1,0.707,1
1772102507.662,58.82,1,0.707,1
1772102507.679,58.82,1,0.707,1
1772102507.695,62.50,1,0.707,1
1772102507.711,58.82,1,0.707,1
1772102507.728,58.82,1,0.707,1
1772102507.744,62.50,1,0.707,1
1772102507.761,62.50,1,0.707,1
1772102507.778,55.56,1,0.707,1
1772102507.795,62.50,1,0.707,1
1772102507.812,55.56,1,0.707,1
1772102507.828,62.50,1,0.707,1
1772102507.844,62.50,1,0.707,1
1772102507.861,58.82,1,0.707,1
1772102507.877,62.50,1,0.707,1
1772102507.894,58.82,1,0.707,1
1772102507.911,58.82,1,0.707,1
1772102507.928,62.50,1,0.707,1
1772102507.944,58.82,1,0.707,1
1772102507.961,58.82,1,0.707,1
1772102507.978,62.50,1,0.707,1
1772102507.994,58.82,1,0.707,1
1772102508.011,62.50,1,0.707,1
1772102508.028,58.82,1,0.707,1
1772102508.046,55.56,1,0.707,1
1772102508.062,62.50,1,0.707,1
1772102508.078,62.50,1,0.707,1
1772102508.094,58.82,1,0.707,1
1772102508.111,58.82,1,0.707,1
1772102508.128,58.82,1,0.707,1
1772102508.144,62.50,1,0.707,1
1772102508.161,58.82,1,0.707,1
1772102508.178,58.82,1,0.707,1
1772102508.194,62.50,1,0.707,1
1772102508.211,58.82,1,0.707,1
1772102508.228,62.50,1,0.707,1
1772102508.244,58.82,1,0.707,1
1772102508.262,55.56,1,0.707,1
1772102508.278,62.50,1,0.707,1
1772102508.294,62.50,1,0.707,1
1772102508.310,62.50,1,0.707,1
1772102508.327,58.82,1,0.707,1
1772102508.345,55.56,1,0.707,1
1772102508.361,62.50,1,0.707,1
1772102508.377,62.50,1,0.707,1
1772102508.394,58.82,1,0.707,1
1772102508.411,58.82,1,0.707,1
1772102508.428,58.82,1,0.707,1
1772102508.445,62.50,1,0.707,1
1772102508.461,58.82,1,0.707,1
1772102508.477,62.50,1,0.707,1
1772102508.494,58.82,1,0.707,1
1772102508.511,58.82,1,0.707,1
1772102508.528,58.82,1,0.707,1
1772102508.544,62.50,1,0.707,1
1772102508.561,58.82,1,0.707,1
1772102508.578,58.82,1,0.707,1
1772102508.594,62.50,1,0.707,1
1772102508.611,58.82,1,0.707,1
1772102508.628,58.82,1,0.707,1
1772102508.645,62.50,1,0.707,1
1772102508.661,62.50,1,0.707,1
1772102508.678,55.56,1,0.707,1
1772102508.694,62.50,1,0.707,1
1772102508.711,58.82,1,0.707,1
1772102508.727,62.50,1,0.707,1
1772102508.744,58.82,1,0.707,1
1772102508.762,55.56,1,0.707,1
1772102508.778,62.50,1,0.707,1
1772102508.794,62.50,1,0.707,1
1772102508.811,58.82,1,0.707,1
1772102508.828,62.50,1,0.707,1
1772102508.845,55.56,1,0.707,1
1772102508.863,58.82,1,0.707,1
1772102508.879,58.82,1,0.707,1
1772102508.895,62.50,1,0.707,1
1772102508.911,62.50,1,0.707,1
1772102508.928,58.82,1,0.707,1
1772102508.945,62.50,1,0.707,1
1772102508.961,62.50,1,0.707,1
1772102508.978,58.82,1,0.707,1
1772102508.995,55.56,1,0.707,1
1772102509.012,58.82,1,0.707,1
1772102509.029,62.50,1,0.707,1
1772102509.045,62.50,1,0.707,1
1772102509.061,58.82,1,0.707,1
1772102509.077,62.50,1,0.707,1
1772102509.094,62.50,1,0.707,1
1772102509.110,58.82,1,0.707,1
1772102509.127,58.82,1,0.707,1
1772102509.144,58.82,1,0.707,1
1772102509.161,58.82,1,0.707,1
1772102509.178,58.82,1,0.707,1
1772102509.195,58.82,1,0.707,1
1772102509.211,62.50,1,0.707,1
1772102509.227,62.50,1,0.707,1
1772102509.244,62.50,1,0.707,1
1772102509.262,55.56,1,0.707,1
1772102509.278,58.82,1,0.707,1
1772102509.295,58.82,1,0.707,1
1772102509.311,62.50,1,0.707,1
1772102509.328,62.50,1,0.707,1
1772102509.344,58.82,1,0.707,1
1772102509.361,58.82,1,0.707,1
1772102509.377,62.50,1,0.707,1
1772102509.395,58.82,1,0.707,1
1772102509.411,58.82,1,0.707,1
1772102509.428,58.82,1,0.707,1
1772102509.444,62.50,1,0.707,1
1772102509.461,58.82,1,0.707,1
1772102509.478,58.82,1,0.707,1
1772102509.494,62.50,1,0.707,1
1772102509.511,58.82,1,0.707,1
1772102509.528,58.82,1,0.707,1
1772102509.545,58.82,1,0.707,1
1772102509.561,62.50,1,0.707,1
1772102509.577,62.50,1,0.707,1
1772102509.594,58.82,1,0.707,1
1772102509.611,58.82,1,0.707,1
1772102509.627,62.50,1,0.707,1
1772102509.644,58.82,1,0.707,1
1772102509.662,58.82,1,0.707,1
1772102509.678,58.82,1,0.707,1
1772102509.695,62.50,1,0.707,1
1772102509.711,58.82,1,0.707,1
1772102509.727,62.50,1,0.707,1
1772102509.744,62.50,1,0.707,1
1772102509.760,58.82,1,0.707,1
1772102509.777,58.82,1,0.707,1
1772102509.795,58.82,1,0.707,1
1772102509.812,55.56,1,0.707,1
1772102509.828,62.50,1,0.707,1
1772102509.844,62.50,1,0.707,1
1772102509.860,62.50,1,0.707,1
1772102509.877,58.82,1,0.707,1
1772102509.895,58.82,1,0.707,1
1772102509.911,62.50,1,0.707,1
1772102509.928,55.56,1,0.707,1
1772102509.944,62.50,1,0.707,1
1772102509.962,55.56,1,0.707,1
1772102509.978,62.50,1,0.707,1
1772102509.995,58.82,1,0.707,1
1772102510.011,62.50,1,0.707,1
1772102510.027,62.50,1,0.707,1
1772102510.044,58.82,1,0.707,1
1772102510.061,58.82,1,0.707,1
1772102510.077,62.50,1,0.707,1
1772102510.095,55.56,1,0.707,1
1772102510.112,62.50,1,0.707,1
1772102510.128,58.82,1,0.707,1
1772102510.144,62.50,1,0.707,1
1772102510.161,58.82,1,0.707,1
1772102510.178,62.50,1,0.707,1
1772102510.194,62.50,1,0.707,1
1772102510.211,55.56,1,0.707,1
1772102510.227,62.50,1,0.707,1
1772102510.245,55.56,1,0.707,1
1772102510.261,62.50,1,0.707,1
1772102510.279,58.82,1,0.707,1
1772102510.295,62.50,1,0.707,1
1772102510.311,58.82,1,0.707,1
1772102510.328,62.50,1,0.707,1
1772102510.344,62.50,1,0.707,1
1772102510.360,58.82,1,0.707,1
1772102510.377,58.82,1,0.707,1
1772102510.395,58.82,1,0.707,1
1772102510.412,58.82,1,0.707,1
1772102510.428,62.50,1,0.707,1
1772102510.444,58.82,1,0.707,1
1772102510.461,58.82,1,0.707,1
1772102510.477,62.50,1,0.707,1
1772102510.495,55.56,1,0.707,1
1772102510.511,62.50,1,0.707,1
1772102510.528,58.82,1,0.707,1
1772102510.544,62.50,1,0.707,1
1772102510.561,58.82,1,0.707,1
1772102510.577,62.50,1,0.707,1
1772102510.594,58.82,1,0.707,1
1772102510.611,62.50,1,0.707,1
1772102510.628,55.56,1,0.707,1
1772102510.644,62.50,1,0.707,1
1772102510.662,58.82,1,0.707,1
1772102510.678,62.50,1,0.707,1
1772102510.694,58.82,1,0.707,1
1772102510.711,58.82,1,0.707,1
1772102510.727,62.50,1,0.707,1
1772102510.744,58.82,1,0.707,1
1772102510.761,58.82,1,0.707,1
1772102510.778,58.82,1,0.707,1
1772102510.795,62.50,1,0.707,1
1772102510.811,58.82,1,0.707,1
1772102510.827,62.50,1,0.707,1
1772102510.843,62.50,1,0.707,1
1772102510.861,55.56,1,0.707,1
1772102510.877,62.50,1,0.707,1
1772102510.894,58.82,1,0.707,1
1772102510.910,62.50,1,0.707,1
1772102510.927,58.82,1,0.707,1
1772102510.944,58.82,1,0.707,1
1772102510.961,58.82,1,0.707,1
1772102510.978,58.82,1,0.707,1
1772102510.995,58.82,1,0.707,1
1772102511.011,62.50,1,0.707,1
1772102511.028,58.82,1,0.707,1
1772102511.044,62.50,1,0.707,1
1772102511.061,58.82,1,0.707,1
1772102511.078,58.82,1,0.707,1
1772102511.095,58.82,1,0.707,1
1772102511.111,62.50,1,0.707,1
1772102511.127,62.50,1,0.707,1
1772102511.144,58.82,1,0.707,1
1772102511.161,58.82,1,0.707,1
1772102511.177,62.50,1,0.707,1
1772102511.195,55.56,1,0.707,1
1772102511.211,62.50,1,0.707,1
1772102511.227,62.50,1,0.707,1
1772102511.245,58.82,1,0.707,1
1772102511.261,58.82,1,0.707,1
1772102511.278,58.82,1,0.707,1
1772102511.294,62.50,1,0.707,1
1772102511.311,62.50,1,0.707,1
1772102511.327,58.82,1,0.707,1
1772102511.344,62.50,1,0.707,1
1772102511.361,55.56,1,0.707,1
1772102511.378,58.82,1,0.707,1
1772102511.395,58.82,1,0.707,1
1772102511.411,62.50,1,0.707,1
1772102511.428,58.82,1,0.707,1
1772102511.444,62.50,1,0.707,1
1772102511.461,58.82,1,0.707,1
1772102511.478,58.82,1,0.707,1
1772102511.494,62.50,1,0.707,1
1772102511.511,58.82,1,0.707,1
1772102511.528,58.82,1,0.707,1
1772102511.545,62.50,1,0.707,1
1772102511.561,58.82,1,0.707,1
1772102511.577,62.50,1,0.707,1
1772102511.594,58.82,1,0.707,1
1772102511.611,58.82,1,0.707,1
1772102511.627,62.50,1,0.707,1
1772102511.644,58.82,1,0.707,1
1772102511.661,58.82,1,0.707,1
1772102511.678,62.50,1,0.707,1
1772102511.695,55.56,1,0.707,1
1772102511.712,62.50,1,0.707,1
1772102511.728,58.82,1,0.707,1
1772102511.744,62.50,1,0.707,1
1772102511.760,62.50,1,0.707,1
1772102511.777,58.82,1,0.707,1
1772102511.794,58.82,1,0.707,1
1772102511.811,58.82,1,0.707,1
1772102511.828,58.82,1,0.707,1
1772102511.845,58.82,1,0.707,1
1772102511.861,62.50,1,0.707,1
1772102511.878,58.82,1,0.707,1
1772102511.894,62.50,1,0.707,1
1772102511.911,58.82,1,0.707,1
1772102511.927,62.50,1,0.707,1
1772102511.944,58.82,1,0.707,1
1772102511.960,62.50,1,0.707,1
1772102511.978,58.82,1,0.707,1
1772102511.995,58.82,1,0.707,1
1772102512.011,58.82,1,0.707,1
1772102512.027,62.50,1,0.707,1
1772102512.045,55.56,1,0.707,1
1772102512.061,62.50,1,0.707,1
1772102512.077,62.50,1,0.707,1
1772102512.094,58.82,1,0.707,1
1772102512.111,58.82,1,0.707,1
1772102512.128,58.82,1,0.707,1
1772102512.144,62.50,1,0.707,1
1772102512.160,62.50,1,0.707,1
1772102512.177,58.82,1,0.707,1
1772102512.194,58.82,1,0.707,1
1772102512.211,58.82,1,0.707,1
1772102512.228,58.82,1,0.707,1
1772102512.245,58.82,1,0.707,1
1772102512.261,62.50,1,0.707,1
1772102512.278,62.50,1,0.707,1
1772102512.294,58.82,1,0.707,1
1772102512.311,58.82,1,0.707,1
1772102512.328,58.82,1,0.707,1
1772102512.344,62.50,1,0.707,1
1772102512.361,58.82,1,0.707,1
1772102512.378,58.82,1,0.707,1
1772102512.394,62.50,1,0.707,1
1772102512.410,62.50,1,0.707,1
1772102512.428,58.82,1,0.707,1
1772102512.444,58.82,1,0.707,1
1772102512.461,58.82,1,0.707,1
1772102512.478,58.82,1,0.707,1
1772102512.495,58.82,1,0.707,1
1772102512.511,62.50,1,0.707,1
1772102512.527,62.50,1,0.707,1
1772102512.544,58.82,1,0.707,1
1772102512.561,58.82,1,0.707,1
1772102512.577,62.50,1,0.707,1
1772102512.595,58.82,1,0.707,1
1772102512.611,58.82,1,0.707,1
1772102512.628,58.82,1,0.707,1
1772102512.645,62.50,1,0.707,1
1772102512.661,58.82,1,0.707,1
1772102512.678,62.50,1,0.707,1
1772102512.694,62.50,1,0.707,1
1772102512.712,55.56,1,0.707,1
1772102512.727,62.50,1,0.707,1
1772102512.745,58.82,1,0.707,1
1772102512.761,58.82,1,0.707,1
1772102512.778,58.82,1,0.707,1
1772102512.794,62.50,1,0.707,1
1772102512.811,62.50,1,0.707,1
1772102512.828,58.82,1,0.707,1
1772102512.846,55.56,1,0.707,1
1772102512.862,58.82,1,0.707,1
1772102512.878,62.50,1,0.707,1
1772102512.895,62.50,1,0.707,1
1772102512.911,58.82,1,0.707,1
1772102512.927,62.50,1,0.707,1
1772102512.944,62.50,1,0.707,1
1772102512.961,55.56,1,0.707,1
1772102512.978,58.82,1,0.707,1
1772102512.994,62.50,1,0.707,1
1772102513.011,62.50,1,0.707,1
1772102513.027,58.82,1,0.707,1
1772102513.044,58.82,1,0.707,1
1772102513.061,62.50,1,0.707,1
1772102513.078,55.56,1,0.707,1
1772102513.095,58.82,1,0.707,1
1772102513.111,62.50,1,0.707,1
1772102513.128,58.82,1,0.707,1
1772102513.144,62.50,1,0.707,1
1772102513.162,58.82,1,0.707,1
1772102513.179,58.82,1,0.707,1
1772102513.195,58.82,1,0.707,1
1772102513.212,58.82,1,0.707,1
1772102513.228,62.50,1,0.707,1
1772102513.244,62.50,1,0.707,1
1772102513.262,55.56,1,0.707,1
1772102513.278,62.50,1,0.707,1
1772102513.294,62.50,1,0.707,1
1772102513.311,58.82,1,0.707,1
1772102513.328,62.50,1,0.707,1
1772102513.345,55.56,1,0.707,1
1772102513.362,62.50,1,0.707,1
1772102513.378,58.82,1,0.707,1
1772102513.394,62.50,1,0.707,1
1772102513.410,62.50,1,0.707,1
1772102513.428,55.56,1,0.707,1
1772102513.444,62.50,1,0.707,1
1772102513.461,58.82,1,0.707,1
1772102513.478,58.82,1,0.707,1
1772102513.495,58.82,1,0.707,1
1772102513.512,62.50,1,0.707,1
1772102513.528,58.82,1,0.707,1
1772102513.544,62.50,1,0.707,1
1772102513.561,62.50,1,0.707,1
1772102513.577,58.82,1,0.707,1
1772102513.594,58.82,1,0.707,1
1772102513.611,58.82,1,0.707,1
1772102513.628,62.50,1,0.707,1
1772102513.645,55.56,1,0.707,1
1772102513.662,58.82,1,0.707,1
1772102513.678,62.50,1,0.707,1
1772102513.695,62.50,1,0.707,1
1772102513.711,62.50,1,0.707,1
1772102513.728,58.82,1,0.707,1
1772102513.744,58.82,1,0.707,1
1772102513.761,58.82,1,0.707,1
1772102513.778,58.82,1,0.707,1
1772102513.795,62.50,1,0.707,1
1772102513.811,58.82,1,0.707,1
1772102513.828,62.50,1,0.707,1
1772102513.844,62.50,1,0.707,1
1772102513.861,55.56,1,0.707,1
1772102513.878,58.82,1,0.707,1
1772102513.894,62.50,1,0.707,1
1772102513.912,58.82,1,0.707,1
1772102513.928,58.82,1,0.707,1
1772102513.945,62.50,1,0.707,1
1772102513.961,58.82,1,0.707,1
1772102513.978,58.82,1,0.707,1
1772102513.994,62.50,1,0.707,1
1772102514.011,58.82,1,0.707,1
1772102514.028,58.82,1,0.707,1
1772102514.044,62.50,1,0.707,1
1772102514.061,58.82,1,0.707,1
1772102514.078,62.50,1,0.707,1
1772102514.095,55.56,1,0.707,1
1772102514.112,62.50,1,0.707,1
1772102514.128,58.82,1,0.707,1
1772102514.145,62.50,1,0.707,1
1772102514.161,62.50,1,0.707,1
1772102514.178,55.56,1,0.707,1
1772102514.194,62.50,1,0.707,1
1772102514.211,58.82,1,0.707,1
1772102514.228,58.82,1,0.707,1
1772102514.245,58.82,1,0.707,1
1772102514.261,62.50,1,0.707,1
1772102514.278,62.50,1,0.707,1
1772102514.294,58.82,1,0.707,1
1772102514.311,58.82,1,0.707,1
1772102514.328,58.82,1,0.707,1
1772102514.344,62.50,1,0.707,1
1772102514.361,58.82,1,0.707,1
1772102514.378,62.50,1,0.707,1
1772102514.394,58.82,1,0.707,1
1772102514.411,58.82,1,0.707,1
1772102514.428,58.82,1,0.707,1
1772102514.445,62.50,1,0.707,1
1772102514.461,58.82,1,0.707,1
1772102514.478,62.50,1,0.707,1
1772102514.495,58.82,1,0.707,1
1772102514.511,58.82,1,0.707,1
1772102514.528,58.82,1,0.707,1
1772102514.545,62.50,1,0.707,1
1772102514.561,58.82,1,0.707,1
1772102514.578,58.82,1,0.707,1
1772102514.594,62.50,1,0.707,1
1772102514.611,58.82,1,0.707,1
1772102514.628,58.82,1,0.707,1
1772102514.645,62.50,1,0.707,1
1772102514.661,58.82,1,0.707,1
1772102514.678,62.50,1,0.707,1
1772102514.695,58.82,1,0.707,1
1772102514.711,58.82,1,0.707,1
1772102514.729,58.82,1,0.707,1
1772102514.745,58.82,1,0.707,1
1772102514.761,62.50,1,0.707,1
1772102514.778,58.82,1,0.707,1
1772102514.794,62.50,1,0.707,1
1772102514.811,58.82,1,0.707,1
1772102514.828,62.50,1,0.707,1
1772102514.844,58.82,1,0.707,1
1772102514.861,58.82,1,0.707,1
1772102514.877,62.50,1,0.707,1
1772102514.895,58.82,1,0.707,1
1772102514.911,58.82,1,0.707,1
1772102514.928,62.50,1,0.707,1
1772102514.944,58.82,1,0.707,1
1772102514.960,62.50,1,0.707,1
1772102514.978,58.82,1,0.707,1
1772102514.995,55.56,1,0.707,1
1772102515.012,58.82,1,0.707,1
1772102515.029,58.82,1,0.707,1
1772102515.045,62.50,1,0.707,1
1772102515.061,62.50,1,0.707,1
1772102515.078,62.50,1,0.707,1
1772102515.095,58.82,1,0.707,1
1772102515.111,62.50,1,0.707,1
1772102515.128,55.56,1,0.707,1
1772102515.144,62.50,1,0.707,1
1772102515.161,58.82,1,0.707,1
1772102515.178,58.82,1,0.707,1
1772102515.195,62.50,1,0.707,1
1772102515.211,58.82,1,0.707,1
1772102515.227,62.50,1,0.707,1
1772102515.244,58.82,1,0.707,1
1772102515.262,58.82,1,0.707,1
1772102515.278,58.82,1,0.707,1
1772102515.295,62.50,1,0.707,1
1772102515.312,58.82,1,0.707,1
1772102515.328,58.82,1,0.707,1
1772102515.344,62.50,1,0.707,1
1772102515.361,58.82,1,0.707,1
1772102515.378,58.82,1,0.707,1
1772102515.394,62.50,1,0.707,1
1772102515.411,58.82,1,0.707,1
1772102515.428,58.82,1,0.707,1
1772102515.444,62.50,1,0.707,1
1772102515.461,58.82,1,0.707,1
1772102515.477,62.50,1,0.707,1
1772102515.495,58.82,1,0.707,1
1772102515.511,58.82,1,0.707,1
1772102515.528,62.50,1,0.707,1
1772102515.545,55.56,1,0.707,1
1772102515.562,62.50,1,0.707,1
1772102515.578,58.82,1,0.707,1
1772102515.594,62.50,1,0.707,1
1772102515.611,58.82,1,0.707,1
1772102515.628,58.82,1,0.707,1
1772102515.644,62.50,1,0.707,1
1772102515.662,58.82,1,0.707,1
1772102515.678,58.82,1,0.707,1
1772102515.694,62.50,1,0.707,1
1772102515.711,58.82,1,0.707,1
1772102515.727,62.50,1,0.707,1
1772102515.745,58.82,1,0.707,1
1772102515.761,58.82,1,0.707,1
1772102515.778,58.82,1,0.707,1
1772102515.794,62.50,1,0.707,1
1772102515.810,62.50,1,0.707,1
1772102515.828,58.82,1,0.707,1
1772102515.844,58.82,1,0.707,1
1772102515.860,62.50,1,0.707,1
1772102515.878,55.56,1,0.707,1
1772102515.895,58.82,1,0.707,1
1772102515.912,62.50,1,0.707,1
1772102515.928,58.82,1,0.707,1
1772102515.944,62.50,1,0.707,1
1772102515.961,58.82,1,0.707,1
1772102515.978,62.50,1,0.707,1
1772102515.995,58.82,1,0.707,1
1772102516.011,62.50,1,0.707,1
1772102516.029,55.56,1,0.707,1
1772102516.045,62.50,1,0.707,1
1772102516.061,58.82,1,0.707,1
1772102516.078,58.82,1,0.707,1
1772102516.094,62.50,1,0.707,1
1772102516.111,58.82,1,0.707,1
1772102516.128,58.82,1,0.707,1
1772102516.145,62.50,1,0.707,1
1772102516.162,58.82,1,0.707,1
1772102516.177,62.50,1,0.707,1
1772102516.194,58.82,1,0.707,1
1772102516.211,58.82,1,0.707,1
1772102516.228,58.82,1,0.707,1
1772102516.245,58.82,1,0.707,1
1772102516.261,62.50,1,0.707,1
1772102516.277,62.50,1,0.707,1
1772102516.294,58.82,1,0.707,1
1772102516.310,62.50,1,0.707,1
1772102516.327,58.82,1,0.707,1
1772102516.344,58.82,1,0.707,1
1772102516.362,58.82,1,0.707,1
1772102516.378,58.82,1,0.707,1
1772102516.395,58.82,1,0.707,1
1772102516.412,58.82,1,0.707,1
1772102516.428,62.50,1,0.707,1
1772102516.444,62.50,1,0.707,1
1772102516.461,58.82,1,0.707,1
1772102516.478,58.82,1,0.707,1
1772102516.495,62.50,1,0.707,1
1772102516.511,58.82,1,0.707,1
1772102516.528,62.50,1,0.707,1
1772102516.544,62.50,1,0.707,1
1772102516.560,58.82,1,0.707,1
1772102516.578,58.82,1,0.707,1
1772102516.594,58.82,1,0.707,1
1772102516.612,55.56,1,0.707,1
1772102516.628,62.50,1,0.707,1
1772102516.644,62.50,1,0.707,1
1772102516.661,58.82,1,0.707,1
1772102516.677,62.50,1,0.707,1
1772102516.694,58.82,1,0.707,1
1772102516.711,58.82,1,0.707,1
1772102516.728,58.82,1,0.707,1
1772102516.745,58.82,1,0.707,1
1772102516.761,62.50,1,0.707,1
1772102516.778,62.50,1,0.707,1
1772102516.794,58.82,1,0.707,1
1772102516.810,62.50,1,0.707,1
1772102516.828,58.82,1,0.707,1
1772102516.845,58.82,1,0.707,1
1772102516.861,58.82,1,0.707,1
1772102516.878,62.50,1,0.707,1
1772102516.894,58.82,1,0.707,1
1772102516.911,58.82,1,0.707,1
1772102516.927,62.50,1,0.707,1
1772102516.944,58.82,1,0.707,1
1772102516.960,62.50,1,0.707,1
1772102516.978,55.56,1,0.707,1
1772102516.995,62.50,1,0.707,1
1772102517.011,58.82,1,0.707,1
1772102517.028,58.82,1,0.707,1
1772102517.044,62.50,1,0.707,1
1772102517.061,58.82,1,0.707,1
1772102517.077,62.50,1,0.707,1
1772102517.094,58.82,1,0.707,1
1772102517.112,58.82,1,0.707,1
1772102517.129,55.56,1,0.707,1
1772102517.145,62.50,1,0.707,1
1772102517.161,62.50,1,0.707,1
1772102517.178,62.50,1,0.707,1
1772102517.193,62.50,1,0.707,1
1772102517.211,55.56,1,0.707,1
1772102517.227,62.50,1,0.707,1
1772102517.244,58.82,1,0.707,1
1772102517.262,55.56,1,0.707,1
1772102517.278,62.50,1,0.707,1
1772102517.294,62.50,1,0.707,1
1772102517.311,58.82,1,0.707,1
1772102517.328,58.82,1,0.707,1
1772102517.345,58.82,1,0.707,1
1772102517.361,62.50,1,0.707,1
1772102517.378,62.50,1,0.707,1
1772102517.394,58.82,1,0.707,1
1772102517.411,58.82,1,0.707,1
1772102517.428,58.82,1,0.707,1
1772102517.444,62.50,1,0.707,1
1772102517.461,58.82,1,0.707,1
1772102517.477,62.50,1,0.707,1
1772102517.494,58.82,1,0.707,1
1772102517.511,58.82,1,0.707,1
1772102517.527,62.50,1,0.707,1
1772102517.545,58.82,1,0.707,1
1772102517.561,58.82,1,0.707,1
1772102517.578,58.82,1,0.707,1
1772102517.595,62.50,1,0.707,1
1772102517.611,62.50,1,0.707,1
1772102517.628,55.56,1,0.707,1
1772102517.644,62.50,1,0.707,1
1772102517.661,58.82,1,0.707,1
1772102517.677,62.50,1,0.707,1
1772102517.695,55.56,1,0.707,1
1772102517.711,62.50,1,0.707,1
1772102517.728,58.82,1,0.707,1
1772102517.744,62.50,1,0.707,1
1772102517.761,62.50,1,0.707,1
1772102517.778,58.82,1,0.707,1
1772102517.794,58.82,1,0.707,1
1772102517.811,58.82,1,0.707,1
1772102517.828,58.82,1,0.707,1
1772102517.844,62.50,1,0.707,1
1772102517.861,58.82,1,0.707,1
1772102517.878,62.50,1,0.707,1
1772102517.894,58.82,1,0.707,1
1772102517.911,58.82,1,0.707,1
1772102517.927,62.50,1,0.707,1
1772102517.945,55.56,1,0.707,1
1772102517.962,58.82,1,0.707,1
1772102517.979,58.82,1,0.707,1
1772102517.996,58.82,1,0.707,1
1772102518.013,58.82,1,0.707,1
1772102518.029,62.50,1,0.707,1
1772102518.045,62.50,1,0.707,1
1772102518.062,62.50,1,0.707,1
1772102518.077,62.50,1,0.707,1
1772102518.095,58.82,1,0.707,1
1772102518.111,58.82,1,0.707,1
1772102518.128,62.50,1,0.707,1
1772102518.144,58.82,1,0.707,1
1772102518.161,62.50,1,0.707,1
1772102518.177,58.82,1,0.707,1
1772102518.194,58.82,1,0.707,1
1772102518.211,58.82,1,0.707,1
1772102518.228,58.82,1,0.707,1
1772102518.244,62.50,1,0.707,1
1772102518.261,58.82,1,0.707,1
1772102518.278,58.82,1,0.707,1
1772102518.295,62.50,1,0.707,1
1772102518.312,58.82,1,0.707,1
1772102518.327,62.50,1,0.707,1
1772102518.344,58.82,1,0.707,1
1772102518.361,58.82,1,0.707,1
1772102518.377,62.50,1,0.707,1
1772102518.394,58.82,1,0.707,1
1772102518.411,58.82,1,0.707,1
1772102518.428,58.82,1,0.707,1
1772102518.445,62.50,1,0.707,1
1772102518.463,52.63,1,0.707,1
1772102518.479,62.50,1,0.707,1
1772102518.496,58.82,1,0.707,1
1772102518.512,62.50,1,0.707,1
1772102518.529,62.50,1,0.707,1
1772102518.545,58.82,1,0.707,1
1772102518.562,62.50,1,0.707,1
1772102518.579,55.56,1,0.707,1
1772102518.595,62.50,1,0.707,1
1772102518.612,58.82,1,0.707,1
1772102518.629,58.82,1,0.707,1
1772102518.645,62.50,1,0.707,1
1772102518.662,58.82,1,0.707,1
1772102518.678,62.50,1,0.707,1
1772102518.695,58.82,1,0.707,1
1772102518.712,58.82,1,0.707,1
1772102518.729,58.82,1,0.707,1
1772102518.745,62.50,1,0.707,1
1772102518.762,62.50,1,0.707,1
1772102518.778,58.82,1,0.707,1
1772102518.795,58.82,1,0.707,1
1772102518.812,58.82,1,0.707,1
1772102518.829,62.50,1,0.707,1
1772102518.845,58.82,1,0.707,1
1772102518.862,58.82,1,0.707,1
1772102518.878,62.50,1,0.707,1
1772102518.895,62.50,1,0.707,1
1772102518.911,58.82,1,0.707,1
1772102518.928,58.82,1,0.707,1
1772102518.945,62.50,1,0.707,1
1772102518.962,55.56,1,0.707,1
1772102518.978,62.50,1,0.707,1
1772102518.996,58.82,1,0.707,1
1772102519.013,58.82,1,0.707,1
1772102519.030,58.82,1,0.707,1
1772102519.045,62.50,1,0.707,1
1772102519.061,62.50,1,0.707,1
1772102519.079,58.82,1,0.707,1
1772102519.095,58.82,1,0.707,1
1772102519.111,62.50,1,0.707,1
1772102519.129,55.56,1,0.707,1
1772102519.146,58.82,1,0.707,1
1772102519.163,58.82,1,0.707,1
1772102519.179,62.50,1,0.707,1
1772102519.195,62.50,1,0.707,1
1772102519.211,62.50,1,0.707,1
1772102519.228,58.82,1,0.707,1
1772102519.245,58.82,1,0.707,1
1772102519.262,58.82,1,0.707,1
1772102519.279,58.82,1,0.707,1
1772102519.295,62.50,1,0.707,1
1772102519.311,62.50,1,0.707,1
1772102519.328,62.50,1,0.707,1
1772102519.344,58.82,1,0.707,1
1772102519.360,62.50,1,0.707,1
1772102519.378,55.56,1,0.707,1
1772102519.394,62.50,1,0.707,1
1772102519.412,55.56,1,0.707,1
1772102519.428,62.50,1,0.707,1
1772102519.444,62.50,1,0.707,1
1772102519.461,58.82,1,0.707,1
1772102519.478,58.82,1,0.707,1
1772102519.494,62.50,1,0.707,1
1772102519.511,62.50,1,0.707,1
1772102519.527,58.82,1,0.707,1
1772102519.544,58.82,1,0.707,1
1772102519.561,58.82,1,0.707,1
1772102519.578,58.82,1,0.707,1
1772102519.595,58.82,1,0.707,1
1772102519.611,62.50,1,0.707,1
1772102519.627,62.50,1,0.707,1
1772102519.644,58.82,1,0.707,1
1772102519.661,58.82,1,0.707,1
1772102519.677,62.50,1,0.707,1
1772102519.695,55.56,1,0.707,1
1772102519.711,62.50,1,0.707,1
1772102519.729,58.82,1,0.707,1
1772102519.744,62.50,1,0.707,1
1772102519.761,58.82,1,0.707,1
1772102519.778,58.82,1,0.707,1
1772102519.794,62.50,1,0.707,1
1772102519.812,55.56,1,0.707,1
1772102519.828,62.50,1,0.707,1
1772102519.844,62.50,1,0.707,1
1772102519.861,58.82,1,0.707,1
1772102519.880,52.63,1,0.707,1
1772102519.896,62.50,1,0.707,1
1772102519.912,62.50,1,0.707,1
1772102519.928,62.50,1,0.707,1
1772102519.944,62.50,1,0.707,1
1772102519.960,62.50,1,0.707,1
1772102519.978,55.56,1,0.707,1
1772102519.995,58.82,1,0.707,1
1772102520.012,58.82,1,0.707,1
1772102520.029,58.82,1,0.707,1
1772102520.045,62.50,1,0.707,1
1772102520.062,62.50,1,0.707,1
1772102520.078,58.82,1,0.707,1
1772102520.094,62.50,1,0.707,1
1772102520.111,58.82,1,0.707,1
1772102520.127,62.50,1,0.707,1
1772102520.144,58.82,1,0.707,1
1772102520.161,62.50,1,0.707,1
1772102520.178,55.56,1,0.707,1
1772102520.195,58.82,1,0.707,1
1772102520.212,62.50,1,0.707,1
1772102520.228,62.50,1,0.707,1
1772102520.244,58.82,1,0.707,1
1772102520.260,62.50,1,0.707,1
1772102520.277,58.82,1,0.707,1
1772102520.294,58.82,1,0.707,1
1772102520.311,62.50,1,0.707,1
1772102520.328,58.82,1,0.707,1
1772102520.344,58.82,1,0.707,1
1772102520.361,58.82,1,0.707,1
1772102520.378,58.82,1,0.707,1
1772102520.395,62.50,1,0.707,1
1772102520.411,58.82,1,0.707,1
1772102520.436,40.00,1,0.707,1
1772102520.454,58.82,1,0.707,1
1772102520.470,58.82,1,0.707,1
1772102520.486,62.50,1,0.707,1
1772102520.502,62.50,1,0.707,1
1772102520.519,58.82,1,0.707,1
1772102520.536,62.50,1,0.707,1
1772102520.551,62.50,1,0.707,1
1772102520.574,45.45,1,0.707,1
1772102520.592,52.63,1,0.707,1
1772102520.611,52.63,1,0.707,1
1772102520.627,62.50,1,0.707,1
1772102520.644,62.50,1,0.707,1
1772102520.660,58.82,1,0.707,1
1772102520.678,58.82,1,0.707,1
1772102520.694,58.82,1,0.707,1
1772102520.711,58.82,1,0.707,1
1772102520.727,62.50,1,0.707,1
1772102520.744,58.82,1,0.707,1
1772102520.761,62.50,1,0.707,1
1772102520.778,58.82,1,0.707,1
1772102520.795,58.82,1,0.707,1
1772102520.811,58.82,1,0.707,1
1772102520.828,58.82,1,0.707,1
1772102520.844,62.50,1,0.707,1
1772102520.861,58.82,1,0.707,1
1772102520.878,58.82,1,0.707,1
1772102520.895,62.50,1,0.707,1
1772102520.911,58.82,1,0.707,1
1772102520.928,62.50,1,0.707,1
1772102520.945,55.56,1,0.707,1
1772102520.962,58.82,1,0.707,1
1772102520.979,58.82,1,0.707,1
1772102520.995,62.50,1,0.707,1
1772102521.012,62.50,1,0.707,1
1772102521.030,55.56,1,0.707,1
1772102521.045,62.50,1,0.707,1
1772102521.061,62.50,1,0.707,1
1772102521.078,62.50,1,0.707,1
1772102521.095,58.82,1,0.707,1
1772102521.111,58.82,1,0.707,1
1772102521.128,58.82,1,0.707,1
1772102521.145,58.82,1,0.707,1
1772102521.161,62.50,1,0.707,1
1772102521.178,58.82,1,0.707,1
1772102521.195,62.50,1,0.707,1
1772102521.211,58.82,1,0.707,1
1772102521.228,58.82,1,0.707,1
1772102521.245,62.50,1,0.707,1
1772102521.261,58.82,1,0.707,1
1772102521.278,58.82,1,0.707,1
1772102521.295,58.82,1,0.707,1
1772102521.313,58.82,1,0.707,1
1772102521.328,62.50,1,0.707,1
1772102521.346,58.82,1,0.707,1
1772102521.362,58.82,1,0.707,1
1772102521.379,58.82,1,0.707,1
1772102521.396,62.50,1,0.707,1
1772102521.412,58.82,1,0.707,1
1772102521.428,62.50,1,0.707,1
1772102521.445,58.82,1,0.707,1
1772102521.462,62.50,1,0.707,1
1772102521.479,58.82,1,0.707,1
1772102521.496,58.82,1,0.707,1
1772102521.512,62.50,1,0.707,1
1772102521.528,58.82,1,0.707,1
1772102521.545,58.82,1,0.707,1
1772102521.561,62.50,1,0.707,1
1772102521.579,58.82,1,0.707,1
1772102521.595,58.82,1,0.707,1
1772102521.612,58.82,1,0.707,1
1772102521.629,58.82,1,0.707,1
1772102521.646,58.82,1,0.707,1
1772102521.663,62.50,1,0.707,1
1772102521.679,62.50,1,0.707,1
1772102521.695,58.82,1,0.707,1
1772102521.712,62.50,1,0.707,1
1772102521.729,58.82,1,0.707,1
1772102521.745,58.82,1,0.707,1
1772102521.762,58.82,1,0.707,1
1772102521.779,62.50,1,0.707,1
1772102521.795,58.82,1,0.707,1
1772102521.811,62.50,1,0.707,1
1772102521.829,58.82,1,0.707,1
1772102521.845,58.82,1,0.707,1
1772102521.861,62.50,1,0.707,1
1772102521.878,58.82,1,0.707,1
1772102521.895,58.82,1,0.707,1
1772102521.911,62.50,1,0.707,1
1772102521.929,55.56,1,0.707,1
1772102521.945,62.50,1,0.707,1
1772102521.962,62.50,1,0.707,1
1772102521.979,58.82,1,0.707,1
1772102521.995,58.82,1,0.707,1
1772102522.012,58.82,1,0.707,1
1772102522.029,62.50,1,0.707,1
1772102522.045,58.82,1,0.707,1
1772102522.061,62.50,1,0.707,1
1772102522.079,55.56,1,0.707,1
1772102522.095,62.50,1,0.707,1
1772102522.112,58.82,1,0.707,1
1772102522.128,62.50,1,0.707,1
1772102522.145,62.50,1,0.707,1
1772102522.161,58.82,1,0.707,1
1772102522.178,58.82,1,0.707,1
1772102522.195,58.82,1,0.707,1
1772102522.212,58.82,1,0.707,1
1772102522.228,62.50,1,0.707,1
1772102522.244,62.50,1,0.707,1
1772102522.261,58.82,1,0.707,1
1772102522.278,58.82,1,0.707,1
1772102522.295,58.82,1,0.707,1
1772102522.311,62.50,1,0.707,1
1772102522.328,58.82,1,0.707,1
1772102522.345,62.50,1,0.707,1
1772102522.362,58.82,1,0.707,1
1772102522.379,58.82,1,0.707,1
1772102522.396,55.56,1,0.707,0
1772102522.416,50.00,1,0.707,0
1772102522.435,52.63,1,0.707,0
1772102522.454,55.56,1,0.707,0
1772102522.472,52.63,1,0.707,0
1772102522.495,43.48,1,0.707,0
1772102522.514,52.63,1,0.707,0
1772102522.534,52.63,1,0.707,0
1772102522.553,52.63,1,0.707,0
1772102522.571,52.63,1,0.707,0
1772102522.595,43.48,1,0.707,0
1772102522.614,52.63,1,0.707,0
1772102522.633,50.00,1,0.707,0
1772102522.652,55.56,1,0.707,0
1772102522.670,52.63,1,0.707,0
1772102522.689,52.63,1,0.707,0
1772102522.712,43.48,1,0.707,0
1772102522.732,52.63,1,0.707,0
1772102522.751,50.00,1,0.707,0
1772102522.770,55.56,1,0.707,0
1772102522.789,52.63,1,0.707,0
1772102522.811,43.48,1,0.707,0
1772102522.830,52.63,1,0.707,0
1772102522.849,52.63,1,0.707,0
1772102522.868,52.63,1,0.707,0
1772102522.887,55.56,1,0.707,0
1772102522.905,52.63,1,0.707,0
1772102522.928,43.48,1,0.707,0
1772102522.947,52.63,1,0.707,0
1772102522.966,52.63,1,0.707,0
1772102522.985,52.63,1,0.707,0
1772102523.004,52.63,1,0.707,0
1772102523.023,52.63,1,0.707,0
1772102523.045,45.45,1,0.707,0
1772102523.064,52.63,1,0.707,0
1772102523.083,52.63,1,0.707,0
1772102523.102,52.63,1,0.707,0
1772102523.121,55.56,1,0.707,0
1772102523.139,52.63,1,0.707,0
1772102523.162,45.45,1,0.707,0
1772102523.181,50.00,1,0.707,0
1772102523.200,52.63,1,0.707,0
1772102523.219,52.63,1,0.707,0
1772102523.238,52.63,1,0.707,0
1772102523.256,55.56,1,0.707,0
1772102523.282,40.00,1,0.707,1
1772102523.298,62.50,1,0.707,1
1772102523.314,58.82,1,0.707,1
1772102523.331,58.82,1,0.707,1
1772102523.348,58.82,1,0.707,1
1772102523.364,62.50,1,0.707,1
1772102523.380,62.50,1,0.707,1
1772102523.397,62.50,1,0.707,1
1772102523.412,62.50,1,0.707,1
1772102523.429,58.82,1,0.707,1
1772102523.446,58.82,1,0.707,1
1772102523.462,62.50,1,0.707,1
1772102523.479,62.50,1,0.707,1
1772102523.495,58.82,1,0.707,1
1772102523.511,62.50,1,0.707,1
1772102523.528,58.82,1,0.707,1
1772102523.546,58.82,1,0.707,1
1772102523.562,58.82,1,0.707,1
1772102523.579,62.50,1,0.707,1
1772102523.594,62.50,1,0.707,1
1772102523.611,58.82,1,0.707,1
1772102523.628,58.82,1,0.707,1
1772102523.645,58.82,1,0.707,1
1772102523.662,58.82,1,0.707,1
1772102523.679,62.50,1,0.707,1
1772102523.695,62.50,1,0.707,1
1772102523.711,58.82,1,0.707,1
1772102523.728,58.82,1,0.707,1
1772102523.745,58.82,1,0.707,1
1772102523.762,58.82,1,0.707,1
1772102523.779,62.50,1,0.707,1
1772102523.795,62.50,1,0.707,1
1772102523.811,58.82,1,0.707,1
1772102523.828,58.82,1,0.707,1
1772102523.845,62.50,1,0.707,1
1772102523.862,55.56,1,0.707,0
1772102523.882,52.63,1,0.707,0
1772102523.900,52.63,1,0.707,0
1772102523.919,52.63,1,0.707,0
1772102523.938,52.63,1,0.707,0
1772102523.962,43.48,1,0.707,0
1772102523.981,50.00,1,0.707,0
1772102524.000,52.63,1,0.707,0
1772102524.019,52.63,1,0.707,0
1772102524.038,52.63,1,0.707,0
1772102524.061,45.45,1,0.707,0
1772102524.079,52.63,1,0.707,0
1772102524.098,52.63,1,0.707,0
1772102524.118,52.63,1,0.707,0
1772102524.137,52.63,1,0.707,0
1772102524.155,52.63,1,0.707,0
1772102524.178,43.48,1,0.707,0
1772102524.197,52.63,1,0.707,0
1772102524.216,52.63,1,0.707,0
1772102524.235,52.63,1,0.707,0
1772102524.254,52.63,1,0.707,0
1772102524.273,55.56,1,0.707,0
1772102524.294,45.45,1,0.707,1
1772102524.311,58.82,1,0.707,1
1772102524.329,55.56,1,0.707,1
1772102524.345,62.50,1,0.707,1
1772102524.362,62.50,1,0.707,1
1772102524.378,58.82,1,0.707,1
1772102524.395,62.50,1,0.707,1
1772102524.411,58.82,1,0.707,1
1772102524.428,58.82,1,0.707,1
1772102524.446,55.56,1,0.707,1
1772102524.462,62.50,1,0.707,1
1772102524.479,62.50,1,0.707,1
1772102524.494,62.50,1,0.707,1
1772102524.511,58.82,1,0.707,1
1772102524.529,58.82,1,0.707,1
1772102524.545,62.50,1,0.707,1
1772102524.561,58.82,1,0.707,1
1772102524.579,58.82,1,0.707,1
1772102524.596,55.56,1,0.707,1
1772102524.612,62.50,1,0.707,1
1772102524.629,58.82,1,0.707,1
1772102524.646,62.50,1,0.707,1
1772102524.662,62.50,1,0.707,1
1772102524.679,55.56,1,0.707,1
1772102524.695,62.50,1,0.707,1
1772102524.712,58.82,1,0.707,1
1772102524.729,58.82,1,0.707,1
1772102524.746,62.50,1,0.707,1
1772102524.763,58.82,1,0.707,1
1772102524.779,58.82,1,0.707,1
1772102524.795,62.50,1,0.707,1
1772102524.811,62.50,1,0.707,1
1772102524.827,62.50,1,0.707,1
1772102524.845,58.82,1,0.707,1
1772102524.861,58.82,1,0.707,1
1772102524.878,58.82,1,0.707,1
1772102524.895,58.82,1,0.707,1
1772102524.912,58.82,1,0.707,1
1772102524.928,62.50,1,0.707,1
1772102524.945,58.82,1,0.707,1
1772102524.962,62.50,1,0.707,1
1772102524.978,58.82,1,0.707,1
1772102524.995,58.82,1,0.707,1
1772102525.011,62.50,1,0.707,1
1772102525.029,58.82,1,0.707,1
1772102525.046,58.82,1,0.707,1
1772102525.062,58.82,1,0.707,1
1772102525.078,62.50,1,0.707,1
1772102525.094,62.50,1,0.707,1
1772102525.111,58.82,1,0.707,1
1772102525.128,62.50,1,0.707,1
1772102525.144,58.82,1,0.707,1
1772102525.162,55.56,1,0.707,1
1772102525.179,62.50,1,0.707,1
1772102525.195,58.82,1,0.707,1
1772102525.211,62.50,1,0.707,1
1772102525.228,58.82,1,0.707,1
1772102525.244,62.50,1,0.707,1
1772102525.261,58.82,1,0.707,1
1772102525.278,58.82,1,0.707,1
1772102525.295,58.82,1,0.707,1
1772102525.312,62.50,1,0.707,1
1772102525.328,58.82,1,0.707,1
1772102525.344,62.50,1,0.707,1
1772102525.361,58.82,1,0.707,1
1772102525.378,58.82,1,0.707,1
1772102525.395,58.82,1,0.707,1
1772102525.412,58.82,1,0.707,1
1772102525.429,58.82,1,0.707,1
1772102525.446,62.50,1,0.707,1
1772102525.461,62.50,1,0.707,1
1772102525.478,58.82,1,0.707,1
1772102525.495,62.50,1,0.707,1
1772102525.512,58.82,1,0.707,1
1772102525.529,58.82,1,0.707,1
1772102525.545,62.50,1,0.707,1
1772102525.561,58.82,1,0.707,1
1772102525.578,58.82,1,0.707,1
1772102525.594,62.50,1,0.707,1
1772102525.612,55.56,1,0.707,1
1772102525.628,62.50,1,0.707,1
1772102525.644,62.50,1,0.707,1
1772102525.661,58.82,1,0.707,1
1772102525.678,58.82,1,0.707,1
1772102525.695,62.50,1,0.707,1
1772102525.712,55.56,1,0.707,1
1772102525.729,62.50,1,0.707,1
1772102525.745,58.82,1,0.707,1
1772102525.761,62.50,1,0.707,1
1772102525.778,58.82,1,0.707,1
1772102525.796,55.56,1,0.707,1
1772102525.813,62.50,1,0.707,1
1772102525.829,58.82,1,0.707,1
1772102525.846,62.50,1,0.707,1
1772102525.861,62.50,1,0.707,1
1772102525.878,58.82,1,0.707,1
1772102525.894,62.50,1,0.707,1
1772102525.911,58.82,1,0.707,1
1772102525.929,55.56,1,0.707,1
1772102525.945,62.50,1,0.707,1
1772102525.961,62.50,1,0.707,1
1772102525.977,62.50,1,0.707,1
1772102525.994,58.82,1,0.707,1
1772102526.011,58.82,1,0.707,1
1772102526.029,58.82,1,0.707,1
1772102526.046,55.56,1,0.707,1
1772102526.063,62.50,1,0.707,1
1772102526.079,62.50,1,0.707,1
1772102526.095,62.50,1,0.707,1
1772102526.111,58.82,1,0.707,1
1772102526.128,58.82,1,0.707,1
1772102526.145,58.82,1,0.707,1
1772102526.162,58.82,1,0.707,1
1772102526.178,62.50,1,0.707,1
1772102526.195,58.82,1,0.707,1
1772102526.212,58.82,1,0.707,1
1772102526.228,62.50,1,0.707,1
1772102526.245,58.82,1,0.707,1
1772102526.261,62.50,1,0.707,1
1772102526.278,58.82,1,0.707,1
1772102526.295,58.82,1,0.707,1
1772102526.313,58.82,1,0.707,1
1772102526.329,62.50,1,0.707,1
1772102526.344,62.50,1,0.707,1
1772102526.361,58.82,1,0.707,1
1772102526.378,58.82,1,0.707,1
1772102526.395,62.50,1,0.707,1
1772102526.411,58.82,1,0.707,1
1772102526.429,58.82,1,0.707,1
1772102526.445,58.82,1,0.707,1
1772102526.462,58.82,1,0.707,1
1772102526.478,62.50,1,0.707,1
1772102526.494,62.50,1,0.707,1
1772102526.511,58.82,1,0.707,1
1772102526.528,58.82,1,0.707,1
1772102526.545,62.50,1,0.707,1
1772102526.562,58.82,1,0.707,1
1772102526.579,55.56,1,0.707,1
1772102526.595,62.50,1,0.707,1
1772102526.611,62.50,1,0.707,1
1772102526.628,58.82,1,0.707,1
1772102526.645,62.50,1,0.707,1
1772102526.661,58.82,1,0.707,1
1772102526.678,58.82,1,0.707,1
1772102526.695,58.82,1,0.707,1
1772102526.712,58.82,1,0.707,1
1772102526.729,58.82,1,0.707,1
1772102526.746,62.50,1,0.707,1
1772102526.762,62.50,1,0.707,1
1772102526.778,58.82,1,0.707,1
1772102526.795,58.82,1,0.707,1
1772102526.812,58.82,1,0.707,1
1772102526.829,58.82,1,0.707,1
1772102526.845,62.50,1,0.707,1
1772102526.862,62.50,1,0.707,1
1772102526.879,58.82,1,0.707,1
1772102526.895,58.82,1,0.707,1
1772102526.911,62.50,1,0.707,1
1772102526.928,58.82,1,0.707,1
1772102526.945,62.50,1,0.707,1
1772102526.961,58.82,1,0.707,1
1772102526.978,58.82,1,0.707,1
1772102526.996,55.56,1,0.707,1
1772102527.012,62.50,1,0.707,1
1772102527.029,62.50,1,0.707,1
1772102527.045,62.50,1,0.707,1
1772102527.061,58.82,1,0.707,1
1772102527.078,62.50,1,0.707,1
1772102527.095,58.82,1,0.707,1
1772102527.111,58.82,1,0.707,1
1772102527.128,58.82,1,0.707,1
1772102527.146,55.56,1,0.707,1
1772102527.162,62.50,1,0.707,1
1772102527.179,62.50,1,0.707,1
1772102527.196,58.82,1,0.707,1
1772102527.211,62.50,1,0.707,1
1772102527.228,58.82,1,0.707,1
1772102527.245,62.50,1,0.707,1
1772102527.264,52.63,1,0.707,1
1772102527.297,29.41,1,0.707,1
1772102527.315,58.82,1,0.707,1
1772102527.331,58.82,1,0.707,1
1772102527.347,62.50,1,0.707,1
1772102527.363,62.50,1,0.707,1
1772102527.379,62.50,1,0.707,1
1772102527.395,62.50,1,0.707,1
1772102527.414,52.63,1,0.707,1
1772102527.430,62.50,1,0.707,1
1772102527.447,58.82,1,0.707,1
1772102527.463,62.50,1,0.707,1
1772102527.480,58.82,1,0.707,1
1772102527.496,62.50,1,0.707,1
1772102527.513,58.82,1,0.707,1
1772102527.529,62.50,1,0.707,1
1772102527.546,62.50,1,0.707,1
1772102527.562,62.50,1,0.707,1
1772102527.577,62.50,1,0.707,1
1772102527.593,62.50,1,0.707,1
1772102527.609,62.50,1,0.707,1
1772102527.626,58.82,1,0.707,1
1772102527.643,58.82,1,0.707,1
1772102527.660,58.82,1,0.707,1
1772102527.676,62.50,1,0.707,1
1772102527.692,62.50,1,0.707,1
1772102527.710,55.56,1,0.707,1
1772102527.726,62.50,1,0.707,1
1772102527.743,58.82,1,0.707,1
1772102527.759,62.50,1,0.707,1
1772102527.777,58.82,1,0.707,1
1772102527.792,62.50,1,0.707,1
1772102527.810,55.56,1,0.707,1
1772102527.826,62.50,1,0.707,1
1772102527.843,58.82,1,0.707,1
1772102527.859,62.50,1,0.707,1
1772102527.877,58.82,1,0.707,1
1772102527.893,58.82,1,0.707,1
1772102527.910,58.82,1,0.707,1
1772102527.927,58.82,1,0.707,1
1772102527.943,62.50,1,0.707,1
1772102527.960,62.50,1,0.707,1
1772102527.976,58.82,1,0.707,1
1772102527.992,62.50,1,0.707,1
1772102528.010,58.82,1,0.707,1
1772102528.026,62.50,1,0.707,1
1772102528.044,52.63,1,0.707,1
1772102528.061,58.82,1,0.707,1
1772102528.077,62.50,1,0.707,1
1772102528.093,62.50,1,0.707,1
1772102528.110,58.82,1,0.707,1
1772102528.126,62.50,1,0.707,1
1772102528.143,58.82,1,0.707,1
1772102528.159,62.50,1,0.707,1
1772102528.176,58.82,1,0.707,1
1772102528.192,62.50,1,0.707,1
1772102528.210,55.56,1,0.707,1
1772102528.226,62.50,1,0.707,1
1772102528.243,58.82,1,0.707,1
1772102528.259,62.50,1,0.707,1
1772102528.275,62.50,1,0.707,1
1772102528.292,62.50,1,0.707,1
1772102528.307,62.50,1,0.707,1
1772102528.323,62.50,1,0.707,1
1772102528.339,62.50,1,0.707,1
1772102528.356,58.82,1,0.707,1
1772102528.373,58.82,1,0.707,1
1772102528.390,62.50,1,0.707,1
1772102528.406,58.82,1,0.707,1
1772102528.423,58.82,1,0.707,1
1772102528.440,58.82,1,0.707,1
1772102528.461,47.62,1,0.707,1
1772102528.479,55.56,1,0.707,1
1772102528.497,55.56,1,0.707,1
1772102528.515,58.82,1,0.707,1
1772102528.532,55.56,1,0.707,1
1772102528.550,58.82,1,0.707,1
1772102528.567,58.82,1,0.707,1
1772102528.583,58.82,1,0.707,1
1772102528.599,62.50,1,0.707,1
1772102528.615,62.50,1,0.707,1
1772102528.632,62.50,1,0.707,1
1772102528.649,58.82,1,0.707,1
1772102528.665,58.82,1,0.707,1
1772102528.682,62.50,1,0.707,1
1772102528.698,58.82,1,0.707,1
1772102528.715,62.50,1,0.707,1
1772102528.730,62.50,1,0.707,1
1772102528.746,62.50,1,0.707,1
1772102528.763,62.50,1,0.707,1
1772102528.778,62.50,1,0.707,1
1772102528.794,62.50,1,0.707,1
1772102528.810,62.50,1,0.707,1
1772102528.827,62.50,1,0.707,1
1772102528.843,62.50,1,0.707,1
1772102528.859,58.82,1,0.707,1
1772102528.876,58.82,1,0.707,1
1772102528.892,62.50,1,0.707,1
1772102528.908,62.50,1,0.707,1
1772102528.924,62.50,1,0.707,1
1772102528.941,62.50,1,0.707,1
1772102528.957,58.82,1,0.707,1
1772102528.975,55.56,1,0.707,1
1772102528.992,58.82,1,0.707,1
1772102529.008,62.50,1,0.707,1
1772102529.024,62.50,1,0.707,1
1772102529.041,58.82,1,0.707,1
1772102529.058,58.82,1,0.707,1
1772102529.075,62.50,1,0.707,1
